time_pst,qc_pco2_water,qc_pco2_air,p_co2_in_water_ppm,p_co2_in_air_ppm
2023-08-15T03:00:00Z,0,0,292.96173,423.63705
2023-08-15T06:00:00Z,0,0,428.70242,426.95657
2023-08-15T09:00:00Z,0,0,470.66724,502.41983
2023-08-15T12:00:00Z,0,0,400.2624,516.9845
2023-08-15T15:00:00Z,0,0,435.01895,452.71017
2023-08-15T18:00:00Z,0,0,375.3521,416.58118
2023-08-15T21:00:00Z,0,0,533.7932,420.52692
2023-08-16T00:00:00Z,0,0,406.75223,416.1848
2023-08-16T03:00:00Z,0,0,241.92743,423.70728
2023-08-16T06:00:00Z,0,0,362.6,428.79224
2023-08-16T09:00:00Z,0,0,568.9278,445.9955
2023-08-16T12:00:00Z,0,0,416.3457,460.2119
2023-08-16T15:00:00Z,0,0,371.75497,461.95483
2023-08-16T18:00:00Z,0,0,372.53137,419.3619
2023-08-16T21:00:00Z,0,0,486.56967,418.77054
2023-08-17T00:00:00Z,0,0,587.2707,415.57758
2023-08-17T03:00:00Z,0,0,321.42294,420.09384
2023-08-17T06:00:00Z,0,0,406.8038,429.56705
2023-08-17T09:00:00Z,0,0,685.45654,425.12775
2023-08-17T12:00:00Z,0,0,252.87326,487.24466
2023-08-17T15:00:00Z,0,0,386.2421,474.41986000000003
2023-08-17T18:00:00Z,0,0,423.59622,431.07086
2023-08-17T21:00:00Z,0,0,477.63333,428.06534
2023-08-18T00:00:00Z,0,0,572.75806,413.37534
2023-08-18T03:00:00Z,0,0,520.51416,418.93674
2023-08-18T06:00:00Z,0,0,576.8381,414.21378
2023-08-18T09:00:00Z,0,0,613.91345,430.48932
2023-08-18T12:00:00Z,0,0,526.6593,417.04742
2023-08-18T15:00:00Z,0,0,528.10443,413.8773
2023-08-18T18:00:00Z,0,0,432.80087,413.10812
2023-08-18T21:00:00Z,0,0,538.9384,411.2579
2023-08-19T00:00:00Z,0,0,564.515,409.16913
2023-08-19T03:00:00Z,0,0,501.439,412.96725
2023-08-19T06:00:00Z,0,0,538.8007,443.27515
2023-08-19T09:00:00Z,0,0,743.7693,442.7678
2023-08-19T12:00:00Z,0,0,643.034,462.84412
2023-08-19T15:00:00Z,0,0,373.88602,421.4381
2023-08-19T18:00:00Z,0,0,381.44055,410.1543
2023-08-19T21:00:00Z,0,0,483.36395,406.86633
2023-08-20T00:00:00Z,0,0,539.48346,406.8005
2023-08-20T03:00:00Z,0,0,489.61673,415.0355
2023-08-20T06:00:00Z,0,0,520.2,442.8607
2023-08-20T09:00:00Z,0,0,594.5441,459.28568
2023-08-20T12:00:00Z,0,0,650.20776,471.08572
2023-08-20T15:00:00Z,0,0,332.9036,435.0157
2023-08-20T18:00:00Z,0,0,289.92932,408.0202
2023-08-20T21:00:00Z,0,0,400.10394,410.54935
2023-08-21T00:00:00Z,0,0,568.7845,407.9612
2023-08-21T03:00:00Z,0,0,323.65778,417.82465
2023-08-21T06:00:00Z,0,0,383.53812,452.12274
2023-08-21T09:00:00Z,0,0,489.7555,420.7457
2023-08-21T12:00:00Z,0,0,640.5897,421.52707
2023-08-21T15:00:00Z,0,0,346.25623,420.76587
2023-08-21T18:00:00Z,0,0,362.30667,407.88016
2023-08-21T21:00:00Z,0,0,353.19226,404.6164
2023-08-22T00:00:00Z,0,0,628.8461,407.68237
2023-08-22T03:00:00Z,0,0,607.105,409.5007
2023-08-22T06:00:00Z,0,0,622.96045,412.39124
2023-08-22T09:00:00Z,0,0,537.7574,424.455
2023-08-22T12:00:00Z,0,0,634.5938,429.66364
2023-08-22T15:00:00Z,0,0,668.8867,422.07983
2023-08-22T18:00:00Z,0,0,383.62982,415.21915
2023-08-22T21:00:00Z,0,0,267.8964,411.5624
2023-08-23T00:00:00Z,0,0,597.5221,412.0307
2023-08-23T03:00:00Z,0,0,370.88324,414.40048
2023-08-23T06:00:00Z,0,0,549.2247,418.54742
2023-08-23T09:00:00Z,0,0,585.4833,427.0505
2023-08-23T12:00:00Z,0,0,643.60345,441.6922
2023-08-23T15:00:00Z,0,0,670.4075,435.44913
2023-08-23T18:00:00Z,0,0,445.77432,417.8338
2023-08-23T21:00:00Z,0,0,300.17755,411.3166
2023-08-24T00:00:00Z,0,0,501.6038,406.4402
2023-08-24T03:00:00Z,0,0,363.1455,410.42722
2023-08-24T06:00:00Z,0,0,526.745,437.72275
2023-08-24T09:00:00Z,0,0,515.2522,440.4459
2023-08-24T12:00:00Z,0,0,548.04333,437.17462
2023-08-24T15:00:00Z,0,0,642.99866,434.27966
2023-08-24T18:00:00Z,0,0,504.43414,417.98862
2023-08-24T21:00:00Z,0,0,425.18774,416.8031
2023-08-25T00:00:00Z,0,0,386.40018,409.2767
2023-08-25T03:00:00Z,0,0,446.3198,420.87106
2023-08-25T06:00:00Z,0,0,419.24033,434.2038
2023-08-25T09:00:00Z,0,0,497.28674,497.4862
2023-08-25T12:00:00Z,0,0,451.3617,445.16672
2023-08-25T15:00:00Z,0,0,619.8578,433.4474
2023-08-25T18:00:00Z,0,0,516.1969,415.00238
2023-08-25T21:00:00Z,0,0,519.1426,418.41742
2023-08-26T00:00:00Z,0,0,392.53934,423.93274
2023-08-26T03:00:00Z,0,0,445.12692,423.85812
2023-08-26T06:00:00Z,0,0,499.00378,441.77432
2023-08-26T09:00:00Z,0,0,486.75226,485.48602
2023-08-26T12:00:00Z,0,0,531.7716,519.0048
2023-08-26T15:00:00Z,0,0,544.75995,453.51846
2023-08-26T18:00:00Z,0,0,508.6086,426.88123
2023-08-26T21:00:00Z,0,0,466.9879,425.52658
2023-08-27T00:00:00Z,0,0,218.26222,417.53378
2023-08-27T03:00:00Z,0,0,419.9557,427.24915
2023-08-27T06:00:00Z,0,0,244.49171,442.3741
2023-08-27T09:00:00Z,0,0,360.21967,539.16345
2023-08-27T12:00:00Z,0,0,415.92706,455.04083
2023-08-27T15:00:00Z,0,0,390.93845,464.8688
2023-08-27T18:00:00Z,0,0,552.9183,421.63483
2023-08-27T21:00:00Z,0,0,472.74036,415.65982
2023-08-28T00:00:00Z,0,0,404.90207,415.67932
2023-08-28T03:00:00Z,0,0,366.49054,415.62326
2023-08-28T06:00:00Z,0,0,442.24002,422.4386
2023-08-28T09:00:00Z,0,0,332.61328,429.7176
2023-08-28T12:00:00Z,0,0,440.42795,427.99954
2023-08-28T15:00:00Z,0,0,395.1243,422.79636
2023-08-28T18:00:00Z,0,0,560.4781,418.9543
2023-08-28T21:00:00Z,0,0,539.8702,418.2424
2023-08-29T00:00:00Z,0,0,256.6257,416.65155
2023-08-29T03:00:00Z,0,0,271.53812,419.64948
2023-08-29T06:00:00Z,0,0,518.12036,416.64896
2023-08-29T09:00:00Z,0,0,184.84277,428.47308
2023-08-29T12:00:00Z,0,0,255.70897,429.37537
2023-08-29T15:00:00Z,0,0,445.13535,422.16806
2023-08-29T18:00:00Z,0,0,538.85516,417.6745
2023-08-29T21:00:00Z,0,0,739.1804,409.25397
2023-08-30T00:00:00Z,0,0,218.86137,410.37967
2023-08-30T03:00:00Z,0,0,291.32297,411.45828
2023-08-30T06:00:00Z,0,0,512.14795,427.94107
2023-08-30T09:00:00Z,0,0,788.89795,452.98984
2023-08-30T12:00:00Z,0,0,377.4976,451.23328
2023-08-30T15:00:00Z,0,0,547.41705,433.12137
2023-08-30T18:00:00Z,0,0,535.7804,412.8059
2023-08-30T21:00:00Z,0,0,681.799,415.76398
2023-08-31T00:00:00Z,0,0,328.71585,411.45428
2023-08-31T03:00:00Z,0,0,243.21466,411.86276
2023-08-31T06:00:00Z,0,0,447.7324,440.87637
2023-08-31T09:00:00Z,0,0,848.9547,440.44412
2023-08-31T12:00:00Z,0,0,357.00812,428.63965
2023-08-31T15:00:00Z,0,0,427.88068,419.68793
2023-08-31T18:00:00Z,0,0,511.20657,419.12982
2023-08-31T21:00:00Z,0,0,665.1965,427.1002
2023-09-01T00:00:00Z,0,0,739.89276,413.35876
2023-09-01T03:00:00Z,0,0,519.82806,421.89548
2023-09-01T06:00:00Z,0,0,662.1803,436.0105
2023-09-01T09:00:00Z,0,0,870.0592,451.33395
2023-09-01T12:00:00Z,0,0,425.60257,450.4
2023-09-01T15:00:00Z,0,0,612.2047,449.6169
2023-09-01T18:00:00Z,0,0,583.1912,413.73
2023-09-01T21:00:00Z,0,0,706.73755,421.0024
2023-09-02T00:00:00Z,0,0,795.9356,415.83105
2023-09-02T03:00:00Z,0,0,353.7593,437.36417
2023-09-02T06:00:00Z,0,0,506.27704,431.79175
2023-09-02T09:00:00Z,0,0,873.72455,465.04517
2023-09-02T12:00:00Z,0,0,890.0122,512.711
2023-09-02T15:00:00Z,0,0,440.2121,454.97296
2023-09-02T18:00:00Z,0,0,471.98624,421.875
2023-09-02T21:00:00Z,0,0,779.31006,425.63846
2023-09-03T00:00:00Z,0,0,817.23755,420.92517
2023-09-03T03:00:00Z,0,0,509.93744,429.0219
2023-09-03T06:00:00Z,0,0,358.56448,436.98
2023-09-03T09:00:00Z,0,0,810.0515,456.5783
2023-09-03T12:00:00Z,0,0,899.3781,539.7702
2023-09-03T15:00:00Z,0,0,431.60394,462.36792
2023-09-03T18:00:00Z,0,0,341.41107,434.20728
2023-09-03T21:00:00Z,0,0,732.6449,419.12085
2023-09-04T00:00:00Z,0,0,834.51996,408.26376
2023-09-04T03:00:00Z,0,0,598.9355,411.23828
2023-09-04T06:00:00Z,0,0,365.78485,412.4795
2023-09-05T09:00:00Z,0,0,469.65085,414.97604
2023-09-05T12:00:00Z,0,0,804.91724,417.6295
2023-09-05T15:00:00Z,0,0,908.9041,419.1443
2023-09-05T18:00:00Z,0,0,306.73798,413.76895
2023-09-05T21:00:00Z,0,0,259.77844,414.86035
2023-09-06T00:00:00Z,0,0,713.5391,414.6055
2023-09-06T03:00:00Z,0,0,281.8819,421.23364
2023-09-06T06:00:00Z,0,0,355.92413,425.82516
2023-09-06T09:00:00Z,0,0,631.97345,431.13104
2023-09-06T12:00:00Z,0,0,752.3491,435.30154
2023-09-06T15:00:00Z,0,0,920.33,440.74414
2023-09-06T18:00:00Z,0,0,888.36383,430.52917
2023-09-06T21:00:00Z,0,0,263.95624,408.80377
2023-09-07T00:00:00Z,0,0,389.08566,408.91605
2023-09-07T03:00:00Z,0,0,541.9229,412.71564
2023-09-07T06:00:00Z,0,0,500.8929,421.03192
2023-09-07T09:00:00Z,0,0,609.2068,438.9595
2023-09-07T12:00:00Z,0,0,682.3897,424.53397
2023-09-07T15:00:00Z,0,0,861.8134,427.0152
2023-09-07T18:00:00Z,0,0,829.14026,418.51138
2023-09-07T21:00:00Z,0,0,282.1036,417.47775
2023-09-08T00:00:00Z,0,0,273.25827,478.07056
2023-09-08T03:00:00Z,0,0,377.73706,418.58124
2023-09-08T06:00:00Z,0,0,325.42844,422.65915
2023-09-08T09:00:00Z,0,0,523.0341,430.80414
2023-09-08T12:00:00Z,0,0,725.0582,439.36203
2023-09-08T15:00:00Z,0,0,882.733,435.62622
2023-09-08T18:00:00Z,0,0,862.9862,423.09515
2023-09-08T21:00:00Z,0,0,787.1779,417.80658
2023-09-09T00:00:00Z,0,0,236.06569,416.96863
2023-09-09T03:00:00Z,0,0,295.3614,418.01486
2023-09-09T06:00:00Z,0,0,345.57947,433.9069
2023-09-09T09:00:00Z,0,0,473.65417,479.2112
2023-09-09T12:00:00Z,0,0,694.50696,441.9453
2023-09-09T15:00:00Z,0,0,568.3026,449.58087
2023-09-09T18:00:00Z,0,0,802.32465,430.2738
2023-09-09T21:00:00Z,0,0,675.63873,429.71945
2023-09-10T00:00:00Z,0,0,223.25536,420.80896
2023-09-10T03:00:00Z,0,0,315.71848,428.8772
2023-09-10T06:00:00Z,0,0,375.3393,444.02792
2023-09-10T09:00:00Z,0,0,414.1876,467.39606
2023-09-10T12:00:00Z,0,0,582.87634,495.82346
2023-09-10T15:00:00Z,0,0,393.17776,455.06314
2023-09-10T18:00:00Z,0,0,756.0482,446.00247
2023-09-10T21:00:00Z,0,0,746.1407,422.31964
2023-09-11T00:00:00Z,0,0,208.94086,406.68
2023-09-11T03:00:00Z,0,0,269.69656,423.73965
2023-09-11T06:00:00Z,0,0,539.3153,437.61862
2023-09-11T09:00:00Z,0,0,550.9586,433.82968
2023-09-11T12:00:00Z,0,0,492.06708,441.8057
2023-09-11T15:00:00Z,0,0,633.9655,445.6643
2023-09-11T18:00:00Z,0,0,784.84827,417.2791
2023-09-11T21:00:00Z,0,0,761.61725,407.6771
2023-09-12T00:00:00Z,0,0,163.22397,411.24088
2023-09-12T03:00:00Z,0,0,248.8324,419.7283
2023-09-12T06:00:00Z,0,0,476.8655,420.0762
2023-09-12T09:00:00Z,0,0,234.4543,452.47037
2023-09-12T12:00:00Z,0,0,533.0493,450.76227
2023-09-12T15:00:00Z,0,0,635.59094,449.66345
2023-09-12T18:00:00Z,0,0,699.3262,431.7174
2023-09-12T21:00:00Z,0,0,849.0567,422.404
2023-09-13T00:00:00Z,0,0,298.9312,420.02188
2023-09-13T03:00:00Z,0,0,421.14276,423.25
2023-09-13T06:00:00Z,0,0,561.40967,428.77292
2023-09-13T09:00:00Z,0,0,770.5414,439.6336
2023-09-13T12:00:00Z,0,0,695.50073,443.6643
2023-09-13T15:00:00Z,0,0,642.0518,448.86002
2023-09-13T18:00:00Z,0,0,634.19293,428.57843
2023-09-13T21:00:00Z,0,0,812.6233,428.28397
2023-09-14T00:00:00Z,0,0,283.1312,417.04294
2023-09-14T03:00:00Z,0,0,371.8803,423.06192
2023-09-14T06:00:00Z,0,0,586.3731,431.89206
2023-09-14T09:00:00Z,0,0,788.93964,445.06586
2023-09-14T12:00:00Z,0,0,579.7192,454.68518
2023-09-14T15:00:00Z,0,0,442.01102,438.59467
2023-09-14T18:00:00Z,0,0,441.97968,429.36157
2023-09-14T21:00:00Z,0,0,790.4354,426.1612
2023-09-15T00:00:00Z,0,0,428.68915,422.74966
2023-09-15T03:00:00Z,0,0,478.26602,450.6833
2023-09-15T06:00:00Z,0,0,549.04034,465.02325
2023-09-15T09:00:00Z,0,0,940.5945,472.43362
2023-09-15T12:00:00Z,0,0,585.86597,477.161
2023-09-15T15:00:00Z,0,0,526.63776,446.89948
2023-09-15T18:00:00Z,0,0,424.94003,444.14532
2023-09-15T21:00:00Z,0,0,780.4087,440.8848
2023-09-16T00:00:00Z,0,0,343.32675,416.44226
2023-09-16T03:00:00Z,0,0,508.78723,423.17603
2023-09-16T06:00:00Z,0,0,466.0362,431.814
2023-09-16T09:00:00Z,0,0,909.2014,444.1131
2023-09-16T12:00:00Z,0,0,641.3162,451.90237
2023-09-16T15:00:00Z,0,0,550.8157,450.77466
2023-09-16T18:00:00Z,0,0,462.49536,420.44827
2023-09-16T21:00:00Z,0,0,819.32764,409.05362
2023-09-17T00:00:00Z,0,0,872.68207,411.96515
2023-09-17T03:00:00Z,0,0,636.8691,411.78897
2023-09-17T06:00:00Z,0,0,531.76624,414.92688
2023-09-17T09:00:00Z,0,0,869.0031,430.25858
2023-09-17T12:00:00Z,0,0,921.5695,426.88223
2023-09-17T15:00:00Z,0,0,679.75653,424.35257
2023-09-17T18:00:00Z,0,0,529.03174,412.12537
2023-09-17T21:00:00Z,0,0,785.1905,411.8719
2023-09-18T00:00:00Z,0,0,861.7441,415.2531
2023-09-18T03:00:00Z,0,0,275.3843,418.08206
2023-09-18T06:00:00Z,0,0,330.71497,430.29193
2023-09-18T09:00:00Z,0,0,786.0059,414.3569
2023-09-18T12:00:00Z,0,0,930.90497,414.7117
2023-09-18T15:00:00Z,0,0,853.60944,415.88293
2023-09-18T18:00:00Z,0,0,551.48755,410.6838
2023-09-18T21:00:00Z,0,0,696.4017,411.60898
2023-09-19T00:00:00Z,0,0,760.7877,414.09583
2023-09-19T03:00:00Z,0,0,732.1547,414.72794
2023-09-19T06:00:00Z,0,0,703.0015,427.1424
2023-09-19T09:00:00Z,0,0,750.0515,417.3642
2023-09-19T12:00:00Z,0,0,893.1198,428.45862
2023-09-19T15:00:00Z,0,0,556.64185,425.30432
2023-09-19T18:00:00Z,0,0,407.245,413.42606
2023-09-19T21:00:00Z,0,0,408.49054,416.64362
2023-09-20T00:00:00Z,0,0,859.23883,412.18808
2023-09-20T03:00:00Z,0,0,474.10568,414.78604
2023-09-20T06:00:00Z,0,0,596.5241,420.61533
2023-09-20T09:00:00Z,0,0,650.1942,416.5788
2023-09-20T12:00:00Z,0,0,875.86707,423.78845
2023-09-20T15:00:00Z,0,0,873.0293,420.57617
2023-09-20T18:00:00Z,0,0,750.5428,413.45435
2023-09-20T21:00:00Z,0,0,416.2322,415.2112
2023-09-21T00:00:00Z,0,0,729.6166,416.3552
2023-09-21T03:00:00Z,0,0,368.6807,434.45673
2023-09-21T06:00:00Z,0,0,642.00653,431.8888
2023-09-21T09:00:00Z,0,0,708.2326,432.29413
2023-09-21T12:00:00Z,0,0,842.9223,436.2216
2023-09-21T15:00:00Z,0,0,848.4719,441.21585
2023-09-21T18:00:00Z,0,0,721.04333,413.0195
2023-09-21T21:00:00Z,0,0,333.70798,417.35916
2023-09-22T00:00:00Z,0,0,629.04144,416.95844
2023-09-22T03:00:00Z,0,0,277.32,461.75464
2023-09-22T06:00:00Z,0,0,545.4664,444.83926
2023-09-22T09:00:00Z,0,0,607.42786,477.3552
2023-09-22T12:00:00Z,0,0,676.65015,445.15552
2023-09-22T15:00:00Z,0,0,866.4223,446.0548
2023-09-22T18:00:00Z,0,0,788.8164,432.53345
2023-09-22T21:00:00Z,0,0,248.73688,438.01517
2023-09-23T00:00:00Z,0,0,400.0514,438.42123
2023-09-23T03:00:00Z,0,0,252.67639,445.8817
2023-09-23T06:00:00Z,0,0,364.17728,475.45502
2023-09-23T09:00:00Z,0,0,613.39014,466.13516
2023-09-23T12:00:00Z,0,0,650.90186,430.16638
2023-09-23T15:00:00Z,0,0,933.1386,432.3542
2023-09-23T18:00:00Z,0,0,876.21204,425.19568
2023-09-23T21:00:00Z,0,0,189.6445,424.16867
2023-09-24T00:00:00Z,0,0,172.14258,419.21
2023-09-24T03:00:00Z,0,0,187.46190000000001,426.66827
2023-09-24T06:00:00Z,0,0,193.01398,430.55203
2023-09-24T09:00:00Z,0,0,424.89862,477.53812
2023-09-24T12:00:00Z,0,0,545.95966,441.25345
2023-09-24T15:00:00Z,0,0,868.1126,474.2074
2023-09-24T18:00:00Z,0,0,927.1337,418.67242
2023-09-24T21:00:00Z,0,0,735.57983,413.07596
2023-09-25T00:00:00Z,0,0,321.19037,413.1169
2023-09-25T03:00:00Z,0,0,314.71466,415.67963
2023-09-25T06:00:00Z,0,0,386.91965,419.48898
2023-09-25T09:00:00Z,0,0,401.78687,420.8181
2023-09-25T12:00:00Z,0,0,413.24414,420.775
2023-09-25T15:00:00Z,0,0,637.84534,418.6
2023-09-25T18:00:00Z,0,0,902.47107,417.98068
2023-09-25T21:00:00Z,0,0,946.1245,416.45984
2023-09-26T00:00:00Z,0,0,490.3038,419.76306
2023-09-26T03:00:00Z,0,0,524.7869,422.0248
2023-09-26T06:00:00Z,0,0,479.6867,421.92328
2023-09-26T09:00:00Z,0,0,543.5236,434.14554
2023-09-26T12:00:00Z,0,0,625.35706,459.48038
2023-09-26T15:00:00Z,0,0,662.08484,451.71463
2023-09-26T18:00:00Z,0,0,890.2558,433.0374
2023-09-26T21:00:00Z,0,0,863.9002,424.27222
2023-09-27T00:00:00Z,0,0,361.98398,430.80435
2023-09-27T03:00:00Z,0,0,377.6388,415.24377
2023-09-27T06:00:00Z,0,0,711.54205,417.74515
2023-09-27T09:00:00Z,0,0,459.10257,421.17987
2023-09-27T12:00:00Z,0,0,552.3372,421.61206
2023-09-27T15:00:00Z,0,0,593.6578,429.06845
2023-09-27T18:00:00Z,0,0,928.54645,425.21414
2023-09-27T21:00:00Z,0,0,931.91974,424.899
2023-09-28T00:00:00Z,0,0,448.42892,422.59592
2023-09-28T03:00:00Z,0,0,533.8643,426.4485
2023-09-28T06:00:00Z,0,0,809.61383,434.281
2023-09-28T09:00:00Z,0,0,1023.5129,429.03107
2023-09-28T12:00:00Z,0,0,601.4914,448.5919
2023-09-28T15:00:00Z,0,0,681.5175,443.45273
2023-09-28T18:00:00Z,0,0,896.74115,414.16794
2023-09-28T21:00:00Z,0,0,883.96564,413.93066
2023-09-29T00:00:00Z,0,0,663.61255,413.70398
2023-09-29T03:00:00Z,0,0,596.39386,422.91296
2023-09-29T06:00:00Z,0,0,826.7364,435.45865
2023-09-29T09:00:00Z,0,0,999.5369,441.6197
2023-09-29T12:00:00Z,0,0,677.5638,466.9512
2023-09-29T15:00:00Z,0,0,668.7381,457.77933
2023-09-29T18:00:00Z,0,0,793.20636,421.95154
2023-09-29T21:00:00Z,0,0,927.5826,420.4295
2023-09-30T00:00:00Z,0,0,606.6302,417.71066
2023-09-30T03:00:00Z,0,0,455.88556,430.13065
2023-09-30T06:00:00Z,0,0,640.892,449.32306
2023-09-30T09:00:00Z,0,0,994.4579,443.50534
2023-09-30T12:00:00Z,0,0,760.56714,432.80658
2023-09-30T15:00:00Z,0,0,684.2453,432.22726
2023-09-30T18:00:00Z,0,0,574.4574,421.18814
2023-09-30T21:00:00Z,0,0,919.3852,420.3964
2023-10-01T00:00:00Z,0,0,498.85135,417.78864
2023-10-01T03:00:00Z,0,0,427.52863,427.31485
2023-10-01T06:00:00Z,0,0,661.1243,460.16653
2023-10-01T09:00:00Z,0,0,956.79034,440.10754
2023-10-01T12:00:00Z,0,0,973.8652,441.32
2023-10-01T15:00:00Z,0,0,600.65564,433.10364
2023-10-01T18:00:00Z,0,0,540.25006,417.65274
2023-10-01T21:00:00Z,0,0,858.2774,419.1312
2023-10-02T00:00:00Z,0,0,905.2919,420.1207
2023-10-02T03:00:00Z,0,0,536.0098,444.28537
2023-10-02T06:00:00Z,0,0,695.9233,448.9947
2023-10-02T09:00:00Z,0,0,893.9553,442.16104
2023-10-02T12:00:00Z,0,0,947.82556,435.5367
2023-10-02T15:00:00Z,0,0,559.36346,439.74948
2023-10-02T18:00:00Z,0,0,401.80054,442.86417
2023-10-02T21:00:00Z,0,0,735.1587,434.64032
2023-10-03T00:00:00Z,0,0,927.7929,436.42688
2023-10-03T03:00:00Z,0,0,678.89966,443.7136
2023-10-03T06:00:00Z,0,0,800.6398,434.0107
2023-10-04T12:00:00Z,0,0,907.19165,470.89792
2023-10-04T15:00:00Z,0,0,954.7248,456.65656
2023-10-04T18:00:00Z,0,0,410.27466,454.91415
2023-10-04T21:00:00Z,0,0,300.0736,420.71396
2023-10-05T00:00:00Z,0,0,650.09503,437.17844
2023-10-05T03:00:00Z,0,0,252.49533,425.01862
2023-10-05T06:00:00Z,0,0,334.124,431.12723
2023-10-05T09:00:00Z,0,0,538.825,452.68607
2023-10-05T12:00:00Z,0,0,895.78217,489.6824
2023-10-05T15:00:00Z,0,0,1001.9106,456.36984
2023-10-05T18:00:00Z,0,0,919.1852,432.82983
2023-10-05T21:00:00Z,0,0,537.0419,425.4924
2023-10-06T00:00:00Z,0,0,424.36188,433.4591
2023-10-06T03:00:00Z,0,0,532.51166,481.47037
2023-10-06T06:00:00Z,0,0,555.43274,448.8634
2023-10-06T09:00:00Z,0,0,759.05914,479.41675
2023-10-06T12:00:00Z,0,0,806.9338,487.83206
2023-10-06T15:00:00Z,0,0,902.1853,465.64688
2023-10-06T18:00:00Z,0,0,908.3679,437.41464
2023-10-06T21:00:00Z,0,0,402.0807,428.15997
2023-10-07T00:00:00Z,0,0,450.8962,428.44635
2023-10-07T03:00:00Z,0,0,382.5195,482.34018
2023-10-07T06:00:00Z,0,0,463.8714,474.97586
2023-10-07T09:00:00Z,0,0,749.6261,497.30432
2023-10-07T12:00:00Z,0,0,772.4898,488.23865
2023-10-07T15:00:00Z,0,0,926.12256,480.25223
2023-10-07T18:00:00Z,0,0,990.45184,455.35788
2023-10-07T21:00:00Z,0,0,856.8331,448.35672
2023-10-08T00:00:00Z,0,0,371.4879,446.83224
2023-10-08T03:00:00Z,0,0,391.75482,491.83258
2023-10-08T06:00:00Z,0,0,355.39572,498.85275
2023-10-08T09:00:00Z,0,0,464.94846,472.97775
2023-10-08T12:00:00Z,0,0,730.40485,471.59207
2023-10-08T15:00:00Z,0,0,861.73157,449.52188
2023-10-08T18:00:00Z,0,0,976.4328,450.43106
2023-10-08T21:00:00Z,0,0,898.5099,447.80725
2023-10-09T00:00:00Z,0,0,157.08794,432.8971
2023-10-09T03:00:00Z,0,0,405.6905,463.90115
2023-10-09T06:00:00Z,0,0,245.00516,461.5436
2023-10-09T09:00:00Z,0,0,408.79742,455.66312
2023-10-09T12:00:00Z,0,0,627.79034,434.3638
2023-10-09T15:00:00Z,0,0,743.1164,447.7426
2023-10-09T18:00:00Z,0,0,972.67365,433.865
2023-10-09T21:00:00Z,0,0,971.9865,430.58386
2023-10-10T00:00:00Z,0,0,264.70016,426.26013
2023-10-10T03:00:00Z,0,0,487.97916,422.6614
2023-10-10T06:00:00Z,0,0,565.6829,421.82068
2023-10-10T09:00:00Z,0,0,384.01364,443.43738
2023-10-10T12:00:00Z,0,0,626.53107,444.03812
2023-10-10T15:00:00Z,0,0,706.41205,422.50415
2023-10-10T18:00:00Z,0,0,910.7567,426.29257
2023-10-10T21:00:00Z,0,0,999.2445,426.22156
2023-10-11T00:00:00Z,0,0,658.39417,420.58
2023-10-11T03:00:00Z,0,0,648.8363,423.5831
2023-10-11T06:00:00Z,0,0,673.79083,435.35086
2023-10-11T09:00:00Z,0,0,935.3845,425.5357
2023-10-11T12:00:00Z,0,0,749.0836,425.85846
2023-10-11T15:00:00Z,0,0,745.52954,430.35773
2023-10-11T18:00:00Z,0,0,976.46655,426.96277
2023-10-11T21:00:00Z,0,0,1014.11774,423.21036
2023-10-12T00:00:00Z,0,0,571.50037,426.10294
2023-10-12T03:00:00Z,0,0,573.42365,449.0662
2023-10-12T06:00:00Z,0,0,886.77655,437.93326
2023-10-12T09:00:00Z,0,0,1016.829,477.7935
2023-10-12T12:00:00Z,0,0,685.1128,503.4986
2023-10-12T15:00:00Z,0,0,743.76447,451.63983
2023-10-12T18:00:00Z,0,0,938.8458,439.04294
2023-10-12T21:00:00Z,0,0,938.7965,435.7169
2023-10-13T00:00:00Z,0,0,602.7175,437.01498
2023-10-13T03:00:00Z,0,0,497.7043,438.23444
2023-10-13T06:00:00Z,0,0,765.9903,441.20206
2023-10-13T09:00:00Z,0,0,1007.1765,469.1081
2023-10-13T12:00:00Z,0,0,772.3607,423.80414
2023-10-13T15:00:00Z,0,0,827.4815,425.66086
2023-10-13T18:00:00Z,0,0,901.55206,421.73654
2023-10-13T21:00:00Z,0,0,953.3111,418.80176
2023-10-14T00:00:00Z,0,0,899.1328,418.73703
2023-10-14T03:00:00Z,0,0,761.73376,439.90726
2023-10-14T06:00:00Z,0,0,767.8664,444.99432
2023-10-14T09:00:00Z,0,0,998.66187,504.78018
2023-10-14T12:00:00Z,0,0,980.2857,462.5886
2023-10-14T15:00:00Z,0,0,807.1399,475.67325
2023-10-14T18:00:00Z,0,0,864.0258,445.64124
2023-10-14T21:00:00Z,0,0,898.16315,429.28934
2023-10-15T00:00:00Z,0,0,825.63226,437.4334
2023-10-15T03:00:00Z,0,0,815.5826,439.45
2023-10-15T06:00:00Z,0,0,815.0757,441.33258
2023-10-15T09:00:00Z,0,0,905.7975,462.72223
2023-10-15T12:00:00Z,0,0,908.0623,469.53137
2023-10-15T15:00:00Z,0,0,873.8007,489.25174
2023-10-15T18:00:00Z,0,0,783.3664,441.73828
2023-10-15T21:00:00Z,0,0,850.21875,431.61465
2023-10-16T00:00:00Z,0,0,863.7102,434.08914
2023-10-16T03:00:00Z,0,0,853.6074,446.13345
2023-10-16T06:00:00Z,0,0,904.2965,455.94376
2023-10-16T09:00:00Z,0,0,949.4128,483.52692
2023-10-16T12:00:00Z,0,0,971.609,432.43362
2023-10-16T15:00:00Z,0,0,969.0455,441.3207
2023-10-16T18:00:00Z,0,0,898.93024,439.91138
2023-10-16T21:00:00Z,0,0,897.71466,438.17157
2023-10-17T00:00:00Z,0,0,874.6474,420.689
2023-10-17T03:00:00Z,0,0,869.97864,432.57565
2023-10-17T06:00:00Z,0,0,898.29694,445.19345
2023-10-17T09:00:00Z,0,0,952.4195,443.66776
2023-10-17T12:00:00Z,0,0,968.4465,477.1943
2023-10-17T15:00:00Z,0,0,964.27454,447.30704
2023-10-17T18:00:00Z,0,0,908.38416,438.0466
2023-10-17T21:00:00Z,0,0,899.9864,433.11002
2023-10-18T00:00:00Z,0,0,927.1753,422.096
2023-10-18T03:00:00Z,0,0,910.5809,432.68793
2023-10-18T06:00:00Z,0,0,935.8773,436.25586
2023-10-18T09:00:00Z,0,0,864.1619,446.796
2023-10-18T12:00:00Z,0,0,861.9662,442.26694
2023-10-18T15:00:00Z,0,0,874.6751,457.8191
2023-10-18T18:00:00Z,0,0,883.2774,432.25415
2023-10-18T21:00:00Z,0,0,802.5134,434.63705
2023-10-19T00:00:00Z,0,0,794.934,439.53348
2023-10-19T03:00:00Z,0,0,811.1001,454.18396
2023-10-19T06:00:00Z,0,0,922.68787,468.8398
2023-10-19T09:00:00Z,0,0,952.0045,463.82086
2023-10-19T12:00:00Z,0,0,861.9382,484.26706
2023-10-19T15:00:00Z,0,0,841.7395,477.21103
2023-10-19T18:00:00Z,0,0,816.3125,457.3193
2023-10-19T21:00:00Z,0,0,705.0033,456.39706
2023-10-20T00:00:00Z,0,0,762.45435,442.7538
2023-10-20T03:00:00Z,0,0,796.5925,459.05896
2023-10-20T06:00:00Z,0,0,918.60345,426.11758
2023-10-20T09:00:00Z,0,0,967.6723,422.4717
2023-10-20T12:00:00Z,0,0,850.71326,427.1578
2023-10-20T15:00:00Z,0,0,825.7779,427.77
2023-10-20T18:00:00Z,0,0,817.9279,426.46677
2023-10-20T21:00:00Z,0,0,755.6323,426.2631
2023-10-21T00:00:00Z,0,0,715.5811,428.37122
2023-10-21T03:00:00Z,0,0,787.5037,451.1093
2023-10-21T06:00:00Z,0,0,903.40515,473.92206
2023-10-21T08:00:00Z,0,0,952.65515,471.12036
2023-10-21T08:30:00Z,0,0,964.0845,454.55206
2023-10-21T09:00:00Z,0,0,965.0609,437.1574
2023-10-21T09:30:00Z,0,0,966.1938,428.1491
2023-10-21T10:00:00Z,0,0,976.39624,437.45602
2023-10-21T10:30:00Z,0,0,955.4208,438.10123
2023-10-21T12:00:00Z,0,0,833.09875,453.19568
2023-10-21T15:00:00Z,0,0,825.2365,451.98206
2023-10-21T18:00:00Z,0,0,812.1586,429.47415
2023-10-21T21:00:00Z,0,0,790.70294,428.89246
2023-10-22T00:00:00Z,0,0,630.46466,429.01346
2023-10-22T03:00:00Z,0,0,858.4897,434.7024
2023-10-22T06:00:00Z,0,0,865.9272,451.36725
2023-10-22T09:00:00Z,0,0,938.5202,439.5924
2023-10-22T12:00:00Z,0,0,924.43414,430.71652
2023-10-22T15:00:00Z,0,0,762.77466,437.99484
2023-10-22T18:00:00Z,0,0,747.4943,424.47653
2023-10-22T21:00:00Z,0,0,677.38306,429.3902
2023-10-23T00:00:00Z,0,0,558.63086,429.03397
2023-10-23T03:00:00Z,0,0,684.4077,454.7874
2023-10-23T06:00:00Z,0,0,876.19574,452.74896
2023-10-23T09:00:00Z,0,0,897.18384,448.87656
2023-10-23T12:00:00Z,0,0,923.1814,455.87277
2023-10-23T15:00:00Z,0,0,782.7155,455.3095
2023-10-23T18:00:00Z,0,0,757.72003,430.49066
2023-10-23T21:00:00Z,0,0,738.09674,418.87482
2023-10-24T00:00:00Z,0,0,721.3078,420.40192
2023-10-24T03:00:00Z,0,0,777.25037,426.2462
2023-10-24T06:00:00Z,0,0,818.3272,435.04602
2023-10-24T09:00:00Z,0,0,906.7988,438.32898
2023-10-24T12:00:00Z,0,0,922.2838,439.46823
2023-10-24T15:00:00Z,0,0,822.0035,440.01224
2023-10-24T18:00:00Z,0,0,799.57574,438.10846
2023-10-24T21:00:00Z,0,0,776.7459,429.70703
2023-10-25T00:00:00Z,0,0,782.4376,431.97208
2023-10-25T03:00:00Z,0,0,791.66925,432.89572
2023-10-25T06:00:00Z,0,0,821.7843,424.8257
2023-10-25T09:00:00Z,0,0,896.6593,429.8924
2023-10-25T12:00:00Z,0,0,869.5475,430.49118
2023-10-25T15:00:00Z,0,0,914.80164,437.55878
2023-10-25T18:00:00Z,0,0,855.2328,428.73987
2023-10-25T21:00:00Z,0,0,832.8697,425.85876
2023-10-26T00:00:00Z,0,0,761.9936,433.42706
2023-10-26T03:00:00Z,0,0,815.14343,441.00964
2023-10-26T06:00:00Z,0,0,867.5113,442.89725
2023-10-26T09:00:00Z,0,0,884.86664,452.35468
2023-10-26T12:00:00Z,0,0,843.2911,450.78946
2023-10-26T15:00:00Z,0,0,836.94165,466.80002
2023-10-26T18:00:00Z,0,0,871.8131,426.4372
2023-10-26T21:00:00Z,0,0,859.45483,438.33295
2023-10-27T00:00:00Z,0,0,754.942,438.42865
2023-10-27T03:00:00Z,0,0,780.5457,444.11188
2023-10-27T06:00:00Z,0,0,861.617,442.77103
2023-10-27T09:00:00Z,0,0,861.4558,433.22137
2023-10-27T12:00:00Z,0,0,876.6573,436.46774
2023-10-27T15:00:00Z,0,0,886.6678,434.74652
2023-10-27T18:00:00Z,0,0,857.07794,426.14865
2023-10-27T21:00:00Z,0,0,870.335,425.75507
2023-10-28T00:00:00Z,0,0,798.8112,432.9043
2023-10-28T03:00:00Z,0,0,816.5302,437.2457
2023-10-28T06:00:00Z,0,0,893.07367,461.06998
2023-10-28T09:00:00Z,0,0,883.5291,441.06348
2023-10-28T12:00:00Z,0,0,904.85175,440.93945
2023-10-28T15:00:00Z,0,0,887.8236,439.10898
2023-10-28T18:00:00Z,0,0,889.5064,433.67258
2023-10-28T21:00:00Z,0,0,892.46796,430.03723
2023-10-29T00:00:00Z,0,0,793.21216,435.06537
2023-10-29T03:00:00Z,0,0,796.7358,437.6417
2023-10-29T06:00:00Z,0,0,818.10547,438.8476
2023-10-29T09:00:00Z,0,0,901.841,440.8631
2023-10-29T12:00:00Z,0,0,926.6552,458.77243
2023-10-29T15:00:00Z,0,0,885.3919,442.2862
2023-10-29T18:00:00Z,0,0,815.5307,435.52277
2023-10-29T21:00:00Z,0,0,927.16345,439.2616
2023-10-30T00:00:00Z,0,0,811.1652,435.59933
2023-10-30T03:00:00Z,0,0,811.69055,444.7767
2023-10-30T06:00:00Z,0,0,854.66644,443.0126
2023-10-30T09:00:00Z,0,0,918.41614,444.6938
2023-10-30T12:00:00Z,0,0,957.33746,463.90002
2023-10-30T15:00:00Z,0,0,926.2447,462.4714
2023-10-30T18:00:00Z,0,0,837.46277,432.9988
2023-10-30T21:00:00Z,0,0,922.5735,435.3948
2023-10-31T00:00:00Z,0,0,866.4098,441.7907
2023-10-31T03:00:00Z,0,0,804.7269,444.82138
2023-10-31T06:00:00Z,0,0,822.5242,446.11624
2023-10-31T09:00:00Z,0,0,938.8763,447.07205
2023-10-31T12:00:00Z,0,0,972.2533,449.01447
2023-10-31T15:00:00Z,0,0,969.20953,473.0052
2023-10-31T18:00:00Z,0,0,846.813,436.69434
2023-10-31T21:00:00Z,0,0,924.98584,440.14087
2023-11-01T00:00:00Z,0,0,820.8732,442.59708
2023-11-01T03:00:00Z,0,0,840.8129,473.80588
2023-11-01T06:00:00Z,0,0,848.675,463.99414
2023-11-01T09:00:00Z,0,0,955.6628,476.61383
2023-11-01T12:00:00Z,0,0,981.55835,461.4793
2023-11-01T15:00:00Z,0,0,967.4547,473.62173
2023-11-01T18:00:00Z,0,0,868.43933,443.1979
2023-11-01T21:00:00Z,0,0,815.58777,454.92035
2023-11-02T00:00:00Z,0,0,861.06665,456.4257
2023-11-02T03:00:00Z,0,0,848.96375,458.52298
2023-11-02T06:00:00Z,0,0,879.8586,448.22275
2023-11-02T09:00:00Z,0,0,923.7068,454.67
2023-11-02T12:00:00Z,0,0,983.4161,455.55185
2023-11-02T15:00:00Z,0,0,1019.74084,453.84656
2023-11-02T18:00:00Z,0,0,887.274,444.6038
2023-11-02T21:00:00Z,0,0,854.4778,437.70032
2023-11-03T00:00:00Z,0,0,846.327,430.94882
2023-11-03T03:00:00Z,0,0,885.3336,429.7105
2023-11-03T06:00:00Z,0,0,908.5361,468.10446
2023-11-03T09:00:00Z,0,0,916.41125,444.3862
2023-11-03T12:00:00Z,0,0,1007.76447,471.12534
2023-11-03T15:00:00Z,0,0,1039.5432,465.73706
2023-11-03T18:00:00Z,0,0,967.4293,446.42242
2023-11-03T21:00:00Z,0,0,865.1305,423.23846
2023-11-04T00:00:00Z,0,0,840.9224,433.49222
2023-11-04T03:00:00Z,0,0,854.0402,426.1848
2023-11-04T06:00:00Z,0,0,893.6906,419.2855
2023-11-04T09:00:00Z,0,0,932.9599,431.96774
2023-11-04T12:00:00Z,0,0,1029.3839,438.30328
2023-11-04T15:00:00Z,0,0,1063.857,455.22037
2023-11-04T18:00:00Z,0,0,896.8857,437.5283
2023-11-04T21:00:00Z,0,0,826.2639,424.76276
2023-11-05T00:00:00Z,0,0,891.8957,425.93106
2023-11-05T03:00:00Z,0,0,861.5962,438.25137
2023-11-05T06:00:00Z,0,0,882.43616,441.92032
2023-11-05T09:00:00Z,0,0,896.0226,496.96744
2023-11-05T12:00:00Z,0,0,928.04663,449.75348
2023-11-05T15:00:00Z,0,0,1041.2039,458.03348
2023-11-05T18:00:00Z,0,0,1023.6962,425.14758
2023-11-05T21:00:00Z,0,0,868.5942,425.5893
2023-11-06T00:00:00Z,0,0,870.17194,425.12637
2023-11-06T03:00:00Z,0,0,927.41425,444.8043
2023-11-06T06:00:00Z,0,0,956.54895,427.08157
2023-11-06T09:00:00Z,0,0,943.9125,466.98087
2023-11-06T12:00:00Z,0,0,962.23035,485.84125
2023-11-06T15:00:00Z,0,0,1025.7605,492.4572
2023-11-06T18:00:00Z,0,0,1029.9996,464.89276
2023-11-06T21:00:00Z,0,0,968.885,436.23
2023-11-07T00:00:00Z,0,0,878.46985,436.48706
2023-11-07T03:00:00Z,0,0,888.7193,510.0598
2023-11-07T06:00:00Z,0,0,950.233,455.6531
2023-11-07T09:00:00Z,0,0,920.2707,447.14017
2023-11-07T12:00:00Z,0,0,939.044,439.54468
2023-11-07T15:00:00Z,0,0,996.0935,423.66156
2023-11-07T18:00:00Z,0,0,974.77484,420.7707
2023-11-07T21:00:00Z,0,0,940.59625,419.78326
2023-11-08T00:00:00Z,0,0,882.9652,421.90237
2023-11-08T03:00:00Z,0,0,930.74,427.6171
2023-11-08T06:00:00Z,0,0,942.70105,434.52933
2023-11-08T09:00:00Z,0,0,1000.53015,436.43707
2023-11-08T12:00:00Z,0,0,1003.8315,433.2719
2023-11-08T15:00:00Z,0,0,959.28,468.16568
2023-11-08T18:00:00Z,0,0,932.6665,429.87015
2023-11-08T21:00:00Z,0,0,897.53107,429.50983
2023-11-09T00:00:00Z,0,0,829.0964,433.58038
2023-11-09T03:00:00Z,0,0,862.3257,456.3543
2023-11-09T06:00:00Z,0,0,903.2573,447.344
2023-11-09T09:00:00Z,0,0,930.4102,477.13086
2023-11-09T12:00:00Z,0,0,960.23224,447.6107
2023-11-09T15:00:00Z,0,0,1078.54,458.92435
2023-11-09T18:00:00Z,0,0,910.0061,447.15555
2023-11-09T21:00:00Z,0,0,891.767,439.25327
2023-11-10T00:00:00Z,0,0,838.86865,423.86362
2023-11-10T03:00:00Z,0,0,941.99084,439.61792
2023-11-10T06:00:00Z,0,0,908.5916,442.20535
2023-11-10T09:00:00Z,0,0,883.36194,474.35034
2023-11-10T12:00:00Z,0,0,915.19196,441.8855
2023-11-10T15:00:00Z,0,0,931.9314,441.56705
2023-11-10T18:00:00Z,0,0,873.14923,436.63727
2023-11-10T21:00:00Z,0,0,862.42596,426.19397
2023-11-11T00:00:00Z,0,0,836.0983,424.9507
2023-11-11T03:00:00Z,0,0,907.3816,426.41962
2023-11-11T06:00:00Z,0,0,863.2085,426.4869
2023-11-11T09:00:00Z,0,0,830.65063,429.81842
2023-11-11T12:00:00Z,0,0,832.6626,424.69653
2023-11-11T15:00:00Z,0,0,897.98883,436.8138
2023-11-11T18:00:00Z,0,0,889.81915,424.97623
2023-11-11T21:00:00Z,0,0,854.959,424.5457
2023-11-12T00:00:00Z,0,0,807.9375,425.61484
2023-11-12T03:00:00Z,0,0,890.7602,436.88535
2023-11-12T06:00:00Z,0,0,845.41425,458.62555
2023-11-12T09:00:00Z,0,0,850.8019,438.6838
2023-11-12T12:00:00Z,0,0,852.18933,464.71484
2023-11-12T15:00:00Z,0,0,885.0136,430.52676
2023-11-12T18:00:00Z,0,0,838.0683,427.65848
2023-11-12T21:00:00Z,0,0,823.73694,428.2612
2023-11-13T00:00:00Z,0,0,806.47986,433.86755
2023-11-13T03:00:00Z,0,0,871.6168,448.10327
2023-11-13T06:00:00Z,0,0,883.8498,435.06503
2023-11-13T09:00:00Z,0,0,856.6672,430.30313
2023-11-13T12:00:00Z,0,0,851.93964,436.48947
2023-11-13T15:00:00Z,0,0,874.52686,474.6345
2023-11-13T18:00:00Z,0,0,856.04443,426.83258
2023-11-13T21:00:00Z,0,0,820.63007,423.6526
2023-11-14T00:00:00Z,0,0,791.16345,428.78998
2023-11-14T03:00:00Z,0,0,857.77264,448.2483
2023-11-14T06:00:00Z,0,0,877.819,442.82516
2023-11-14T09:00:00Z,0,0,759.4861,443.7338
2023-11-14T12:00:00Z,0,0,720.9826,459.1807
2023-11-14T15:00:00Z,0,0,736.56366,458.06015
2023-11-14T18:00:00Z,0,0,824.7313,427.9948
2023-11-14T21:00:00Z,0,0,700.4809,431.27054
2023-11-15T00:00:00Z,0,0,735.194,428.1369
2023-11-15T03:00:00Z,0,0,831.1163,444.6326
2023-11-15T06:00:00Z,0,0,862.4224,437.02982
2023-11-15T09:00:00Z,0,0,688.9609,439.70084
2023-11-15T12:00:00Z,0,0,683.6078,443.455
2023-11-15T15:00:00Z,0,0,695.9038,451.03088
2023-11-15T18:00:00Z,0,0,776.174,436.05533
2023-11-15T21:00:00Z,0,0,702.4238,434.34415
2023-11-16T00:00:00Z,0,0,716.1251,434.3255
2023-11-16T03:00:00Z,0,0,821.65814,443.4043
2023-11-16T06:00:00Z,0,0,868.5528,444.7712
2023-11-16T09:00:00Z,0,0,717.266,437.66104
2023-11-16T12:00:00Z,0,0,705.01825,451.21188
2023-11-16T15:00:00Z,0,0,699.8487,448.85794
2023-11-16T18:00:00Z,0,0,734.4613,429.07916
2023-11-16T21:00:00Z,0,0,674.9465,427.7893
2023-11-17T00:00:00Z,0,0,669.5728,439.50485
2023-11-17T03:00:00Z,0,0,767.8587,440.58673
2023-11-17T06:00:00Z,0,0,830.9233,442.59756
2023-11-17T09:00:00Z,0,0,755.73376,441.58017
2023-11-17T12:00:00Z,0,0,718.47284,447.64813
2023-11-17T15:00:00Z,0,0,722.52966,444.93103
2023-11-17T18:00:00Z,0,0,713.1411,440.6269
2023-11-17T21:00:00Z,0,0,706.8383,434.53485
2023-11-18T00:00:00Z,0,0,686.3299,443.43744
2023-11-18T03:00:00Z,0,0,748.84174,445.79987
2023-11-18T06:00:00Z,0,0,800.3359,447.05222
2023-11-18T09:00:00Z,0,0,814.44257,452.14743
2023-11-18T12:00:00Z,0,0,780.4206,452.48413
2023-11-18T15:00:00Z,0,0,809.44464,452.58963
2023-11-18T18:00:00Z,0,0,802.3477,443.61588
2023-11-18T21:00:00Z,0,0,757.4193,439.15485
2023-11-19T00:00:00Z,0,0,755.0509,443.4833
2023-11-19T03:00:00Z,0,0,778.16876,466.54745
2023-11-19T06:00:00Z,0,0,802.0904,451.071
2023-11-19T09:00:00Z,0,0,823.64667,447.0174
2023-11-19T12:00:00Z,0,0,822.14825,453.16946
2023-11-19T15:00:00Z,0,0,821.18036,426.76016
2023-11-19T18:00:00Z,0,0,796.51697,423.2616
2023-11-19T21:00:00Z,0,0,715.9117,420.9838
2023-11-20T00:00:00Z,0,0,724.9016,423.51532
2023-11-20T03:00:00Z,0,0,794.7454,434.22986
2023-11-20T06:00:00Z,0,0,780.6343,435.1912
2023-11-20T09:00:00Z,0,0,799.2466,430.32034
2023-11-20T12:00:00Z,0,0,816.4078,471.96936
2023-11-20T15:00:00Z,0,0,816.1229,435.96463
2023-11-20T18:00:00Z,0,0,809.1368,433.97418
2023-11-20T21:00:00Z,0,0,719.29,426.91806
2023-11-21T00:00:00Z,0,0,727.0602,425.99792
2023-11-21T03:00:00Z,0,0,759.11053,446.07913
2023-11-21T06:00:00Z,0,0,816.5328,463.68484
2023-11-21T09:00:00Z,0,0,805.6536,452.99878
2023-11-21T12:00:00Z,0,0,820.0369,439.59274
2023-11-21T15:00:00Z,0,0,837.62024,468.81863
2023-11-21T18:00:00Z,0,0,835.80743,440.97675
2023-11-21T21:00:00Z,0,0,778.9752,438.69226
2023-11-22T00:00:00Z,0,0,767.56775,438.72827
2023-11-22T03:00:00Z,0,0,814.4426,458.359
2023-11-22T06:00:00Z,0,0,826.17145,443.55206
2023-11-22T09:00:00Z,0,0,852.2224,446.15762
2023-11-22T12:00:00Z,0,0,847.63654,441.74313
2023-11-22T15:00:00Z,0,0,850.30084,435.98016
2023-11-22T18:00:00Z,0,0,840.15735,435.34018
2023-11-22T21:00:00Z,0,0,786.8438,426.17212
2023-11-23T00:00:00Z,0,0,767.9453,428.1157
2023-11-23T03:00:00Z,0,0,806.07275,455.63174
2023-11-23T06:00:00Z,0,0,830.4321,444.09323
2023-11-23T09:00:00Z,0,0,858.84467,438.70224
2023-11-23T12:00:00Z,0,0,848.3081,435.39587
2023-11-23T15:00:00Z,0,0,844.28204,431.08914
2023-11-23T18:00:00Z,0,0,834.36847,427.7236
2023-11-23T21:00:00Z,0,0,796.0677,426.695
2023-11-24T00:00:00Z,0,0,770.3738,430.5931
2023-11-24T03:00:00Z,0,0,809.6659,432.27414
2023-11-24T06:00:00Z,0,0,835.4234,443.92035
2023-11-24T09:00:00Z,0,0,835.7733,439.63895
2023-11-24T12:00:00Z,0,0,826.78973,444.0429
2023-11-24T15:00:00Z,0,0,807.67236,445.28723
2023-11-24T18:00:00Z,0,0,848.93774,428.24225
2023-11-24T21:00:00Z,0,0,821.54285,429.3162
2023-11-25T00:00:00Z,0,0,776.089,430.9636
2023-11-25T03:00:00Z,0,0,804.4762,440.03464
2023-11-25T06:00:00Z,0,0,831.75793,460.63434
2023-11-25T09:00:00Z,0,0,848.36914,444.0267
2023-11-25T12:00:00Z,0,0,865.7694,449.556
2023-11-25T15:00:00Z,0,0,856.99585,439.34537
2023-11-25T18:00:00Z,0,0,850.9276,429.7055
2023-11-25T21:00:00Z,0,0,819.5138,432.21136
2023-11-26T00:00:00Z,0,0,791.19916,442.79553
2023-11-26T03:00:00Z,0,0,810.5849,438.06
2023-11-26T06:00:00Z,0,0,834.1267,441.40915
2023-11-26T09:00:00Z,0,0,863.4798,453.66516
2023-11-26T12:00:00Z,0,0,869.2716,436.62204
2023-11-26T15:00:00Z,0,0,892.10333,438.44498
2023-11-26T18:00:00Z,0,0,858.6166,434.45798
2023-11-26T21:00:00Z,0,0,863.61255,434.77533
2023-11-27T00:00:00Z,0,0,792.1521,444.73398
2023-11-27T03:00:00Z,0,0,820.8855,439.0443
2023-11-27T06:00:00Z,0,0,836.1859,476.86584
2023-11-27T09:00:00Z,0,0,873.7897,438.9067
2023-11-27T12:00:00Z,0,0,889.2616,445.90274
2023-11-27T15:00:00Z,0,0,902.0463,444.94327
2023-11-27T18:00:00Z,0,0,833.76544,438.931
2023-11-27T21:00:00Z,0,0,860.98096,442.77188
2023-11-28T00:00:00Z,0,0,785.50085,446.0255
2023-11-28T03:00:00Z,0,0,824.8732,449.5064
2023-11-28T06:00:00Z,0,0,838.6643,447.46393
2023-11-28T09:00:00Z,0,0,876.4832,449.4969
2023-11-28T12:00:00Z,0,0,905.02203,447.55188
2023-11-28T15:00:00Z,0,0,897.6433,489.3943
2023-11-28T18:00:00Z,0,0,839.63385,441.19882
2023-11-28T21:00:00Z,0,0,868.4902,443.30673
2023-11-29T00:00:00Z,0,0,793.8981,444.28778
2023-11-29T03:00:00Z,0,0,825.59393,447.21655
2023-11-29T06:00:00Z,0,0,838.8693,472.70795
2023-11-29T09:00:00Z,0,0,886.93823,444.78482
2023-11-29T12:00:00Z,0,0,912.66296,440.59244
2023-11-29T15:00:00Z,0,0,905.54987,447.00946
2023-11-29T18:00:00Z,0,0,895.7669,449.15173
2023-11-29T21:00:00Z,0,0,901.06366,437.73154
2023-11-30T00:00:00Z,0,0,882.19586,440.38223
2023-11-30T03:00:00Z,0,0,850.8055,445.4374
2023-11-30T06:00:00Z,0,0,864.6612,451.68103
2023-11-30T09:00:00Z,0,0,915.8441,449.39584
2023-11-30T12:00:00Z,0,0,912.825,451.0257
2023-11-30T15:00:00Z,0,0,923.7431,455.44965
2023-11-30T18:00:00Z,0,0,880.21344,444.25916
2023-11-30T21:00:00Z,0,0,854.5346,447.41605
2023-12-01T00:00:00Z,0,0,869.0432,450.58035
2023-12-01T03:00:00Z,0,0,860.2241,463.24347
2023-12-01T06:00:00Z,0,0,870.7018,443.20465
2023-12-01T09:00:00Z,0,0,908.0245,437.31943
2023-12-01T12:00:00Z,0,0,934.7736,439.80328
2023-12-01T15:00:00Z,0,0,943.2104,436.8588
2023-12-01T18:00:00Z,0,0,883.5074,434.5198
2023-12-01T21:00:00Z,0,0,845.08356,424.90778
2023-12-02T00:00:00Z,0,0,828.70105,428.11017
2023-12-02T03:00:00Z,0,0,844.2467,438.29794
2023-12-02T06:00:00Z,0,0,875.2039,434.26898
2023-12-02T09:00:00Z,0,0,875.32294,429.32724
2023-12-02T12:00:00Z,0,0,933.6036,427.5893
2023-12-02T15:00:00Z,0,0,985.0125,429.87122
2023-12-02T18:00:00Z,0,0,845.2323,426.9619
2023-12-02T21:00:00Z,0,0,837.33295,425.2289
2023-12-03T00:00:00Z,0,0,831.17834,425.66928
2023-12-03T03:00:00Z,0,0,839.07495,463.25604
2023-12-03T06:00:00Z,0,0,867.4012,451.05344
2023-12-03T09:00:00Z,0,0,877.5165,475.2971
2023-12-03T12:00:00Z,0,0,930.4731,453.3783
2023-12-03T15:00:00Z,0,0,967.5312,440.15982
2023-12-03T18:00:00Z,0,0,913.5548,428.18762
2023-12-03T21:00:00Z,0,0,843.6927,423.45517
2023-12-04T00:00:00Z,0,0,822.3056,430.2083
2023-12-04T03:00:00Z,0,0,852.0185,427.696
2023-12-04T06:00:00Z,0,0,865.49,443.47916
2023-12-04T09:00:00Z,0,0,879.39246,440.74344
2023-12-04T12:00:00Z,0,0,933.1265,449.195
2023-12-04T15:00:00Z,0,0,941.3302,431.5681
2023-12-04T18:00:00Z,0,0,917.5395,433.8078
2023-12-04T21:00:00Z,0,0,818.5983,431.61517
2023-12-05T00:00:00Z,0,0,828.61755,433.30103
2023-12-05T03:00:00Z,0,0,853.59314,436.4402
2023-12-05T06:00:00Z,0,0,877.3519,438.99808
2023-12-05T09:00:00Z,0,0,870.7769,438.77896
2023-12-05T12:00:00Z,0,0,882.7203,425.09344
2023-12-05T15:00:00Z,0,0,932.9729,429.60446
2023-12-05T18:00:00Z,0,0,929.6615,426.1662
2023-12-05T21:00:00Z,0,0,828.8975,432.44656
2023-12-06T00:00:00Z,0,0,871.0119,438.30466
2023-12-06T03:00:00Z,0,0,909.72595,456.21844
2023-12-06T06:00:00Z,0,0,924.86395,453.70364
2023-12-06T09:00:00Z,0,0,883.02814,475.0907
2023-12-06T12:00:00Z,0,0,932.3837,503.60068
2023-12-06T15:00:00Z,0,0,917.64105,467.24258
2023-12-06T18:00:00Z,0,0,959.3543,461.27515
2023-12-06T21:00:00Z,0,0,881.5814,443.3379
2023-12-07T00:00:00Z,0,0,892.5021,433.6481
2023-12-07T03:00:00Z,0,0,940.94995,436.85812
2023-12-07T06:00:00Z,0,0,904.55743,442.16342
2023-12-07T09:00:00Z,0,0,924.35474,439.11914
2023-12-07T12:00:00Z,0,0,936.0079,444.27084
2023-12-07T15:00:00Z,0,0,703.2734,445.6164
2023-12-07T18:00:00Z,0,0,677.84705,431.26413
2023-12-07T21:00:00Z,0,0,794.01996,430.22137
2023-12-08T00:00:00Z,0,0,803.907,427.14102
2023-12-08T03:00:00Z,0,0,863.61,434.62772
2023-12-08T06:00:00Z,0,0,643.2374,437.2553
2023-12-09T12:00:00Z,0,0,490.42514,453.68307
2023-12-09T15:00:00Z,0,0,492.84036,429.10516
2023-12-09T18:00:00Z,0,0,472.41928,424.67694
2023-12-09T21:00:00Z,0,0,484.57687,426.43015
2023-12-10T00:00:00Z,0,0,577.22314,427.38483
2023-12-10T03:00:00Z,0,0,688.0819,438.81998
2023-12-10T06:00:00Z,0,0,540.3402,437.3467
2023-12-10T09:00:00Z,0,0,526.9817,443.1581
2023-12-10T12:00:00Z,0,0,507.23773,450.3311
2023-12-10T15:00:00Z,0,0,529.4263,443.44327
2023-12-10T18:00:00Z,0,0,512.8395,431.91382
2023-12-10T21:00:00Z,0,0,523.1281,433.1407
2023-12-11T00:00:00Z,0,0,732.8255,432.16794
2023-12-11T03:00:00Z,0,0,817.30554,438.759
2023-12-11T06:00:00Z,0,0,587.47003,439.69827
2023-12-11T09:00:00Z,0,0,563.19904,433.3928
2023-12-11T12:00:00Z,0,0,558.231,432.87054
2023-12-11T15:00:00Z,0,0,589.32635,434.95435
2023-12-11T18:00:00Z,0,0,583.64343,435.31967
2023-12-11T21:00:00Z,0,0,573.8367,430.45728
2023-12-12T00:00:00Z,0,0,668.3432,430.93417
2023-12-12T03:00:00Z,0,0,704.50146,435.14224
2023-12-12T06:00:00Z,0,0,678.77576,448.59964
2023-12-12T09:00:00Z,0,0,622.1245,453.9719
2023-12-12T12:00:00Z,0,0,609.9005,440.02744
2023-12-12T15:00:00Z,0,0,627.2703,455.29068
2023-12-12T18:00:00Z,0,0,650.5388,447.3881
2023-12-12T21:00:00Z,0,0,632.13477,432.25568
2023-12-13T00:00:00Z,0,0,631.12415,434.50107
2023-12-13T03:00:00Z,0,0,678.1957,450.19034
2023-12-13T06:00:00Z,0,0,703.6142,442.59915
2023-12-13T09:00:00Z,0,0,672.41296,444.3005
2023-12-13T12:00:00Z,0,0,686.7512,440.6693
2023-12-13T15:00:00Z,0,0,685.3178,450.17932
2023-12-13T18:00:00Z,0,0,716.8818,443.9967
2023-12-13T21:00:00Z,0,0,680.1148,435.09708
2023-12-14T00:00:00Z,0,0,679.28046,439.30203
2023-12-14T03:00:00Z,0,0,709.4657,462.5757
2023-12-14T06:00:00Z,0,0,721.8529,450.3383
2023-12-14T09:00:00Z,0,0,653.79974,452.21085
2023-12-14T12:00:00Z,0,0,665.6021,454.69797
2023-12-14T15:00:00Z,0,0,668.8194,455.80563
2023-12-14T18:00:00Z,0,0,681.964,448.09552
2023-12-14T21:00:00Z,0,0,661.71045,439.5724
2023-12-15T00:00:00Z,0,0,664.8074,443.02692
2023-12-15T03:00:00Z,0,0,688.95654,452.81827
2023-12-15T06:00:00Z,0,0,714.2278,448.90485
2023-12-15T09:00:00Z,0,0,679.8361,442.62585
2023-12-15T12:00:00Z,0,0,690.4633,447.71414
2023-12-15T15:00:00Z,0,0,702.50586,444.38742
2023-12-15T18:00:00Z,0,0,716.49207,441.44882
2023-12-15T21:00:00Z,0,0,699.6986,439.15726
2023-12-16T00:00:00Z,0,0,688.07874,445.95123
2023-12-16T03:00:00Z,0,0,712.7182,441.4314
2023-12-16T06:00:00Z,0,0,731.3225,440.07516
2023-12-16T09:00:00Z,0,0,726.7994,457.44757
2023-12-16T12:00:00Z,0,0,720.6969,440.49344
2023-12-16T15:00:00Z,0,0,721.02826,443.87827
2023-12-16T18:00:00Z,0,0,726.5083,443.00018
2023-12-16T21:00:00Z,0,0,728.65234,439.96863
2023-12-17T00:00:00Z,0,0,700.7557,444.82312
2023-12-17T03:00:00Z,0,0,695.46277,448.74088
2023-12-17T06:00:00Z,0,0,738.5014,441.01556
2023-12-17T09:00:00Z,0,0,746.9004,443.85913
2023-12-17T12:00:00Z,0,0,740.5763,439.9169
2023-12-17T15:00:00Z,0,0,739.58673,445.2171
2023-12-17T18:00:00Z,0,0,735.1064,441.17517
2023-12-17T21:00:00Z,0,0,722.9793,438.67316
2023-12-18T00:00:00Z,0,0,716.03174,449.16898
2023-12-18T03:00:00Z,0,0,737.2522,455.0709
2023-12-18T06:00:00Z,0,0,748.4293,450.8481
2023-12-18T09:00:00Z,0,0,759.6004,454.516
2023-12-18T12:00:00Z,0,0,764.645,457.88245
2023-12-18T15:00:00Z,0,0,761.6366,438.9181
2023-12-18T18:00:00Z,0,0,759.29034,450.6969
2023-12-18T21:00:00Z,0,0,745.67957,443.77536
2023-12-19T00:00:00Z,0,0,768.0239,447.74915
2023-12-19T03:00:00Z,0,0,761.25037,460.87604
2023-12-19T06:00:00Z,0,0,782.8348,452.67694
2023-12-19T09:00:00Z,0,0,781.53357,454.42722
2023-12-19T12:00:00Z,0,0,792.74603,466.49744
2023-12-19T15:00:00Z,0,0,797.13336,451.07983
2023-12-19T18:00:00Z,0,0,788.6164,426.42996
2023-12-19T21:00:00Z,0,0,750.92346,443.52173
2023-12-20T00:00:00Z,0,0,762.9453,444.36414
2023-12-20T03:00:00Z,0,0,771.1671,465.0736
2023-12-20T06:00:00Z,0,0,805.908,501.24585
2023-12-20T09:00:00Z,0,0,805.3422,441.47845
2023-12-20T12:00:00Z,0,0,787.98505,445.34174
2023-12-20T15:00:00Z,0,0,791.0995,459.63333
2023-12-20T18:00:00Z,0,0,787.392,448.49173
2023-12-20T21:00:00Z,0,0,747.2836,446.79553
2023-12-21T00:00:00Z,0,0,750.46136,443.77414
2023-12-21T03:00:00Z,0,0,797.77124,446.80927
2023-12-21T06:00:00Z,0,0,798.3613,507.45847
2023-12-21T09:00:00Z,0,0,813.37506,468.05017
2023-12-21T12:00:00Z,0,0,796.9757,459.9145
2023-12-21T15:00:00Z,0,0,802.14526,452.29813
2023-12-21T18:00:00Z,0,0,804.29724,450.44653
2023-12-21T21:00:00Z,0,0,768.6138,435.3659
2023-12-22T00:00:00Z,0,0,778.6671,436.45108
2023-12-22T03:00:00Z,0,0,807.59076,446.0914
2023-12-22T06:00:00Z,0,0,813.94476,449.29776
2023-12-22T09:00:00Z,0,0,822.57275,453.2183
2023-12-22T12:00:00Z,0,0,835.63934,434.03656
2023-12-22T15:00:00Z,0,0,819.1269,427.4849
2023-12-22T18:00:00Z,0,0,832.86066,432.28687
2023-12-22T21:00:00Z,0,0,784.5313,425.3031
2023-12-23T00:00:00Z,0,0,766.91656,427.88895
2023-12-23T03:00:00Z,0,0,782.89136,434.59225
2023-12-23T06:00:00Z,0,0,797.09827,436.66364
2023-12-23T09:00:00Z,0,0,805.18604,438.01205
2023-12-23T12:00:00Z,0,0,798.9549,437.06708
2023-12-23T15:00:00Z,0,0,802.5907,442.62207
2023-12-23T18:00:00Z,0,0,819.19226,433.87152
2023-12-23T21:00:00Z,0,0,790.3549,426.30447
2023-12-24T00:00:00Z,0,0,756.19116,426.44485
2023-12-24T03:00:00Z,0,0,774.78186,435.77792
2023-12-24T06:00:00Z,0,0,803.10754,455.76172
2023-12-25T09:00:00Z,0,0,820.81757,427.7507
2023-12-25T12:00:00Z,0,0,824.8236,429.82346
2023-12-25T15:00:00Z,0,0,827.0897,433.07742
2023-12-25T18:00:00Z,0,0,810.7942,427.49277
2023-12-25T21:00:00Z,0,0,785.30206,429.07224
2023-12-26T00:00:00Z,0,0,746.14404,431.2707
2023-12-26T03:00:00Z,0,0,760.4833,431.07413
2023-12-26T06:00:00Z,0,0,811.6641,427.8014
2023-12-26T09:00:00Z,0,0,821.8081,438.80106
2023-12-26T12:00:00Z,0,0,828.229,434.77032
2023-12-26T15:00:00Z,0,0,800.1355,476.41815
2023-12-26T18:00:00Z,0,0,779.31134,437.085
2023-12-26T21:00:00Z,0,0,802.5521,431.12262
2023-12-27T00:00:00Z,0,0,746.6276,426.6596
2023-12-27T03:00:00Z,0,0,766.4809,443.22418
2023-12-27T06:00:00Z,0,0,780.3363,429.3957
2023-12-27T09:00:00Z,0,0,819.8517,429.529
2023-12-27T12:00:00Z,0,0,826.6565,430.20685
2023-12-27T15:00:00Z,0,0,822.8225,428.9333
2023-12-27T18:00:00Z,0,0,786.8798,426.36536
2023-12-27T21:00:00Z,0,0,763.3524,426.74228
2023-12-28T00:00:00Z,0,0,759.62836,428.31274
2023-12-28T03:00:00Z,0,0,768.88385,433.60123
2023-12-28T06:00:00Z,0,0,781.2184,427.00156
2023-12-28T09:00:00Z,0,0,817.81195,428.50085
2023-12-28T12:00:00Z,0,0,822.9302,429.03244
2023-12-28T15:00:00Z,0,0,825.42914,447.13947
2023-12-28T18:00:00Z,0,0,767.0871,430.19016
2023-12-28T21:00:00Z,0,0,772.9864,427.96674
2023-12-29T00:00:00Z,0,0,749.5139,429.12534
2023-12-29T03:00:00Z,0,0,761.65967,427.09433
2023-12-29T06:00:00Z,0,0,774.3633,429.9288
2023-12-29T09:00:00Z,0,0,825.2741,432.42413
2023-12-29T12:00:00Z,0,0,841.7668,432.0657
2023-12-29T15:00:00Z,0,0,838.74536,430.42413
2023-12-29T18:00:00Z,0,0,778.3434,427.34705
2023-12-29T21:00:00Z,0,0,759.25653,425.74103
2023-12-30T00:00:00Z,0,0,769.40686,425.88776
2023-12-30T03:00:00Z,0,0,764.4308,442.6145
2023-12-30T06:00:00Z,0,0,785.15875,486.2383
2023-12-30T09:00:00Z,0,0,835.79694,426.50256
2023-12-30T12:00:00Z,0,0,831.55505,457.13727
2023-12-30T15:00:00Z,0,0,836.5657,503.5364
2023-12-30T18:00:00Z,0,0,785.0607,447.53967
2023-12-30T21:00:00Z,0,0,773.64087,426.11945
2023-12-31T00:00:00Z,0,0,752.16364,428.86792
2023-12-31T03:00:00Z,0,0,780.47205,429.11862
2023-12-31T06:00:00Z,0,0,788.44586,429.32434
2023-12-31T09:00:00Z,0,0,808.6117,429.5862
2023-12-31T12:00:00Z,0,0,826.8487,432.34637
2023-12-31T15:00:00Z,0,0,811.78644,447.12463
2023-12-31T18:00:00Z,0,0,763.202,438.20825
2023-12-31T21:00:00Z,0,0,805.51495,434.11002
2024-01-01T00:00:00Z,0,0,740.04956,434.18515
2024-01-01T03:00:00Z,0,0,761.39343,434.1707
2024-01-01T06:00:00Z,0,0,775.39996,445.11414
2024-01-01T09:00:00Z,0,0,766.9028,448.87997
2024-01-01T12:00:00Z,0,0,726.884,435.44446
2024-01-01T15:00:00Z,0,0,744.34656,436.46692
2024-01-01T18:00:00Z,0,0,723.039,432.90262
2024-01-01T21:00:00Z,0,0,745.3609,428.97308
2024-01-02T00:00:00Z,0,0,712.08984,434.039
2024-01-02T03:00:00Z,0,0,713.83636,432.72552
2024-01-02T06:00:00Z,0,0,758.9685,444.62244
2024-01-02T09:00:00Z,0,0,780.7166,441.91382
2024-01-02T12:00:00Z,0,0,683.07336,444.74808
2024-01-02T15:00:00Z,0,0,699.2639,449.21103
2024-01-02T18:00:00Z,0,0,745.5759,443.6069
2024-01-02T21:00:00Z,0,0,721.49133,425.84082
2024-01-03T00:00:00Z,0,0,731.604,427.59967
2024-01-03T03:00:00Z,0,0,729.10724,426.96744
2024-01-03T06:00:00Z,0,0,771.5497,452.15588
2024-01-03T09:00:00Z,0,0,778.2548,448.51947
2024-01-03T12:00:00Z,0,0,698.9849,450.17932
2024-01-03T15:00:00Z,0,0,700.93774,448.26465
2024-01-03T18:00:00Z,0,0,704.7493,450.066
2024-01-03T21:00:00Z,0,0,727.454,431.8226
2024-01-04T00:00:00Z,0,0,736.6521,436.59448
2024-01-04T03:00:00Z,0,0,694.1523,466.08588
2024-01-04T06:00:00Z,0,0,697.82465,493.3671
2024-01-04T09:00:00Z,0,0,762.13916,472.57413
2024-01-04T12:00:00Z,0,0,700.9905,447.02792
2024-01-04T15:00:00Z,0,0,696.68414,467.21136
2024-01-04T18:00:00Z,0,0,698.5068,446.73398
2024-01-04T21:00:00Z,0,0,747.05835,428.98892
2024-01-05T00:00:00Z,0,0,751.40607,432.38208
2024-01-05T03:00:00Z,0,0,718.87024,434.29776
2024-01-05T06:00:00Z,0,0,723.4703,438.13535
2024-01-05T09:00:00Z,0,0,704.8342,441.16867
2024-01-05T12:00:00Z,0,0,715.4181,434.91275
2024-01-05T15:00:00Z,0,0,700.7522,439.1912
2024-01-05T18:00:00Z,0,0,700.7935,428.2002
2024-01-05T21:00:00Z,0,0,706.8569,425.3367
2024-01-06T00:00:00Z,0,0,727.2092,426.64157
2024-01-06T03:00:00Z,0,0,711.98773,434.3279
2024-01-06T06:00:00Z,0,0,733.16583,437.81226
2024-01-06T09:00:00Z,0,0,739.32446,435.3598
2024-01-06T12:00:00Z,0,0,733.61523,431.53568
2024-01-06T15:00:00Z,0,0,731.66724,428.08032
2024-01-06T18:00:00Z,0,0,726.1426,426.52
2024-01-06T21:00:00Z,0,0,707.6801,428.74582
2024-01-07T00:00:00Z,0,0,743.66486,439.24384
2024-01-07T03:00:00Z,0,0,749.6326,435.5584
2024-01-07T06:00:00Z,0,0,709.1614,430.26517
2024-01-07T09:00:00Z,0,0,700.3086,435.94846
2024-01-07T12:00:00Z,0,0,707.061,433.42688
2024-01-07T15:00:00Z,0,0,707.00903,432.76556
2024-01-07T18:00:00Z,0,0,705.1427,429.06952
2024-01-07T21:00:00Z,0,0,701.23425,429.5064
2024-01-08T00:00:00Z,0,0,702.47815,430.3662
2024-01-08T03:00:00Z,0,0,743.03107,437.71606
2024-01-08T06:00:00Z,0,0,717.7792,444.93533
2024-01-08T09:00:00Z,0,0,722.7283,453.54395
2024-01-08T12:00:00Z,0,0,735.9062,440.23996
2024-01-08T15:00:00Z,0,0,728.7962,432.0893
2024-01-08T18:00:00Z,0,0,711.919,429.8652
2024-01-08T21:00:00Z,0,0,704.3988,428.79636
2024-01-09T00:00:00Z,0,0,715.6823,430.1065
2024-01-09T03:00:00Z,0,0,743.5199,440.26306
2024-01-09T06:00:00Z,0,0,760.0502,434.30685
2024-01-09T09:00:00Z,0,0,764.4217,434.4166
2024-01-09T12:00:00Z,0,0,763.8053,428.62634
2024-01-09T15:00:00Z,0,0,757.75415,428.32205
2024-01-09T18:00:00Z,0,0,754.89923,427.57397
2024-01-09T21:00:00Z,0,0,750.7845,427.5224
2024-01-15T00:00:00Z,0,0,700.5671,435.59637
2024-01-15T03:00:00Z,0,0,673.5445,439.2414
2024-01-15T06:00:00Z,0,0,680.8025,440.14136
2024-01-15T09:00:00Z,0,0,686.64,439.88065
2024-01-15T12:00:00Z,0,0,713.1953,440.05502
2024-01-15T15:00:00Z,0,0,718.6959,441.4248
2024-01-15T18:00:00Z,0,0,677.31714,437.42136
2024-01-15T21:00:00Z,0,0,671.5098,435.68726
2024-01-16T00:00:00Z,0,0,696.1354,432.5302
2024-01-16T03:00:00Z,0,0,704.4553,437.26413
2024-01-16T06:00:00Z,0,0,683.70575,439.31516
2024-01-16T09:00:00Z,0,0,691.2703,454.70258
2024-01-16T12:00:00Z,0,0,726.06287,437.97122
2024-01-16T15:00:00Z,0,0,730.1595,445.49277
2024-01-16T18:00:00Z,0,0,692.4809,439.2503
2024-01-16T21:00:00Z,0,0,684.3142,434.0486
2024-01-17T00:00:00Z,0,0,704.7655,445.35327
2024-01-17T03:00:00Z,0,0,736.5748,446.80173
2024-01-17T06:00:00Z,0,0,734.452,439.86777
2024-01-17T09:00:00Z,0,0,718.27734,443.39703
2024-01-17T12:00:00Z,0,0,761.0375,449.46863
2024-01-17T15:00:00Z,0,0,760.1156,457.7526
2024-01-17T18:00:00Z,0,0,731.3253,443.62848
2024-01-17T21:00:00Z,0,0,712.28656,440.651
2024-01-18T00:00:00Z,0,0,701.1388,434.46515
2024-01-18T03:00:00Z,0,0,744.5248,439.16034
2024-01-18T06:00:00Z,0,0,749.4818,438.18066
2024-01-18T09:00:00Z,0,0,739.7135,444.18777
2024-01-18T12:00:00Z,0,0,747.32996,453.81
2024-01-18T15:00:00Z,0,0,752.33075,438.8957
2024-01-18T18:00:00Z,0,0,749.9872,440.63446
2024-01-18T21:00:00Z,0,0,704.36914,434.20242
2024-01-19T00:00:00Z,0,0,697.9687,435.24536
2024-01-19T03:00:00Z,0,0,743.64374,434.76898
2024-01-19T06:00:00Z,0,0,758.241,432.5179
2024-01-19T09:00:00Z,0,0,759.36,445.0805
2024-01-19T12:00:00Z,0,0,757.0781,454.88727
2024-01-19T15:00:00Z,0,0,773.1317,433.8253
2024-01-19T18:00:00Z,0,0,764.7304,442.46118
2024-01-19T21:00:00Z,0,0,724.3309,436.86932
2024-01-20T00:00:00Z,0,0,707.3172,438.46
2024-01-20T03:00:00Z,0,0,761.173,456.76984
2024-01-20T06:00:00Z,0,0,769.94525,448.63156
2024-01-20T09:00:00Z,0,0,774.2911,477.0748
2024-01-20T12:00:00Z,0,0,740.2603,446.03864
2024-01-20T15:00:00Z,0,0,757.63464,451.11926
2024-01-20T18:00:00Z,0,0,773.858,447.52206
2024-01-20T21:00:00Z,0,0,724.23773,439.2719
2024-01-21T00:00:00Z,0,0,722.4999,444.01138
2024-01-21T03:00:00Z,0,0,738.25903,445.33844
2024-01-21T06:00:00Z,0,0,781.3302,451.7216
2024-01-21T09:00:00Z,0,0,805.6519,462.52896
2024-01-21T12:00:00Z,0,0,772.03217,458.07034
2024-01-21T15:00:00Z,0,0,782.6723,463.77396
2024-01-21T18:00:00Z,0,0,780.99115,460.38153
2024-01-21T21:00:00Z,0,0,746.9759,438.6667
2024-01-22T00:00:00Z,0,0,714.1918,438.3578
2024-01-22T03:00:00Z,0,0,760.2023,446.55762
2024-01-22T06:00:00Z,0,0,792.2091,431.63312
2024-01-22T09:00:00Z,0,0,819.8567,433.52673
2024-01-22T12:00:00Z,0,0,797.17004,430.6824
2024-01-22T15:00:00Z,0,0,753.33,439.54398
2024-01-22T18:00:00Z,0,0,781.997,439.99655
2024-01-22T21:00:00Z,0,0,739.5255,434.74448
2024-01-23T00:00:00Z,0,0,725.7285,441.5495
2024-01-23T03:00:00Z,0,0,726.1611,451.07928
2024-01-23T06:00:00Z,0,0,807.9701,457.3781
2024-01-23T09:00:00Z,0,0,813.75037,490.23138
2024-01-23T12:00:00Z,0,0,810.1654,460.4448
2024-01-23T15:00:00Z,0,0,707.83203,479.46844
2024-01-23T18:00:00Z,0,0,724.31445,443.57068
2024-01-23T21:00:00Z,0,0,719.2426,451.1145
2024-01-24T00:00:00Z,0,0,701.0653,441.89154
2024-01-24T03:00:00Z,0,0,734.9464,436.29776
2024-01-24T06:00:00Z,0,0,795.21594,449.0388
2024-01-24T09:00:00Z,0,0,814.88385,453.37225
2024-01-24T12:00:00Z,0,0,813.1344,442.57468
2024-01-24T15:00:00Z,0,0,734.34686,425.68967
2024-01-24T18:00:00Z,0,0,728.0994,425.81256
2024-01-24T21:00:00Z,0,0,748.47845,425.2531
2024-01-25T00:00:00Z,0,0,720.8104,425.20483
2024-01-25T03:00:00Z,0,0,751.681,446.31464
2024-01-25T06:00:00Z,0,0,759.89124,474.14844
2024-01-25T09:00:00Z,0,0,797.1202,463.98795
2024-01-25T12:00:00Z,0,0,794.9317,433.96054
2024-01-25T15:00:00Z,0,0,743.49603,477.82532
2024-01-25T18:00:00Z,0,0,749.9545,433.84036
2024-01-25T21:00:00Z,0,0,758.015,437.75137
2024-01-26T00:00:00Z,0,0,716.7433,434.39102
2024-01-26T03:00:00Z,0,0,736.9057,444.26724
2024-01-26T06:00:00Z,0,0,768.22516,441.6545
2024-01-26T09:00:00Z,0,0,801.7228,484.40225
2024-01-26T12:00:00Z,0,0,800.11395,446.7693
2024-01-26T15:00:00Z,0,0,746.539,459.96573
2024-01-26T18:00:00Z,0,0,741.9471,444.60193
2024-01-26T21:00:00Z,0,0,777.74713,430.45242
2024-01-27T00:00:00Z,0,0,748.23676,434.18744
2024-01-27T03:00:00Z,0,0,750.24927,442.3388
2024-01-27T06:00:00Z,0,0,786.20654,443.57758
2024-01-27T09:00:00Z,0,0,805.63995,471.62845
2024-01-27T12:00:00Z,0,0,809.4923,455.7231
2024-01-27T15:00:00Z,0,0,798.6141,465.70966
2024-01-27T18:00:00Z,0,0,769.52966,456.20123
2024-01-27T21:00:00Z,0,0,795.0495,447.046
2024-01-28T00:00:00Z,0,0,717.7108,442.16193
2024-01-28T03:00:00Z,0,0,741.0951,443.05487
2024-01-28T06:00:00Z,0,0,772.2997,461.8697
2024-01-28T09:00:00Z,0,0,808.1067,464.92084
2024-01-28T12:00:00Z,0,0,806.2897,455.17017
2024-01-28T15:00:00Z,0,0,698.89996,480.58743
2024-01-28T18:00:00Z,0,0,754.5356,446.969
2024-01-28T21:00:00Z,0,0,752.7748,444.36295
2024-01-29T00:00:00Z,0,0,762.32874,439.8238
2024-01-29T03:00:00Z,0,0,729.37445,425.7483
2024-01-29T06:00:00Z,0,0,781.1563,426.1302
2024-01-29T09:00:00Z,0,0,754.9897,427.28168
2024-01-29T12:00:00Z,0,0,760.68634,448.9369
2024-01-29T15:00:00Z,0,0,726.18243,475.121
2024-01-29T18:00:00Z,0,0,746.3067,461.99673
2024-01-29T21:00:00Z,0,0,752.3684,428.7469
2024-01-30T00:00:00Z,0,0,625.4071,436.49896
2024-01-30T03:00:00Z,0,0,643.3726,442.85687
2024-01-30T06:00:00Z,0,0,764.5857,422.55774
2024-01-30T09:00:00Z,0,0,694.56573,436.64032
2024-01-30T12:00:00Z,0,0,593.9635,461.26828
2024-01-30T15:00:00Z,0,0,464.0319,450.16156
2024-01-30T18:00:00Z,0,0,578.1485,443.9681
2024-01-30T21:00:00Z,0,0,693.5825,438.80188
2024-01-31T00:00:00Z,0,0,477.06708,428.8121
2024-01-31T03:00:00Z,0,0,495.26053,431.43674
2024-01-31T06:00:00Z,0,0,654.50476,425.79123
2024-01-31T09:00:00Z,0,0,542.40515,427.31998
2024-01-31T12:00:00Z,0,0,515.9234,429.4096
2024-01-31T15:00:00Z,0,0,526.4196,430.44534
2024-01-31T18:00:00Z,0,0,593.56036,430.00705
2024-01-31T21:00:00Z,0,0,609.9617,428.55307
2024-02-01T00:00:00Z,0,0,551.83276,431.9821
2024-02-01T03:00:00Z,0,0,542.1007,431.27557
2024-02-01T06:00:00Z,0,0,569.49084,443.25638
2024-02-01T09:00:00Z,0,0,616.051,493.87152
2024-02-01T12:00:00Z,0,0,556.1733,493.80603
2024-02-01T15:00:00Z,0,0,513.35016,493.9495
2024-02-01T18:00:00Z,0,0,607.31775,456.01086
2024-02-01T21:00:00Z,0,0,619.85565,438.87003
2024-02-02T00:00:00Z,0,0,564.02325,437.44296
2024-02-02T03:00:00Z,0,0,512.91675,440.49567
2024-02-02T06:00:00Z,0,0,530.1107,466.63843
2024-02-02T09:00:00Z,0,0,579.3764,468.4921
2024-02-02T12:00:00Z,0,0,537.9981,448.27072
2024-02-02T15:00:00Z,0,0,535.8388,448.51154
2024-02-02T18:00:00Z,0,0,572.19574,439.52325
2024-02-02T21:00:00Z,0,0,580.87775,433.0321
2024-02-03T00:00:00Z,0,0,587.79175,436.97137
2024-02-03T03:00:00Z,0,0,500.92828,454.74484
2024-02-03T06:00:00Z,0,0,498.2245,437.86102
2024-02-03T09:00:00Z,0,0,504.08328,478.8269
2024-02-03T12:00:00Z,0,0,490.75204,448.51794
2024-02-03T15:00:00Z,0,0,517.4072,444.49414
2024-02-03T18:00:00Z,0,0,526.73724,434.18225
2024-02-03T21:00:00Z,0,0,521.95123,429.3021
2024-02-04T00:00:00Z,0,0,541.835,431.47736
2024-02-04T03:00:00Z,0,0,494.9674,464.7597
2024-02-04T06:00:00Z,0,0,481.47568,465.69778
2024-02-04T09:00:00Z,0,0,464.6171,465.36713
2024-02-04T12:00:00Z,0,0,470.445,436.30154
2024-02-04T15:00:00Z,0,0,475.54156,435.4591
2024-02-04T18:00:00Z,0,0,479.185,428.4376
2024-02-04T21:00:00Z,0,0,509.5814,428.23172
2024-02-05T00:00:00Z,0,0,517.921,434.95776
2024-02-05T03:00:00Z,0,0,503.5131,436.2655
2024-02-05T06:00:00Z,0,0,471.17776,446.1198
2024-02-05T09:00:00Z,0,0,475.72702,438.05103
2024-02-05T12:00:00Z,0,0,477.73706,432.00516
2024-02-05T15:00:00Z,0,0,480.78845,436.2152
2024-02-05T18:00:00Z,0,0,468.79047,431.19415
2024-02-05T21:00:00Z,0,0,522.3045,428.5647
2024-02-07T00:00:00Z,0,0,488.0069,430.0657
2024-02-07T03:00:00Z,0,0,517.79913,439.7279
2024-02-07T06:00:00Z,0,0,494.4452,443.43192
2024-02-07T09:00:00Z,0,0,479.26532,444.26535
2024-02-07T12:00:00Z,0,0,470.15314,445.03036
2024-02-07T15:00:00Z,0,0,507.41187,451.01776
2024-02-07T18:00:00Z,0,0,530.8897,428.70572
2024-02-07T21:00:00Z,0,0,501.44275,435.15863
2024-02-09T00:00:00Z,0,0,530.4024,428.44278
2024-02-09T03:00:00Z,0,0,538.43567,437.97104
2024-02-09T06:00:00Z,0,0,564.26294,441.8876
2024-02-09T09:00:00Z,0,0,598.42694,439.20987
2024-02-09T12:00:00Z,0,0,578.9031,438.5424
2024-02-09T15:00:00Z,0,0,559.9062,442.79376
2024-02-09T18:00:00Z,0,0,555.5872,433.7769
2024-02-09T21:00:00Z,0,0,513.7735,432.63287
2024-02-10T00:00:00Z,0,0,523.09760000000006,431.39072
2024-02-10T03:00:00Z,0,0,602.1737,444.2995
2024-02-10T06:00:00Z,0,0,583.2098,443.65207
2024-02-10T09:00:00Z,0,0,611.4831,443.59412
2024-02-10T12:00:00Z,0,0,619.1395,448.0907
2024-02-10T15:00:00Z,0,0,601.3519,472.79913
2024-02-10T18:00:00Z,0,0,585.4317,435.2936
2024-02-10T21:00:00Z,0,0,634.4093,430.40964
2024-02-11T00:00:00Z,0,0,559.3081,431.74536
2024-02-11T03:00:00Z,0,0,574.11224,439.5779
2024-02-11T06:00:00Z,0,0,628.01215,460.4524
2024-02-11T09:00:00Z,0,0,630.493,448.70807
2024-02-11T12:00:00Z,0,0,647.0102,446.3519
2024-02-11T15:00:00Z,0,0,587.93695,464.66223
2024-02-11T18:00:00Z,0,0,613.98773,439.689
2024-02-11T21:00:00Z,0,0,663.57764,440.0648
2024-02-12T00:00:00Z,0,0,596.6607,438.2226
2024-02-12T03:00:00Z,0,0,601.6311,447.33017
2024-02-12T06:00:00Z,0,0,637.74207,455.68936
2024-02-12T09:00:00Z,0,0,673.9571,460.05573
2024-02-12T12:00:00Z,0,0,657.3847,440.64124
2024-02-12T15:00:00Z,0,0,626.00934,431.48743
2024-02-12T18:00:00Z,0,0,608.88153,430.37122
2024-02-12T21:00:00Z,0,0,649.5295,429.93173
2024-02-13T00:00:00Z,0,0,651.3595,431.4822
2024-02-13T03:00:00Z,0,0,647.34705,437.46017
2024-02-13T06:00:00Z,0,0,654.7166,438.55692
2024-02-13T09:00:00Z,0,0,670.0118,474.779
2024-02-13T12:00:00Z,0,0,668.95917,457.20087
2024-02-13T15:00:00Z,0,0,648.15076,464.55933
2024-02-13T18:00:00Z,0,0,621.04346,431.08102
2024-02-13T21:00:00Z,0,0,637.6282,434.09296
2024-02-14T00:00:00Z,0,0,654.76117,431.71277
2024-02-14T03:00:00Z,0,0,670.88727,444.281
2024-02-14T06:00:00Z,0,0,673.8641,443.0716
2024-02-14T09:00:00Z,0,0,658.7184,441.8131
2024-02-14T12:00:00Z,0,0,688.3374,455.7705
2024-02-14T15:00:00Z,0,0,669.55524,444.72882
2024-02-14T18:00:00Z,0,0,658.3448,433.48413
2024-02-14T21:00:00Z,0,0,641.8047,430.05963
2024-02-15T00:00:00Z,0,0,653.1685,428.90274
2024-02-15T03:00:00Z,0,0,683.3295,442.87772
2024-02-15T06:00:00Z,0,0,662.17206,431.74728
2024-02-15T09:00:00Z,0,0,668.7195,430.9993
2024-02-15T12:00:00Z,0,0,687.27576,432.97858
2024-02-15T15:00:00Z,0,0,686.3567,433.3783
2024-02-15T18:00:00Z,0,0,630.3655,433.41623
2024-02-15T21:00:00Z,0,0,618.16486,428.79892
2024-02-16T00:00:00Z,0,0,670.4609,431.20963
2024-02-16T03:00:00Z,0,0,684.13226,436.98535
2024-02-16T06:00:00Z,0,0,703.2272,443.82947
2024-02-16T09:00:00Z,0,0,628.9736,442.6848
2024-02-16T12:00:00Z,0,0,677.5833,443.36932
2024-02-16T15:00:00Z,0,0,682.46533,437.2657
2024-02-16T18:00:00Z,0,0,624.98987,431.50446
2024-02-16T21:00:00Z,0,0,611.4996,428.13995
2024-02-17T00:00:00Z,0,0,618.5248,427.85312
2024-02-17T03:00:00Z,0,0,669.408,429.23465
2024-02-17T06:00:00Z,0,0,694.97015,431.57294
2024-02-17T09:00:00Z,0,0,689.80493,429.64017
2024-02-17T12:00:00Z,0,0,629.55066,429.45276
2024-02-17T15:00:00Z,0,0,687.43176,430.57416
2024-02-17T18:00:00Z,0,0,646.4265,427.75604
2024-02-17T21:00:00Z,0,0,634.0958,426.71808
2024-02-18T00:00:00Z,0,0,644.71155,426.6288
2024-02-18T03:00:00Z,0,0,683.4509,444.64517
2024-02-18T06:00:00Z,0,0,707.7514,450.9019
2024-02-18T09:00:00Z,0,0,692.3547,461.54776
2024-02-18T12:00:00Z,0,0,663.456,447.78003
2024-02-18T15:00:00Z,0,0,689.8771,470.62726
2024-02-18T18:00:00Z,0,0,651.7555,440.79407
2024-02-18T21:00:00Z,0,0,631.9063,436.34808
2024-02-19T00:00:00Z,0,0,647.9769,433.21362
2024-02-19T03:00:00Z,0,0,655.61066,432.6267
2024-02-19T06:00:00Z,0,0,712.6352,445.09607
2024-02-19T09:00:00Z,0,0,699.79565,442.56967
2024-02-19T12:00:00Z,0,0,662.49884,470.345
2024-02-19T15:00:00Z,0,0,665.552,468.2307
2024-02-19T18:00:00Z,0,0,665.2638,437.01447
2024-02-19T21:00:00Z,0,0,635.5991,435.34238
2024-02-20T00:00:00Z,0,0,647.9351,437.0476
2024-02-20T03:00:00Z,0,0,683.6941,443.79517
2024-02-20T06:00:00Z,0,0,702.3028,450.07086
2024-02-20T09:00:00Z,0,0,684.1219,449.83484
2024-02-20T12:00:00Z,0,0,672.2012,451.82507
2024-02-20T15:00:00Z,0,0,673.074,451.7526
2024-02-20T18:00:00Z,0,0,673.72015,439.6283
2024-02-20T21:00:00Z,0,0,652.32947,436.00345
2024-02-21T00:00:00Z,0,0,625.62445,436.54654
2024-02-21T03:00:00Z,0,0,666.92456,445.89917
2024-02-21T06:00:00Z,0,0,694.0618,455.13806
2024-02-21T09:00:00Z,0,0,710.33984,452.1876
2024-02-21T12:00:00Z,0,0,693.55756,448.2129
2024-02-21T15:00:00Z,0,0,669.57367,457.56027
2024-02-21T18:00:00Z,0,0,675.5017,437.3957
2024-02-21T21:00:00Z,0,0,662.6712,435.53915
2024-02-22T00:00:00Z,0,0,604.44794,548.12
2024-02-22T03:00:00Z,0,0,658.2678,479.3138
2024-02-22T06:00:00Z,0,0,696.2722,452.70535
2024-02-22T09:00:00Z,0,0,706.3521,465.556
2024-02-22T12:00:00Z,0,0,687.95435,491.90134
2024-02-22T15:00:00Z,0,0,642.7191,488.82642
2024-02-22T18:00:00Z,0,0,652.8233,459.82675
2024-02-22T21:00:00Z,0,0,619.7095,435.9907
2024-02-23T00:00:00Z,0,0,587.29236,439.95413
2024-02-23T03:00:00Z,0,0,656.3937,466.1888
2024-02-23T06:00:00Z,0,0,683.1007,444.38727
2024-02-23T09:00:00Z,0,0,702.1634,448.1419
2024-02-23T12:00:00Z,0,0,686.1357,445.665
2024-02-23T15:00:00Z,0,0,615.91364,448.61032
2024-02-23T18:00:00Z,0,0,632.2655,511.19083
2024-02-23T21:00:00Z,0,0,583.2941,433.6969
2024-02-24T00:00:00Z,0,0,585.0238,432.83307
2024-02-24T03:00:00Z,0,0,633.71185,439.21857
2024-02-24T06:00:00Z,0,0,674.089,445.2243
2024-02-24T09:00:00Z,0,0,706.22736,447.0061
2024-02-24T12:00:00Z,0,0,707.359,432.04565
2024-02-24T15:00:00Z,0,0,646.58295,447.42484
2024-02-24T18:00:00Z,0,0,643.6239,436.4319
2024-02-24T21:00:00Z,0,0,682.6674,428.5655
2024-02-25T00:00:00Z,0,0,596.05884,431.01038
2024-02-25T03:00:00Z,0,0,626.3832,428.47952
2024-02-25T06:00:00Z,0,0,671.11395,432.64948
2024-02-25T09:00:00Z,0,0,701.88104,442.87723
2024-02-25T12:00:00Z,0,0,720.9143,453.89487
2024-02-25T15:00:00Z,0,0,664.78864,446.28152
2024-02-25T18:00:00Z,0,0,663.8948,431.07843
2024-02-25T21:00:00Z,0,0,699.3407,433.9519
2024-02-27T00:00:00Z,0,0,673.9221,427.93842
2024-02-27T03:00:00Z,0,0,666.75085,429.26566
2024-02-27T06:00:00Z,0,0,654.1153,428.554
2024-02-27T09:00:00Z,0,0,672.81366,433.62445
2024-02-27T12:00:00Z,0,0,684.39014,435.3631
2024-02-27T15:00:00Z,0,0,674.9356,436.1095
2024-02-27T18:00:00Z,0,0,615.3672,428.91568
2024-02-27T21:00:00Z,0,0,639.91943,430.35754
2024-02-29T00:00:00Z,0,0,676.6874,428.029
2024-02-29T03:00:00Z,0,0,631.43176,428.7616
2024-02-29T06:00:00Z,0,0,633.59485,429.22467
2024-02-29T09:00:00Z,0,0,659.5098,435.29587
2024-02-29T12:00:00Z,0,0,703.5874,430.36102
2024-02-29T15:00:00Z,0,0,642.3208,431.1693
2024-02-29T18:00:00Z,0,0,601.19617,428.3429
2024-02-29T21:00:00Z,0,0,618.444,427.06207
2024-03-01T00:00:00Z,0,0,655.5074,428.9397
2024-03-01T03:00:00Z,0,0,597.3209,429.99103
2024-03-01T06:00:00Z,0,0,665.70483,431.03394
2024-03-01T09:00:00Z,0,0,637.9903,431.19308
2024-03-01T12:00:00Z,0,0,688.9803,432.0481
2024-03-01T15:00:00Z,0,0,598.7008,431.03256
2024-03-01T18:00:00Z,0,0,582.3927,428.15823
2024-03-01T21:00:00Z,0,0,553.3212,428.08792
2024-03-02T00:00:00Z,0,0,615.11914,427.58603
2024-03-02T03:00:00Z,0,0,713.99493,431.48013
2024-03-02T06:00:00Z,0,0,644.7085,429.85754
2024-03-02T09:00:00Z,0,0,613.35004,428.95795
2024-03-02T12:00:00Z,0,0,725.0898,431.40118
2024-03-02T15:00:00Z,0,0,648.06335,440.4123
2024-03-02T18:00:00Z,0,0,600.44586,427.44376
2024-03-02T21:00:00Z,0,0,600.1844,428.3538
2024-03-03T00:00:00Z,0,0,603.59326,427.2422
2024-03-03T03:00:00Z,0,0,689.13245,431.1643
2024-03-03T06:00:00Z,0,0,659.99036,430.13272
2024-03-03T09:00:00Z,0,0,650.42395,433.1269
2024-03-03T12:00:00Z,0,0,677.72260000000006,431.33072
2024-03-03T15:00:00Z,0,0,625.2869,435.41138
2024-03-03T18:00:00Z,0,0,593.53955,428.70517
2024-03-03T21:00:00Z,0,0,571.8486,429.65204
2024-03-04T00:00:00Z,0,0,551.31415,427.6593
2024-03-04T03:00:00Z,0,0,691.02344,437.4824
2024-03-04T06:00:00Z,0,0,695.92017,436.02432
2024-03-04T09:00:00Z,0,0,612.8419,438.78055
2024-03-04T12:00:00Z,0,0,601.5479,442.4812
2024-03-04T15:00:00Z,0,0,637.53186,442.01035
2024-03-04T18:00:00Z,0,0,590.3172,427.85123
2024-03-04T21:00:00Z,0,0,575.89325,428.04968
2024-03-05T00:00:00Z,0,0,570.5398,429.43015
2024-03-05T03:00:00Z,0,0,624.3458,432.40366
2024-03-05T06:00:00Z,0,0,664.66455,452.1636
2024-03-05T09:00:00Z,0,0,671.20166,441.3202
2024-03-05T12:00:00Z,0,0,577.58014,437.645
2024-03-05T15:00:00Z,0,0,620.49347,435.58963
2024-03-05T18:00:00Z,0,0,620.86066,434.74133
2024-03-05T21:00:00Z,0,0,550.0702,433.07538
2024-03-06T00:00:00Z,0,0,529.53314,432.811
2024-03-06T03:00:00Z,0,0,555.98914,437.43237
2024-03-06T06:00:00Z,0,0,648.3181,441.96033
2024-03-06T09:00:00Z,0,0,627.08344,439.85965
2024-03-06T12:00:00Z,0,0,597.13635,431.49622
2024-03-06T15:00:00Z,0,0,596.3572,441.06223
2024-03-06T18:00:00Z,0,0,569.1434,430.63464
2024-03-06T21:00:00Z,0,0,524.5579,429.07272
2024-03-07T00:00:00Z,0,0,513.3119,428.53537
2024-03-07T03:00:00Z,0,0,564.61176,433.36328
2024-03-07T06:00:00Z,0,0,622.49274,442.45276
2024-03-07T09:00:00Z,0,0,633.90546,439.1781
2024-03-07T12:00:00Z,0,0,616.4513,435.18744
2024-03-07T15:00:00Z,0,0,628.05,438.3531
2024-03-07T18:00:00Z,0,0,606.29236,428.81348
2024-03-07T21:00:00Z,0,0,580.93964,432.1686
2024-03-08T00:00:00Z,0,0,543.33606,432.07898
2024-03-08T03:00:00Z,0,0,569.2478,432.9107
2024-03-08T06:00:00Z,0,0,617.1197,440.5869
2024-03-08T09:00:00Z,0,0,651.70435,440.90997
2024-03-08T12:00:00Z,0,0,650.4759,440.95966
2024-03-08T15:00:00Z,0,0,664.0757,442.0595
2024-03-08T18:00:00Z,0,0,640.2774,432.914
2024-03-08T21:00:00Z,0,0,643.9609,431.4548
2024-03-09T00:00:00Z,0,0,578.214,426.83896
2024-03-09T03:00:00Z,0,0,630.9254,437.3928
2024-03-09T06:00:00Z,0,0,622.5241,432.26477
2024-03-09T09:00:00Z,0,0,668.58374,435.4438
2024-03-09T12:00:00Z,0,0,646.23914,448.91412
2024-03-09T15:00:00Z,0,0,655.4738,428.82486
2024-03-09T18:00:00Z,0,0,614.93555,429.69553
2024-03-09T21:00:00Z,0,0,642.70624,426.8126
2024-03-10T00:00:00Z,0,0,610.79755,427.60483
2024-03-10T03:00:00Z,0,0,614.33685,428.33844
2024-03-10T06:00:00Z,0,0,662.7214,428.70038
2024-03-10T09:00:00Z,0,0,680.9676,427.44193
2024-03-10T12:00:00Z,0,0,658.27625,430.1938
2024-03-10T15:00:00Z,0,0,627.2055,436.44724
2024-03-10T18:00:00Z,0,0,596.9883,427.4374
2024-03-10T21:00:00Z,0,0,661.45667,426.52844
2024-03-11T00:00:00Z,0,0,582.57275,424.75983
2024-03-11T03:00:00Z,0,0,596.90497,432.85278
2024-03-11T06:00:00Z,0,0,605.33075,442.80188
2024-03-11T09:00:00Z,0,0,679.17,439.7519
2024-03-11T12:00:00Z,0,0,658.8735,443.95392
2024-03-11T15:00:00Z,0,0,603.5191,446.92087
2024-03-11T18:00:00Z,0,0,602.3258,428.9595
2024-03-11T21:00:00Z,0,0,658.98895,429.14365
2024-03-12T00:00:00Z,0,0,652.99994,428.41623
2024-03-12T03:00:00Z,0,0,615.7584,436.1319
2024-03-12T06:00:00Z,0,0,610.2658,429.48758
2024-03-12T09:00:00Z,0,0,692.9174,436.5381
2024-03-12T12:00:00Z,0,0,684.8834,440.75552
2024-03-12T15:00:00Z,0,0,613.76697,443.02377
2024-03-12T18:00:00Z,0,0,592.87933,426.4388
2024-03-12T21:00:00Z,0,0,644.0564,425.42914
2024-03-13T00:00:00Z,0,0,637.0774,426.10968
2024-03-13T03:00:00Z,0,0,596.9146,434.24017
2024-03-13T06:00:00Z,0,0,596.3768,437.19485
2024-03-13T09:00:00Z,0,0,647.063,441.9364
2024-03-13T12:00:00Z,0,0,646.46747,453.34738
2024-03-13T15:00:00Z,0,0,607.58655,435.3634
2024-03-13T18:00:00Z,0,0,558.4286,428.5019
2024-03-13T21:00:00Z,0,0,513.09564,427.0702
2024-03-14T00:00:00Z,0,0,603.48615,427.51035
2024-03-14T03:00:00Z,0,0,514.16516,433.58273
2024-03-14T06:00:00Z,0,0,585.4781,442.57187
2024-03-14T09:00:00Z,0,0,558.0788,441.8062
2024-03-14T12:00:00Z,0,0,552.1324,443.4576
2024-03-14T15:00:00Z,0,0,564.5393,442.27344
2024-03-14T18:00:00Z,0,0,545.14465,433.37173
2024-03-14T21:00:00Z,0,0,555.9678,435.54416
2024-03-15T00:00:00Z,0,0,518.69434,433.65417
2024-03-15T03:00:00Z,0,0,518.3452,437.73587
2024-03-15T06:00:00Z,0,0,523.9636,445.1757
2024-03-15T09:00:00Z,0,0,540.2719,473.41626
2024-03-15T12:00:00Z,0,0,522.691,450.9251
2024-03-15T15:00:00Z,0,0,524.31274,450.19604
2024-03-15T18:00:00Z,0,0,534.0222,432.8624
2024-03-15T21:00:00Z,0,0,530.3321,430.3255
2024-03-16T00:00:00Z,0,0,460.51758,428.25446
2024-03-16T03:00:00Z,0,0,493.21536,440.1685
2024-03-16T06:00:00Z,0,0,512.3547,446.946
2024-03-16T09:00:00Z,0,0,522.4712,458.25204
2024-03-16T12:00:00Z,0,0,535.7462,484.1526
2024-03-16T15:00:00Z,0,0,541.0272,477.41998
2024-03-16T18:00:00Z,0,0,503.89755,428.7217
2024-03-16T21:00:00Z,0,0,500.5219,433.6826
2024-03-17T00:00:00Z,0,0,451.90192,432.61536
2024-03-17T03:00:00Z,0,0,515.05914,455.78
2024-03-17T06:00:00Z,0,0,501.24466,486.75427
2024-03-17T09:00:00Z,0,0,514.63794,483.57413
2024-03-17T12:00:00Z,0,0,518.1162,509.30002
2024-03-17T15:00:00Z,0,0,517.15137,466.42413
2024-03-17T18:00:00Z,0,0,482.7755,450.61658
2024-03-17T21:00:00Z,0,0,469.5212,453.67685
2024-03-18T00:00:00Z,0,0,465.51135,437.48624
2024-03-18T03:00:00Z,0,0,498.56985,434.3521
2024-03-18T06:00:00Z,0,0,489.9874,451.9676
2024-03-18T09:00:00Z,0,0,511.41998,460.8466
2024-03-18T12:00:00Z,0,0,508.56964,453.11432
2024-03-18T15:00:00Z,0,0,511.9569,491.4793
2024-03-18T18:00:00Z,0,0,505.43326,442.02625
2024-03-18T21:00:00Z,0,0,454.0362,439.22668
2024-03-19T00:00:00Z,0,0,424.51312,431.9667
2024-03-19T03:00:00Z,0,0,452.5512,442.2464
2024-03-19T06:00:00Z,0,0,546.086,483.4595
2024-03-19T09:00:00Z,0,0,533.18,489.09863
2024-03-19T12:00:00Z,0,0,497.73895,499.79935
2024-03-19T15:00:00Z,0,0,493.33636,452.30997
2024-03-19T18:00:00Z,0,0,468.59244,430.46652
2024-03-19T21:00:00Z,0,0,438.96204,429.54242
2024-03-20T00:00:00Z,0,0,378.52136,427.33914
2024-03-20T03:00:00Z,0,0,377.05847,430.54105
2024-03-20T06:00:00Z,0,0,549.93616,431.46622
2024-03-20T09:00:00Z,0,0,549.2776,430.87225
2024-03-20T12:00:00Z,0,0,519.6316,434.6381
2024-03-20T15:00:00Z,0,0,501.06686,436.16998
2024-03-20T18:00:00Z,0,0,543.9214,428.89053
2024-03-20T21:00:00Z,0,0,487.6941,426.10104
2024-03-21T00:00:00Z,0,0,337.0405,426.24396
2024-03-21T03:00:00Z,0,0,409.8367,435.97708
2024-03-21T06:00:00Z,0,0,569.60205,448.00034
2024-03-21T09:00:00Z,0,0,604.8812,470.4841
2024-03-21T12:00:00Z,0,0,315.7093,473.90344
2024-03-21T15:00:00Z,0,0,447.4881,445.89
2024-03-21T18:00:00Z,0,0,461.74515,430.75845
2024-03-21T21:00:00Z,0,0,394.88068,429.49
2024-03-22T00:00:00Z,0,0,276.79358,432.0869
2024-03-22T03:00:00Z,0,0,271.12137,439.156
2024-03-22T06:00:00Z,0,0,534.3603,453.01343
2024-03-22T09:00:00Z,0,0,593.29376,451.28015
2024-03-22T12:00:00Z,0,0,315.5009,471.55344
2024-03-22T15:00:00Z,0,0,518.8955,480.3491
2024-03-22T18:00:00Z,0,0,530.3646,434.96707
2024-03-22T21:00:00Z,0,0,552.76843,433.48328
2024-03-23T00:00:00Z,0,0,309.72897,432.5893
2024-03-23T03:00:00Z,0,0,236.40312,435.03018
2024-03-23T06:00:00Z,0,0,557.23254,441.31033
2024-03-23T09:00:00Z,0,0,621.25275,441.75223
2024-03-23T12:00:00Z,0,0,474.15677,437.83725
2024-03-23T15:00:00Z,0,0,491.80862,432.04428
2024-03-23T18:00:00Z,0,0,534.3322,432.30188
2024-03-23T21:00:00Z,0,0,641.0055,428.14587
2024-03-24T00:00:00Z,0,0,424.90036,427.90466
2024-03-24T03:00:00Z,0,0,334.4626,433.4226
2024-03-24T06:00:00Z,0,0,503.13654,438.4848
2024-03-24T09:00:00Z,0,0,619.4933,439.16968
2024-03-24T12:00:00Z,0,0,458.89587,459.68567
2024-03-24T15:00:00Z,0,0,422.6457,444.0808
2024-03-24T18:00:00Z,0,0,422.79123,434.60016
2024-03-24T21:00:00Z,0,0,605.015,430.25555
2024-03-25T00:00:00Z,0,0,294.8398,425.33102
2024-03-25T03:00:00Z,0,0,246.4495,436.28845
2024-03-25T06:00:00Z,0,0,327.19858,437.99866
2024-03-25T09:00:00Z,0,0,656.20245,435.26193
2024-03-25T12:00:00Z,0,0,448.23672,436.58878
2024-03-25T15:00:00Z,0,0,373.07086,434.29156
2024-03-25T18:00:00Z,0,0,213.535,428.40778
2024-03-25T21:00:00Z,0,0,578.2658,426.94186
2024-03-26T00:00:00Z,0,0,159.74431,429.1267
2024-03-26T03:00:00Z,0,0,190.0993,433.10504
2024-03-26T06:00:00Z,0,0,394.71033,457.27722
2024-03-26T09:00:00Z,0,0,612.3897,439.0426
2024-03-26T12:00:00Z,0,0,259.01465,448.8181
2024-03-26T15:00:00Z,0,0,518.1769,441.71188
2024-03-26T18:00:00Z,0,0,466.43927,425.69
2024-03-26T21:00:00Z,0,0,584.2965,427.66312
2024-03-27T00:00:00Z,0,0,596.17926,427.32486
2024-03-27T03:00:00Z,0,0,154.99826,433.6624
2024-03-27T06:00:00Z,0,0,398.25845,431.49725
2024-03-27T09:00:00Z,0,0,599.53345,434.64658
2024-03-27T12:00:00Z,0,0,615.00366,426.45364
2024-03-27T15:00:00Z,0,0,577.29364,427.86417
2024-03-27T18:00:00Z,0,0,471.65744,427.4938
2024-03-27T21:00:00Z,0,0,509.36517,429.4193
2024-03-28T00:00:00Z,0,0,592.8331,426.685
2024-03-28T03:00:00Z,0,0,217.03569,437.10568
2024-03-28T06:00:00Z,0,0,277.85516,442.27222
2024-03-28T09:00:00Z,0,0,607.28705,435.32617
2024-03-28T12:00:00Z,0,0,680.00134,431.0231
2024-03-28T15:00:00Z,0,0,550.9019,429.78412
2024-03-28T18:00:00Z,0,0,459.15985,428.3774
2024-03-28T21:00:00Z,0,0,529.0874,426.16345
2024-03-29T00:00:00Z,0,0,633.21606,426.27774
2024-03-29T03:00:00Z,0,0,412.87674,427.8564
2024-03-29T06:00:00Z,0,0,469.71622,431.7784
2024-03-29T09:00:00Z,0,0,457.2303,445.85583
2024-03-29T12:00:00Z,0,0,678.734,450.7819
2024-03-29T15:00:00Z,0,0,453.22104,466.96796
2024-03-29T18:00:00Z,0,0,423.96744,430.9614
2024-03-29T21:00:00Z,0,0,399.9653,431.615
2024-03-30T00:00:00Z,0,0,622.1842,428.3119
2024-03-30T03:00:00Z,0,0,616.7814,472.2305
2024-03-30T06:00:00Z,0,0,407.38538,472.77
2024-03-30T09:00:00Z,0,0,470.89087,444.13913
2024-03-30T12:00:00Z,0,0,613.909,450.92328
2024-03-30T15:00:00Z,0,0,428.40173,429.43173
2024-03-31T00:00:00Z,0,0,583.803,432.26828
2024-03-31T03:00:00Z,0,0,617.0272,446.35086
2024-03-31T06:00:00Z,0,0,474.92276,446.07742
2024-03-31T09:00:00Z,0,0,451.15622,442.90588
2024-03-31T12:00:00Z,0,0,612.0364,448.80136
2024-03-31T15:00:00Z,0,0,451.40744,429.06567
2024-03-31T18:00:00Z,0,0,427.99585,428.76346
2024-03-31T21:00:00Z,0,0,381.9669,428.78946
2024-04-01T00:00:00Z,0,0,522.1816,426.8731
2024-04-01T03:00:00Z,0,0,487.48932,436.46774
2024-04-01T06:00:00Z,0,0,503.11673,443.7688
2024-04-01T09:00:00Z,0,0,484.78882,483.73206
2024-04-01T12:00:00Z,0,0,523.2567,452.159
2024-04-01T15:00:00Z,0,0,481.92947,448.9991
2024-04-01T18:00:00Z,0,0,449.75708,432.5138
2024-04-01T21:00:00Z,0,0,408.3474,428.67255
2024-04-02T00:00:00Z,0,0,321.3502,425.97815
2024-04-02T03:00:00Z,0,0,421.13275,431.4826
2024-04-02T06:00:00Z,0,0,442.21136,443.59482
2024-04-02T09:00:00Z,0,0,451.17642,471.5457
2024-04-02T12:00:00Z,0,0,484.18655,452.26483
2024-04-02T15:00:00Z,0,0,480.73758,438.51846
2024-04-02T18:00:00Z,0,0,331.68982,428.03326
2024-04-02T21:00:00Z,0,0,358.52585,425.44296
2024-04-03T00:00:00Z,0,0,272.97137,424.01105
2024-04-03T03:00:00Z,0,0,395.56586,429.46674
2024-04-03T06:00:00Z,0,0,445.3293,431.94208
2024-04-03T09:00:00Z,0,0,450.99863,433.1345
2024-04-03T12:00:00Z,0,0,475.04135,434.2484
2024-04-03T15:00:00Z,0,0,437.77988,430.65036
2024-04-03T18:00:00Z,0,0,462.11102,427.98038
2024-04-03T21:00:00Z,0,0,402.2786,426.17538
2024-04-04T00:00:00Z,0,0,370.34137,426.96292
2024-04-04T03:00:00Z,0,0,366.71,434.27292
2024-04-04T06:00:00Z,0,0,508.89102,438.71103
2024-04-04T09:00:00Z,0,0,506.18015,438.19153
2024-04-04T12:00:00Z,0,0,334.52792,433.17654
2024-04-04T15:00:00Z,0,0,322.15433,436.5681
2024-04-04T18:00:00Z,0,0,350.41345,427.06638
2024-04-04T21:00:00Z,0,0,325.43158,425.709
2024-04-05T00:00:00Z,0,0,351.9169,426.8359
2024-04-05T03:00:00Z,0,0,329.49982,430.43033
2024-04-05T06:00:00Z,0,0,458.52634,436.15295
2024-04-05T09:00:00Z,0,0,452.16794,435.72104
2024-04-05T12:00:00Z,0,0,452.84897,437.66223
2024-04-05T15:00:00Z,0,0,459.12363,434.33255
2024-04-05T18:00:00Z,0,0,441.8191,426.31314
2024-04-05T21:00:00Z,0,0,429.29724,428.95496
2024-04-06T00:00:00Z,0,0,285.01984,427.10794
2024-04-06T03:00:00Z,0,0,291.02966,430.71204
2024-04-06T06:00:00Z,0,0,428.99603,442.91772
2024-04-06T09:00:00Z,0,0,474.65192,438.80396
2024-04-06T12:00:00Z,0,0,313.63797,433.84744
2024-04-06T15:00:00Z,0,0,366.36795,452.88968
2024-04-06T18:00:00Z,0,0,419.28586,433.35052
2024-04-06T21:00:00Z,0,0,441.3205,429.99158
2024-04-07T00:00:00Z,0,0,212.59947,422.03674
2024-04-07T03:00:00Z,0,0,316.22263,436.47382
2024-04-07T06:00:00Z,0,0,444.31277,437.3302
2024-04-07T09:00:00Z,0,0,501.14798,441.18274
2024-04-07T12:00:00Z,0,0,339.21722,450.81033
2024-04-07T15:00:00Z,0,0,346.58878,453.6533
2024-04-07T18:00:00Z,0,0,470.88742,432.21033
2024-04-07T21:00:00Z,0,0,462.18103,426.78827
2024-04-08T00:00:00Z,0,0,265.7298,428.6324
2024-04-08T03:00:00Z,0,0,313.18912,433.04138
2024-04-08T06:00:00Z,0,0,489.15244,439.50125
2024-04-08T09:00:00Z,0,0,553.1452,435.58276
2024-04-08T12:00:00Z,0,0,391.22653,484.71777
2024-04-08T15:00:00Z,0,0,391.00378,455.70795
2024-04-08T18:00:00Z,0,0,371.3126,431.08496
2024-04-08T21:00:00Z,0,0,523.08777,428.30984
2024-04-09T00:00:00Z,0,0,254.6586,427.75433
2024-04-09T03:00:00Z,0,0,256.41104,432.054
2024-04-09T06:00:00Z,0,0,368.1836,451.70514
2024-04-09T09:00:00Z,0,0,605.9633,448.80447
2024-04-09T12:00:00Z,0,0,325.29242,475.2455
2024-04-09T15:00:00Z,0,0,335.70398,428.67035
2024-04-09T18:00:00Z,0,0,369.1157,426.03894
2024-04-09T21:00:00Z,0,0,528.1762,427.66638
2024-04-10T00:00:00Z,0,0,542.8279,427.54745
2024-04-10T03:00:00Z,0,0,435.1093,432.45584
2024-04-10T06:00:00Z,0,0,400.165,439.42514
2024-04-10T09:00:00Z,0,0,591.2762,446.25003
2024-04-10T12:00:00Z,0,0,447.8136,441.9645
2024-04-10T15:00:00Z,0,0,413.95892,441.2486
2024-04-10T18:00:00Z,0,0,386.6936,433.90555
2024-04-10T21:00:00Z,0,0,495.04498,436.36176
2024-04-11T00:00:00Z,0,0,563.2626,427.58038
2024-04-11T03:00:00Z,0,0,371.5409,439.38483
2024-04-11T06:00:00Z,0,0,402.98428,450.0788
2024-04-11T09:00:00Z,0,0,631.42505,448.04105
2024-04-11T12:00:00Z,0,0,570.675,456.9645
2024-04-11T15:00:00Z,0,0,469.52,452.49377
2024-04-11T18:00:00Z,0,0,413.14224,438.60123
2024-04-11T21:00:00Z,0,0,429.61862,433.38257
2024-04-12T00:00:00Z,0,0,545.3457,439.07278
2024-04-12T03:00:00Z,0,0,362.96915,439.8609
2024-04-12T06:00:00Z,0,0,389.13208,431.99188
2024-04-12T09:00:00Z,0,0,567.6607,432.96948
2024-04-12T12:00:00Z,0,0,597.5168,439.065
2024-04-12T15:00:00Z,0,0,453.17102,435.04016
2024-04-12T18:00:00Z,0,0,462.06247,430.9667
2024-04-12T21:00:00Z,0,0,447.7126,426.361
2024-04-13T00:00:00Z,0,0,569.6738,425.57928
2024-04-13T03:00:00Z,0,0,598.0333,444.2007
2024-04-13T06:00:00Z,0,0,432.90137,448.1657
2024-04-13T09:00:00Z,0,0,438.04047,490.52533
2024-04-13T12:00:00Z,0,0,578.58435,472.34186
2024-04-13T15:00:00Z,0,0,443.36588,442.0914
2024-04-13T18:00:00Z,0,0,407.65173,426.49445
2024-04-13T21:00:00Z,0,0,398.47433,426.60168
2024-04-14T00:00:00Z,0,0,515.21185,426.63052
2024-04-14T03:00:00Z,0,0,612.1145,433.32892
2024-04-14T06:00:00Z,0,0,533.7485,453.46902
2024-04-14T09:00:00Z,0,0,406.79208,455.4645
2024-04-14T12:00:00Z,0,0,471.12668,470.00238
2024-04-14T15:00:00Z,0,0,452.56674,441.28864
2024-04-14T18:00:00Z,0,0,408.31985,434.59616
2024-04-14T21:00:00Z,0,0,419.44464,427.0505
2024-04-15T00:00:00Z,0,0,464.32397,426.6121
2024-04-15T03:00:00Z,0,0,633.7398,430.03983
2024-04-15T06:00:00Z,0,0,574.4798,434.19327
2024-04-15T09:00:00Z,0,0,486.43362,435.16672
2024-04-15T12:00:00Z,0,0,515.1814,433.75415
2024-04-15T15:00:00Z,0,0,491.00998,433.43448
2024-04-15T18:00:00Z,0,0,477.21774,427.21344
2024-04-15T21:00:00Z,0,0,459.54327,427.51947
2024-04-16T00:00:00Z,0,0,417.91016,428.23465
2024-04-16T03:00:00Z,0,0,554.09485,431.64154
2024-04-16T06:00:00Z,0,0,579.67175,433.1243
2024-04-16T09:00:00Z,0,0,538.9755,439.4119
2024-04-16T12:00:00Z,0,0,546.7331,442.0331
2024-04-16T15:00:00Z,0,0,483.96915,435.1231
2024-04-16T18:00:00Z,0,0,438.445,427.85654
2024-04-16T21:00:00Z,0,0,451.0793,430.21414
2024-04-17T00:00:00Z,0,0,378.82248,429.4431
2024-04-17T03:00:00Z,0,0,513.6576,436.5247
2024-04-17T06:00:00Z,0,0,609.8653,436.13245
2024-04-17T09:00:00Z,0,0,588.7761,447.58484
2024-04-17T12:00:00Z,0,0,603.29553,450.08554
2024-04-17T15:00:00Z,0,0,550.15204,436.94983
2024-04-17T18:00:00Z,0,0,462.47363,435.61533
2024-04-17T21:00:00Z,0,0,349.94226,432.7091
2024-04-18T00:00:00Z,0,0,355.54776,430.46396
2024-04-18T03:00:00Z,0,0,382.06705,438.25754
2024-04-18T06:00:00Z,0,0,581.1207,443.7685
2024-04-18T09:00:00Z,0,0,516.67065,448.36102
2024-04-18T12:00:00Z,0,0,527.97034,452.39584
2024-04-18T15:00:00Z,0,0,443.0136,436.01346
2024-04-18T18:00:00Z,0,0,382.815,434.78534
2024-04-18T21:00:00Z,0,0,360.55826,432.321
2024-04-27T00:00:00Z,0,0,529.8166,430.5738
2024-04-27T03:00:00Z,0,0,311.28156,429.27054
2024-04-27T06:00:00Z,0,0,252.57724,445.7007
2024-04-27T09:00:00Z,0,0,409.96515,430.79276
2024-04-27T12:00:00Z,0,0,341.51035,428.7509
2024-04-27T15:00:00Z,0,0,243.14827,430.9207
2024-04-27T18:00:00Z,0,0,273.37897,426.25565
2024-04-28T00:00:00Z,0,0,489.04813,426.321
2024-04-28T03:00:00Z,0,0,450.0345,428.52707
2024-04-28T06:00:00Z,0,0,215.13017,461.9838
2024-04-28T09:00:00Z,0,0,332.89807,438.32538
2024-04-28T12:00:00Z,0,0,220.93018,433.3129
2024-04-28T15:00:00Z,0,0,259.42484,434.44446
2024-04-28T18:00:00Z,0,0,307.13998,428.24344
2024-04-28T21:00:00Z,0,0,304.525,426.3428
2024-04-29T00:00:00Z,0,0,466.19012,426.98413
2024-04-29T03:00:00Z,0,0,491.02625,431.61844
2024-04-29T06:00:00Z,0,0,323.19727,435.58102
2024-04-29T09:00:00Z,0,0,391.7605,449.03897
2024-04-29T12:00:00Z,0,0,402.76398,439.96185
2024-04-30T03:00:00Z,0,0,502.20157,432.81345
2024-04-30T06:00:00Z,0,0,564.6381,434.23013
2024-04-30T09:00:00Z,0,0,317.14383,430.6012
2024-04-30T12:00:00Z,0,0,232.07692,437.848
2024-04-30T15:00:00Z,0,0,226.42294,438.10037
2024-04-30T18:00:00Z,0,0,236.36948,431.3767
2024-05-01T06:00:00Z,0,0,558.30536,442.0855
2024-05-01T09:00:00Z,0,0,380.3855,442.6969
2024-05-01T12:00:00Z,0,0,417.09445,446.17154
2024-05-02T03:00:00Z,0,0,542.02484,433.08813
2024-05-03T03:00:00Z,0,0,432.18652,435.4007
2024-05-03T06:00:00Z,0,0,454.94604,463.07452
2024-05-03T09:00:00Z,0,0,337.32312,464.56003
2024-05-03T12:00:00Z,0,0,418.95966,474.39206
2024-05-04T18:00:00Z,0,0,498.32516,431.00238
2024-05-05T12:00:00Z,0,0,299.1876,444.70694
2024-05-07T06:00:00Z,0,0,644.17694,438.51
2024-05-07T09:00:00Z,0,0,670.2384,445.47623
2024-05-07T12:00:00Z,0,0,516.6293,443.7933
2024-05-12T06:00:00Z,0,0,321.75638,432.62033
2024-05-12T09:00:00Z,0,0,385.34933,447.21933
2024-05-12T12:00:00Z,0,0,469.46536,474.34763
2024-05-13T09:00:00Z,0,0,568.61395,434.14984
2024-05-14T06:00:00Z,0,0,639.54095,430.92935
2024-05-17T12:00:00Z,0,0,570.1393,442.5248
2024-06-13T00:00:00Z,0,0,412.28638,419.31326
2024-06-13T03:00:00Z,0,0,512.22845,426.01038
2024-06-13T06:00:00Z,0,0,543.11224,433.62003
2024-06-13T09:00:00Z,0,0,471.30017,442.8548
2024-06-13T12:00:00Z,0,0,547.30914,453.44864
2024-06-13T15:00:00Z,0,0,319.1531,437.6755
2024-06-13T18:00:00Z,0,0,206.82637,430.16895
2024-06-13T21:00:00Z,0,0,186.67415,421.27707
2024-06-14T00:00:00Z,0,0,332.94745,421.19983
2024-06-14T03:00:00Z,0,0,568.2657,425.53708
2024-06-14T06:00:00Z,0,0,531.3779,428.74222
2024-06-14T09:00:00Z,0,0,383.9245,447.36813
2024-06-14T12:00:00Z,0,0,517.4236,468.044
2024-06-14T15:00:00Z,0,0,310.5053,434.0386
2024-06-14T18:00:00Z,0,0,163.14206,426.74417
2024-06-14T21:00:00Z,0,0,187.27174,421.82706
2024-06-15T00:00:00Z,0,0,170.05861,421.07657
2024-06-15T03:00:00Z,0,0,520.1302,424.71863
2024-06-15T06:00:00Z,0,0,485.7595,428.7183
2024-06-15T09:00:00Z,0,0,452.5031,432.29706
2024-06-15T12:00:00Z,0,0,440.02725,429.4257
2024-06-15T15:00:00Z,0,0,486.84784,430.51672
2024-06-15T18:00:00Z,0,0,465.38513,428.52908
2024-06-15T21:00:00Z,0,0,153.96364,420.67584
2024-06-16T00:00:00Z,0,0,139.69345,421.78088
2024-06-16T03:00:00Z,0,0,500.52084,423.4871
2024-06-16T06:00:00Z,0,0,412.8281,439.95758
2024-06-16T09:00:00Z,0,0,422.69415,444.30154
2024-06-16T12:00:00Z,0,0,410.21518,442.21103
2024-06-16T15:00:00Z,0,0,234.6369,433.4028
2024-06-16T18:00:00Z,0,0,458.51413,426.78607
2024-06-16T21:00:00Z,0,0,420.14813,419.26364
2024-06-17T00:00:00Z,0,0,311.6724,419.14398
2024-06-17T03:00:00Z,0,0,376.85638,422.8635
2024-06-17T06:00:00Z,0,0,313.97415,426.46277
2024-06-17T09:00:00Z,0,0,394.99582,450.27258
2024-06-17T12:00:00Z,0,0,438.16946,445.399
2024-06-17T15:00:00Z,0,0,356.86087,424.48483
2024-06-17T18:00:00Z,0,0,371.43982,419.66364
2024-06-17T21:00:00Z,0,0,365.94797,417.4576
2024-06-18T00:00:00Z,0,0,358.31757,420.1317
2024-06-18T03:00:00Z,0,0,324.45547,421.37567
2024-06-18T06:00:00Z,0,0,364.94794,427.1505
2024-06-18T09:00:00Z,0,0,378.1195,453.03415
2024-06-18T12:00:00Z,0,0,392.83157,433.30548
2024-06-18T15:00:00Z,0,0,222.01295,429.80917
2024-06-18T18:00:00Z,0,0,321.51706,420.98206
2024-06-18T21:00:00Z,0,0,309.42395,421.7138
2024-06-19T00:00:00Z,0,0,289.11676,418.66464
2024-06-19T03:00:00Z,0,0,253.95656,421.48532
2024-06-19T06:00:00Z,0,0,282.30844,437.5274
2024-06-19T09:00:00Z,0,0,286.92877,457.88275
2024-06-19T12:00:00Z,0,0,263.7102,507.2833
2024-06-19T15:00:00Z,0,0,240.50845,442.61227
2024-06-19T18:00:00Z,0,0,316.3969,433.09467
2024-06-20T00:00:00Z,0,0,331.59692,418.4443
2024-06-20T03:00:00Z,0,0,186.48378,423.12518
2024-06-20T06:00:00Z,0,0,303.47467,451.20773
2024-06-20T09:00:00Z,0,0,207.22603,498.02515
2024-06-20T12:00:00Z,0,0,227.38828,508.11914
2024-06-20T15:00:00Z,0,0,270.40308,453.3078
2024-06-20T18:00:00Z,0,0,232.76706,432.97375
2024-06-20T21:00:00Z,0,0,303.87708,428.22037
2024-06-21T00:00:00Z,0,0,263.1986,424.2083
2024-06-21T03:00:00Z,0,0,183.01347,428.4931
2024-06-21T06:00:00Z,0,0,319.0654,480.60065
2024-06-21T09:00:00Z,0,0,190.19673,465.2757
2024-06-21T12:00:00Z,0,0,211.04173,473.38983
2024-06-21T15:00:00Z,0,0,238.56792,465.83896
2024-06-21T18:00:00Z,0,0,216.5245,426.89618
2024-06-21T21:00:00Z,0,0,261.46967,430.27054
2024-06-22T00:00:00Z,0,0,309.50204,419.74503
2024-06-22T03:00:00Z,0,0,248.92567,419.78876
2024-06-22T06:00:00Z,0,0,272.77725,424.7593
2024-06-22T09:00:00Z,0,0,288.53363,444.5403
2024-06-22T12:00:00Z,0,0,165.51138,439.69913
2024-06-22T15:00:00Z,0,0,235.33208,436.54602
2024-06-22T18:00:00Z,0,0,283.8705,425.87704
2024-06-22T21:00:00Z,0,0,330.3817,420.70517
2024-06-23T00:00:00Z,0,0,397.95032,415.45016
2024-06-23T03:00:00Z,0,0,309.95084,418.25757
2024-06-23T06:00:00Z,0,0,292.19186,424.59796
2024-06-23T09:00:00Z,0,0,406.87054,425.53653
2024-06-23T12:00:00Z,0,0,329.21378,429.91827
2024-06-23T15:00:00Z,0,0,307.49744,427.80118
2024-06-23T18:00:00Z,0,0,292.13776,421.6457
2024-06-23T21:00:00Z,0,0,328.67896,421.7919
2024-06-24T00:00:00Z,0,0,391.3535,422.31192
2024-06-24T03:00:00Z,0,0,311.12927,420.86566
2024-06-24T06:00:00Z,0,0,250.43948,424.89688
2024-06-24T09:00:00Z,0,0,418.85294,428.02277
2024-06-24T12:00:00Z,0,0,419.99393,432.9495
2024-06-24T15:00:00Z,0,0,399.10324,425.86868
2024-06-24T18:00:00Z,0,0,346.10587,419.54608
2024-06-24T21:00:00Z,0,0,327.74966,422.12625
2024-06-25T00:00:00Z,0,0,438.91693,418.40704
2024-06-25T03:00:00Z,0,0,365.1393,422.15622
2024-06-25T06:00:00Z,0,0,233.13052,434.13104
2024-06-25T09:00:00Z,0,0,264.25018,452.07205
2024-06-25T12:00:00Z,0,0,363.99277,493.9042
2024-06-25T15:00:00Z,0,0,290.5907,419.1369
2024-06-25T18:00:00Z,0,0,277.9886,433.69037
2024-06-25T21:00:00Z,0,0,229.26793,428.17847
2024-06-26T00:00:00Z,0,0,533.7072,422.7121
2024-06-26T03:00:00Z,0,0,554.41516,426.2652
2024-06-26T06:00:00Z,0,0,208.27585,454.43002
2024-06-26T09:00:00Z,0,0,263.02087,481.84018
2024-06-26T12:00:00Z,0,0,333.29138,453.2538
2024-06-26T15:00:00Z,0,0,240.95274,428.76636
2024-06-26T18:00:00Z,0,0,237.42656,420.9638
2024-06-26T21:00:00Z,0,0,342.97208,420.40103
2024-06-27T00:00:00Z,0,0,537.3674,420.04208
2024-06-27T03:00:00Z,0,0,524.7824,421.8857
2024-06-27T06:00:00Z,0,0,276.75156,424.87546
2024-06-27T09:00:00Z,0,0,411.1692,430.28607
2024-06-27T12:00:00Z,0,0,445.45895,428.51883
2024-06-27T15:00:00Z,0,0,282.8188,431.26636
2024-06-27T18:00:00Z,0,0,359.7943,418.49707
2024-06-27T21:00:00Z,0,0,400.67416,420.59103
2024-06-28T00:00:00Z,0,0,639.32385,419.60913
2024-06-28T03:00:00Z,0,0,629.4174,420.8105
2024-06-28T06:00:00Z,0,0,482.191,425.6655
2024-06-28T09:00:00Z,0,0,421.20175,431.11188
2024-06-28T12:00:00Z,0,0,402.6876,446.3764
2024-06-28T15:00:00Z,0,0,634.8888,434.7064
2024-06-28T18:00:00Z,0,0,285.2014,430.6331
2024-06-28T21:00:00Z,0,0,255.85104,425.82846
2024-06-29T00:00:00Z,0,0,422.94467,423.73038
2024-06-29T03:00:00Z,0,0,590.83997,424.1624
2024-06-29T06:00:00Z,0,0,434.1978,439.24255
2024-06-29T09:00:00Z,0,0,376.1802,479.115
2024-06-29T12:00:00Z,0,0,391.99222,453.23328
2024-06-29T15:00:00Z,0,0,575.04346,429.06845
2024-06-29T18:00:00Z,0,0,336.2619,432.53156
2024-06-29T21:00:00Z,0,0,245.6419,423.5367
2024-06-30T00:00:00Z,0,0,285.6119,419.33743
2024-06-30T03:00:00Z,0,0,730.8038,430.4867
2024-06-30T06:00:00Z,0,0,319.32724,430.42258
2024-06-30T09:00:00Z,0,0,379.495,461.46463
2024-06-30T12:00:00Z,0,0,406.43948,463.42468
2024-06-30T15:00:00Z,0,0,447.31985,442.75656
2024-06-30T18:00:00Z,0,0,653.8905,435.75293
2024-06-30T21:00:00Z,0,0,264.44778,434.25275
2024-07-01T00:00:00Z,0,0,231.35071,419.72327
2024-07-01T03:00:00Z,0,0,716.13916,421.3622
2024-07-01T06:00:00Z,0,0,532.6969,447.55374
2024-07-01T09:00:00Z,0,0,332.8298,448.8809
2024-07-01T12:00:00Z,0,0,507.64532,461.09692
2024-07-01T15:00:00Z,0,0,443.72464,425.90448
2024-07-01T18:00:00Z,0,0,631.9536,423.6957
2024-07-01T21:00:00Z,0,0,611.44775,416.09433
2024-07-02T00:00:00Z,0,0,624.7818,418.75778
2024-07-02T03:00:00Z,0,0,497.48398,420.34155
2024-07-02T06:00:00Z,0,0,621.41,424.6843
2024-07-02T09:00:00Z,0,0,672.33875,443.14606
2024-07-02T12:00:00Z,0,0,629.2977,439.4574
2024-07-02T15:00:00Z,0,0,486.9381,422.9359
2024-07-02T18:00:00Z,0,0,537.4882,420.33243
2024-07-02T21:00:00Z,0,0,563.7338,417.23932
2024-07-03T00:00:00Z,0,0,522.5588,418.70792
2024-07-03T03:00:00Z,0,0,517.00104,421.0283
2024-07-03T06:00:00Z,0,0,554.78723,431.43225
2024-07-03T09:00:00Z,0,0,603.0926,444.10397
2024-07-03T12:00:00Z,0,0,582.8475,445.10846
2024-07-03T15:00:00Z,0,0,400.6669,431.65158
2024-07-03T18:00:00Z,0,0,507.16275,429.969
2024-07-03T21:00:00Z,0,0,593.1113,426.44827
2024-07-04T00:00:00Z,0,0,545.47723,423.66983
2024-07-04T03:00:00Z,0,0,434.1171,422.3965
2024-07-04T06:00:00Z,0,0,593.2133,439.07877
2024-07-04T09:00:00Z,0,0,459.71173,493.13382
2024-07-04T12:00:00Z,0,0,544.22,484.9476
2024-07-04T15:00:00Z,0,0,388.07928,466.4653
2024-07-04T18:00:00Z,0,0,389.82086,428.88208
2024-07-04T21:00:00Z,0,0,574.2496,423.3769
2024-07-05T00:00:00Z,0,0,482.9338,418.19534
2024-07-05T03:00:00Z,0,0,372.03604,420.4186
2024-07-05T06:00:00Z,0,0,501.12152,515.2333
2024-07-05T09:00:00Z,0,0,467.72565,477.23087
2024-07-05T12:00:00Z,0,0,499.41412,526.55
2024-07-05T15:00:00Z,0,0,435.40002,468.19672
2024-07-05T18:00:00Z,0,0,349.81915,419.9138
2024-07-05T21:00:00Z,0,0,537.42535,420.50708
2024-07-06T00:00:00Z,0,0,561.8755,417.48706
2024-07-06T03:00:00Z,0,0,287.19757,419.13895
2024-07-06T06:00:00Z,0,0,352.02155,503.0255
2024-07-06T09:00:00Z,0,0,339.43774,522.27295
2024-07-06T12:00:00Z,0,0,374.5934,528.04694
2024-07-06T15:00:00Z,0,0,348.5048,446.3295
2024-07-06T18:00:00Z,0,0,395.01517,433.10468
2024-07-06T21:00:00Z,0,0,553.27997,426.67487
2024-07-07T00:00:00Z,0,0,589.69916,424.48053
2024-07-07T03:00:00Z,0,0,265.40018,428.05243
2024-07-07T06:00:00Z,0,0,328.07947,466.70535
2024-07-07T09:00:00Z,0,0,539.16656,501.5914
2024-07-07T12:00:00Z,0,0,285.64844,552.1879
2024-07-07T15:00:00Z,0,0,349.8991,490.6681
2024-07-07T18:00:00Z,0,0,397.36206,472.20212
2024-07-07T21:00:00Z,0,0,447.64655,430.5926
2024-07-08T00:00:00Z,0,0,497.33566,425.9938
2024-07-08T03:00:00Z,0,0,229.65086,436.6514
2024-07-08T06:00:00Z,0,0,265.9264,484.04382
2024-07-08T09:00:00Z,0,0,413.41864,441.0452
2024-07-08T12:00:00Z,0,0,267.81,516.5748
2024-07-08T15:00:00Z,0,0,313.73636,441.30194
2024-07-08T18:00:00Z,0,0,389.82272,430.6293
2024-07-08T21:00:00Z,0,0,408.13913,434.4543
2024-07-09T00:00:00Z,0,0,536.4088,431.85788
2024-07-09T03:00:00Z,0,0,278.24982,441.65277
2024-07-09T06:00:00Z,0,0,332.70468,464.03244
2024-07-09T09:00:00Z,0,0,438.37567,461.13397
2024-07-09T12:00:00Z,0,0,262.95517,532.1964
2024-07-09T15:00:00Z,0,0,307.16275,468.7308
2024-07-09T18:00:00Z,0,0,353.1869,425.2057
2024-07-09T21:00:00Z,0,0,364.01483,426.47034
2024-07-10T00:00:00Z,0,0,546.22363,428.5419
2024-07-10T03:00:00Z,0,0,283.12604,442.7009
2024-07-10T06:00:00Z,0,0,341.58328,429.02933
2024-07-10T09:00:00Z,0,0,390.9086,444.8238
2024-07-10T12:00:00Z,0,0,504.88757,434.4057
2024-07-10T15:00:00Z,0,0,284.16568,425.85928
2024-07-11T00:00:00Z,0,0,471.79083,416.65082
2024-07-11T03:00:00Z,0,0,555.6954,419.1196
2024-07-11T06:00:00Z,0,0,592.2021,424.49896
2024-07-11T09:00:00Z,0,0,619.42725,429.1912
2024-07-11T12:00:00Z,0,0,599.85706,433.9547
2024-07-11T15:00:00Z,0,0,286.8886,426.46014
2024-07-11T18:00:00Z,0,0,273.45984,419.59085
2024-07-11T21:00:00Z,0,0,214.44861,417.99725
2024-07-12T00:00:00Z,0,0,495.17636,408.92877
2024-07-12T03:00:00Z,0,0,503.35706,419.19397
2024-07-12T06:00:00Z,0,0,547.75653,426.06567
2024-07-12T09:00:00Z,0,0,540.42633,445.47928
2024-07-12T12:00:00Z,0,0,543.82104,460.90482
2024-07-12T15:00:00Z,0,0,557.92896,437.24808
2024-07-12T18:00:00Z,0,0,263.3076,422.35397
2024-07-12T21:00:00Z,0,0,256.44,421.17053
2024-07-13T00:00:00Z,0,0,433.05548,426.79535
2024-07-13T03:00:00Z,0,0,453.28775,420.68866
2024-07-13T06:00:00Z,0,0,393.63397,421.6524
2024-07-13T09:00:00Z,0,0,442.53607,468.0636
2024-07-13T12:00:00Z,0,0,339.38193,511.46652
2024-07-13T15:00:00Z,0,0,504.71466,454.08673
2024-07-13T18:00:00Z,0,0,284.48965,422.90894
2024-07-13T21:00:00Z,0,0,235.49567,422.75327
2024-07-14T00:00:00Z,0,0,380.78052,427.87827
2024-07-14T03:00:00Z,0,0,390.15277,423.59378
2024-07-14T06:00:00Z,0,0,284.7321,448.5147
2024-07-14T09:00:00Z,0,0,406.2616,462.4364
2024-07-14T12:00:00Z,0,0,356.8671,467.53278
2024-07-14T15:00:00Z,0,0,378.47208,437.07864
2024-07-14T18:00:00Z,0,0,320.58292,418.77325
2024-07-14T21:00:00Z,0,0,293.21844,417.84103
2024-07-15T00:00:00Z,0,0,275.23654,409.24466
2024-07-15T03:00:00Z,0,0,289.19745,419.40952
2024-07-15T06:00:00Z,0,0,299.40536,424.7924
2024-07-15T09:00:00Z,0,0,332.69672,425.0676
2024-07-15T12:00:00Z,0,0,329.89447,429.0257
2024-07-15T15:00:00Z,0,0,307.01776,426.85617
2024-07-15T18:00:00Z,0,0,356.8224,427.37946
2024-07-15T21:00:00Z,0,0,283.7081,427.2555
2024-07-18T00:00:00Z,0,0,302.88208,412.92325
2024-07-18T03:00:00Z,0,0,253.50325,415.10278
2024-07-18T06:00:00Z,0,0,306.76343,421.7812
2024-07-18T09:00:00Z,0,0,277.96655,445.43326
2024-07-18T12:00:00Z,0,0,286.24155,432.14777
2024-07-18T15:00:00Z,0,0,273.60983,427.87448
2024-07-18T18:00:00Z,0,0,301.45828,425.1722
2024-07-18T21:00:00Z,0,0,306.57742,418.60617
2024-07-19T00:00:00Z,0,0,277.03775,412.79828
2024-07-19T03:00:00Z,0,0,274.36484,415.28946
2024-07-19T06:00:00Z,0,0,317.36,421.98553
2024-07-19T09:00:00Z,0,0,334.76913,427.17896
2024-07-19T12:00:00Z,0,0,313.01376,452.9466
2024-07-19T15:00:00Z,0,0,288.76276,432.19275
2024-07-20T00:00:00Z,0,0,332.59708,413.20584
2024-07-20T03:00:00Z,0,0,243.60811,418.86588
2024-07-20T06:00:00Z,0,0,313.77118,436.75122
2024-07-20T09:00:00Z,0,0,266.0624,475.7093
2024-07-20T12:00:00Z,0,0,316.93326,488.4607
2024-07-20T15:00:00Z,0,0,322.12982,427.54483
2024-07-20T18:00:00Z,0,0,277.10242,414.7986
2024-07-20T21:00:00Z,0,0,336.6233,417.36517
2024-07-21T00:00:00Z,0,0,338.03204,417.69153
2024-07-21T03:00:00Z,0,0,377.87363,418.0617
2024-07-21T06:00:00Z,0,0,328.8014,426.115
2024-07-21T09:00:00Z,0,0,397.3076,434.0805
2024-07-21T12:00:00Z,0,0,373.17932,426.99878
2024-07-21T15:00:00Z,0,0,372.43158,435.0393
2024-07-21T18:00:00Z,0,0,358.73895,424.91916
2024-07-21T21:00:00Z,0,0,416.62085,416.37378
2024-07-22T00:00:00Z,0,0,428.77225,408.43448
2024-07-22T03:00:00Z,0,0,396.90894,417.5995
2024-07-22T06:00:00Z,0,0,386.5636,430.6912
2024-07-22T09:00:00Z,0,0,428.68533,439.415
2024-07-22T12:00:00Z,0,0,340.07,425.50742
2024-07-22T15:00:00Z,0,0,362.92154,415.4407
2024-07-22T18:00:00Z,0,0,367.67242,413.2903
2024-07-22T21:00:00Z,0,0,402.39035,409.98364
2024-07-23T00:00:00Z,0,0,425.8088,413.03708
2024-07-23T03:00:00Z,0,0,413.68567,413.25037
2024-07-23T06:00:00Z,0,0,498.8871,417.4376
2024-07-23T09:00:00Z,0,0,526.70935,426.7819
2024-07-23T12:00:00Z,0,0,452.18774,439.60486
2024-07-23T15:00:00Z,0,0,405.78503,426.5772
2024-07-23T18:00:00Z,0,0,398.09155,409.63516
2024-07-23T21:00:00Z,0,0,408.26794,411.52618
2024-07-24T00:00:00Z,0,0,463.38123,408.52255
2024-07-24T03:00:00Z,0,0,410.57156,410.70016
2024-07-24T06:00:00Z,0,0,498.08224,414.57394
2024-07-24T09:00:00Z,0,0,521.8609,435.38638
2024-07-24T12:00:00Z,0,0,578.21796,454.3707
2024-07-24T15:00:00Z,0,0,409.96796,423.84415
2024-07-24T18:00:00Z,0,0,406.86362,414.5652
2024-07-24T21:00:00Z,0,0,386.30206,415.68314
2024-07-25T00:00:00Z,0,0,511.69363,414.49426
2024-07-25T03:00:00Z,0,0,584.2374,414.2595
2024-07-25T06:00:00Z,0,0,491.86057,416.76962
2024-07-25T09:00:00Z,0,0,516.37964,426.02582
2024-07-25T12:00:00Z,0,0,599.32275,441.891
2024-07-25T15:00:00Z,0,0,440.1393,424.60168
2024-07-25T18:00:00Z,0,0,409.60068,416.34103
2024-07-25T21:00:00Z,0,0,370.98398,411.96982
2024-07-26T00:00:00Z,0,0,523.47516,408.56567
2024-07-26T03:00:00Z,0,0,542.2691,412.9024
2024-07-26T06:00:00Z,0,0,556.3326,420.03775
2024-07-26T09:00:00Z,0,0,506.4674,439.44272
2024-07-26T12:00:00Z,0,0,618.5318,440.5257
2024-07-26T15:00:00Z,0,0,462.54123,430.08688
2024-07-26T18:00:00Z,0,0,377.59244,417.38342
2024-07-26T21:00:00Z,0,0,344.32584,413.4521
2024-07-27T00:00:00Z,0,0,494.0343,412.25568
2024-07-27T03:00:00Z,0,0,590.13995,412.78137
2024-07-27T06:00:00Z,0,0,455.99124,425.57306
2024-07-27T09:00:00Z,0,0,559.23016,442.31827
2024-07-27T12:00:00Z,0,0,654.57806,440.87137
2024-07-27T15:00:00Z,0,0,622.0612,430.61407
2024-07-27T18:00:00Z,0,0,398.3491,427.30737
2024-07-27T21:00:00Z,0,0,290.22675,417.6452
2024-07-28T00:00:00Z,0,0,563.60175,412.91568
2024-07-28T03:00:00Z,0,0,555.5438,412.60788
2024-07-28T06:00:00Z,0,0,520.7867,421.44882
2024-07-28T09:00:00Z,0,0,515.7691,431.2448
2024-07-28T12:00:00Z,0,0,600.3948,454.17844
2024-07-28T15:00:00Z,0,0,616.4302,425.63617
2024-07-28T18:00:00Z,0,0,590.0715,421.74915
2024-07-28T21:00:00Z,0,0,413.36877,418.8103
2024-07-29T00:00:00Z,0,0,446.59634,417.24805
2024-07-29T03:00:00Z,0,0,539.30536,414.58517
2024-07-29T06:00:00Z,0,0,420.55304,421.87106
2024-07-29T09:00:00Z,0,0,537.69415,424.5045
2024-07-29T12:00:00Z,0,0,538.47565,424.80377
2024-07-29T15:00:00Z,0,0,655.93243,427.04208
2024-07-29T18:00:00Z,0,0,601.3225,423.52255
2024-07-29T21:00:00Z,0,0,517.52484,424.26712
2024-07-30T00:00:00Z,0,0,462.51636,427.83292
2024-07-30T03:00:00Z,0,0,592.9926,427.80606
2024-07-30T06:00:00Z,0,0,482.38913,436.39755
2024-07-30T09:00:00Z,0,0,537.6519,432.71722
2024-07-30T12:00:00Z,0,0,498.86414,441.99637
2024-07-30T15:00:00Z,0,0,551.0377,438.84363
2024-07-30T18:00:00Z,0,0,597.5965,434.04712
2024-07-30T21:00:00Z,0,0,595.3709,427.02258
2024-07-31T00:00:00Z,0,0,515.22327,427.8914
2024-07-31T03:00:00Z,0,0,482.2731,425.3074
2024-07-31T06:00:00Z,0,0,477.3031,422.27603
2024-07-31T09:00:00Z,0,0,515.90955,426.5224
2024-07-31T12:00:00Z,0,0,572.77655,428.91794
2024-07-31T15:00:00Z,0,0,538.8688,428.39417
2024-07-31T18:00:00Z,0,0,533.3959,431.63324
2024-07-31T21:00:00Z,0,0,622.12775,418.34885
2024-08-01T00:00:00Z,0,0,410.03293,416.96777
2024-08-01T03:00:00Z,0,0,413.21503,421.69553
2024-08-01T06:00:00Z,0,0,511.7998,443.47775
2024-08-01T09:00:00Z,0,0,541.7104,455.92102
2024-08-01T12:00:00Z,0,0,540.5151,512.3024
2024-08-01T15:00:00Z,0,0,541.33466,420.8988
2024-08-01T18:00:00Z,0,0,495.3766,433.98602
2024-08-01T21:00:00Z,0,0,501.0214,428.03946
2024-08-02T00:00:00Z,0,0,492.6712,421.49637
2024-08-02T03:00:00Z,0,0,432.34314,422.91724
2024-08-02T06:00:00Z,0,0,570.6776,454.51776
2024-08-02T09:00:00Z,0,0,387.0965,478.62274
2024-08-02T12:00:00Z,0,0,413.09607,521.3695
2024-08-02T15:00:00Z,0,0,453.00775,438.5141
2024-08-02T18:00:00Z,0,0,444.9074,451.54706
2024-08-02T21:00:00Z,0,0,463.33984,433.41638
2024-08-03T00:00:00Z,0,0,423.2364,415.76535
2024-08-03T03:00:00Z,0,0,306.1621,415.15533
2024-08-03T06:00:00Z,0,0,411.4386,421.0547
2024-08-03T09:00:00Z,0,0,440.33932,444.4374
2024-08-03T12:00:00Z,0,0,453.17584,444.41537
2024-08-03T15:00:00Z,0,0,439.6524,428.15622
2024-08-03T18:00:00Z,0,0,373.34064,420.4041
2024-08-03T21:00:00Z,0,0,442.96277,418.1933
2024-08-04T00:00:00Z,0,0,455.0557,412.21243
2024-08-04T03:00:00Z,0,0,225.30551,416.7064
2024-08-04T06:00:00Z,0,0,337.34708,429.4066
2024-08-04T09:00:00Z,0,0,388.23602,430.77124
2024-08-04T12:00:00Z,0,0,352.02777,451.30243
2024-08-04T15:00:00Z,0,0,331.44293,433.56775
2024-08-04T18:00:00Z,0,0,347.68814,429.39688
2024-08-04T21:00:00Z,0,0,460.6876,418.0619
2024-08-05T00:00:00Z,0,0,484.60278,417.1595
2024-08-05T03:00:00Z,0,0,241.33516,411.57678
2024-08-05T06:00:00Z,0,0,323.2957,451.7633
2024-08-05T09:00:00Z,0,0,455.39963,434.7826
2024-08-05T12:00:00Z,0,0,249.89502,462.20795
2024-08-05T15:00:00Z,0,0,282.23602,426.69513
2024-08-05T18:00:00Z,0,0,336.46005,422.4159
2024-08-05T21:00:00Z,0,0,421.93536,414.5702
2024-08-06T00:00:00Z,0,0,525.75085,404.46655
2024-08-06T03:00:00Z,0,0,460.63776,409.13516
2024-08-06T06:00:00Z,0,0,480.96136,420.02603
2024-08-06T09:00:00Z,0,0,576.42255,444.79016
2024-08-06T12:00:00Z,0,0,409.01465,421.01535
2024-08-06T15:00:00Z,0,0,461.40225,416.71616
2024-08-06T18:00:00Z,0,0,365.9693,417.47513
2024-08-06T21:00:00Z,0,0,528.1043,415.19363
2024-08-07T00:00:00Z,0,0,590.4191,406.9786
2024-08-07T03:00:00Z,0,0,265.56122,408.52518
2024-08-07T06:00:00Z,0,0,386.1109,418.1231
2024-08-07T09:00:00Z,0,0,430.79742,471.82327
2024-08-07T12:00:00Z,0,0,535.41486,426.31308
2024-08-07T15:00:00Z,0,0,361.82794,428.92136
2024-08-07T18:00:00Z,0,0,313.46585,413.4076
2024-08-07T21:00:00Z,0,0,378.18,411.54947
2024-08-08T00:00:00Z,0,0,514.0364,413.2012
2024-08-08T03:00:00Z,0,0,279.5902,414.09583
2024-08-08T06:00:00Z,0,0,314.85086,432.81653
2024-08-08T09:00:00Z,0,0,358.04535,441.69016
2024-08-08T12:00:00Z,0,0,562.05743,434.499
2024-08-08T15:00:00Z,0,0,254.91742,430.7126
2024-08-08T18:00:00Z,0,0,227.92432,415.71915
2024-08-08T21:00:00Z,0,0,276.14413,418.6162
2024-08-09T00:00:00Z,0,0,466.4695,419.96796
2024-08-09T03:00:00Z,0,0,220.63173,416.49878
2024-08-09T06:00:00Z,0,0,316.8657,436.26395
2024-08-09T09:00:00Z,0,0,331.77325,471.03015
2024-08-09T12:00:00Z,0,0,540.0324,493.14532
2024-08-09T15:00:00Z,0,0,235.38464,429.2874
2024-08-09T18:00:00Z,0,0,236.0657,417.8062
2024-08-09T21:00:00Z,0,0,245.98897,422.61172
2024-08-10T00:00:00Z,0,0,452.42673,414.03192
2024-08-10T03:00:00Z,0,0,255.715,417.6643
2024-08-10T06:00:00Z,0,0,281.11725,453.10516
2024-08-10T09:00:00Z,0,0,394.75607,437.14798
2024-08-10T12:00:00Z,0,0,488.19638,456.86673
2024-08-10T15:00:00Z,0,0,262.33792,425.53586
2024-08-10T18:00:00Z,0,0,225.77757,426.06998
2024-08-10T21:00:00Z,0,0,227.33861,426.67606
2024-08-11T00:00:00Z,0,0,479.63275,411.59296
2024-08-11T03:00:00Z,0,0,244.36015,413.91946
2024-08-11T06:00:00Z,0,0,259.7919,422.88068
2024-08-11T09:00:00Z,0,0,351.1959,430.12863
2024-08-11T12:00:00Z,0,0,446.91656,437.5926
2024-08-11T15:00:00Z,0,0,558.5876,434.06445
2024-08-11T18:00:00Z,0,0,227.93051,428.56952
2024-08-11T21:00:00Z,0,0,217.07036,425.02466
2024-08-12T00:00:00Z,0,0,463.1833,418.97983
2024-08-12T03:00:00Z,0,0,393.20193,412.6295
2024-08-12T06:00:00Z,0,0,355.0921,416.12933
2024-08-12T09:00:00Z,0,0,426.4317,419.02643
2024-08-12T12:00:00Z,0,0,381.6545,419.45792
2024-08-12T15:00:00Z,0,0,561.09235,421.58087
2024-08-12T18:00:00Z,0,0,521.3836,417.01624
2024-08-12T21:00:00Z,0,0,277.60706,416.95187
2024-08-13T00:00:00Z,0,0,338.5016,418.30017
2024-08-13T03:00:00Z,0,0,378.11328,415.22192
2024-08-13T06:00:00Z,0,0,322.30817,418.2802
2024-08-13T09:00:00Z,0,0,464.76117,418.73087
2024-08-13T12:00:00Z,0,0,396.47812,423.7852
2024-08-13T15:00:00Z,0,0,549.4379,426.8722
2024-08-13T18:00:00Z,0,0,595.9982,419.33136
2024-08-13T21:00:00Z,0,0,411.9348,417.80396
2024-08-14T00:00:00Z,0,0,316.34705,411.77878
2024-08-14T03:00:00Z,0,0,246.30948,412.69623
2024-08-14T06:00:00Z,0,0,249.53984,423.6946
2024-08-14T09:00:00Z,0,0,347.816,431.67673
2024-08-14T12:00:00Z,0,0,443.3671,439.86
2024-08-14T15:00:00Z,0,0,475.48123,418.7655
2024-08-14T18:00:00Z,0,0,473.89188,417.01688
2024-08-14T21:00:00Z,0,0,407.72568,417.68927
2024-08-15T00:00:00Z,0,0,286.26016,410.98312
2024-08-15T03:00:00Z,0,0,372.32224,415.26672
2024-08-15T06:00:00Z,0,0,421.81482,424.44757
2024-08-15T09:00:00Z,0,0,422.9498,434.8743
2024-08-15T12:00:00Z,0,0,463.9669,443.71307
2024-08-15T15:00:00Z,0,0,363.72775,438.54016
2024-08-15T18:00:00Z,0,0,403.2448,423.83035
2024-08-15T21:00:00Z,0,0,361.77585,411.2259
2024-08-16T00:00:00Z,0,0,340.7802,405.8336
2024-08-16T03:00:00Z,0,0,349.8186,411.3083
2024-08-16T06:00:00Z,0,0,407.79294,412.52997
2024-08-16T09:00:00Z,0,0,395.5783,415.52222
2024-08-16T12:00:00Z,0,0,363.56467,417.86346
2024-08-16T15:00:00Z,0,0,367.13516,417.99622
2024-08-16T18:00:00Z,0,0,411.85587,410.74948
2024-08-16T21:00:00Z,0,0,403.44443,410.87637
2024-08-17T00:00:00Z,0,0,315.78204,409.11554
2024-08-17T03:00:00Z,0,0,332.1757,411.92313
2024-08-17T06:00:00Z,0,0,391.89172,449.66364
2024-08-17T09:00:00Z,0,0,398.0929,453.28244
2024-08-17T12:00:00Z,0,0,377.70276,446.96066
2024-08-17T15:00:00Z,0,0,367.38293,437.61328
2024-08-17T18:00:00Z,0,0,445.9,419.02725
2024-08-17T21:00:00Z,0,0,436.6171,413.56586
2024-08-18T00:00:00Z,0,0,430.54037,411.55222
2024-08-18T03:00:00Z,0,0,404.02634,410.34726
2024-08-18T06:00:00Z,0,0,441.01172,419.22864
2024-08-18T09:00:00Z,0,0,432.78033,432.83432
2024-08-18T12:00:00Z,0,0,401.435,436.52792
2024-08-18T15:00:00Z,0,0,390.49103,426.83118
2024-08-18T18:00:00Z,0,0,466.14,418.7529
2024-08-18T21:00:00Z,0,0,542.25275,421.00275
2024-08-19T00:00:00Z,0,0,409.86966,422.30823
2024-08-19T03:00:00Z,0,0,443.3857,422.21637
2024-08-19T06:00:00Z,0,0,462.2112,444.25067
2024-08-19T09:00:00Z,0,0,330.96506,445.09085
2024-08-19T12:00:00Z,0,0,388.69846,513.3257
2024-08-19T15:00:00Z,0,0,382.82498,452.42053
2024-08-19T18:00:00Z,0,0,364.79535,433.14105
2024-08-19T21:00:00Z,0,0,522.11346,426.40225
2024-08-20T00:00:00Z,0,0,531.4588,424.93118
2024-08-20T03:00:00Z,0,0,409.84088,419.38895
2024-08-20T06:00:00Z,0,0,445.90796,484.67798
2024-08-20T09:00:00Z,0,0,662.09985,469.32175
2024-08-20T12:00:00Z,0,0,481.3076,473.70517
2024-08-20T15:00:00Z,0,0,464.19687,477.29105
2024-08-20T18:00:00Z,0,0,472.1955,460.2338
2024-08-20T21:00:00Z,0,0,587.9729,443.01
2024-08-21T00:00:00Z,0,0,641.67487,420.28537
2024-08-21T03:00:00Z,0,0,459.58273,420.92673
2024-08-21T06:00:00Z,0,0,479.34433,446.8802
2024-08-21T09:00:00Z,0,0,697.57104,520.1679
2024-08-21T12:00:00Z,0,0,409.44278,454.36603
2024-08-21T15:00:00Z,0,0,493.3696,463.7128
2024-08-21T18:00:00Z,0,0,485.4264,433.9005
2024-08-21T21:00:00Z,0,0,607.22864,432.2102
2024-08-22T00:00:00Z,0,0,707.1321,429.6569
2024-08-22T03:00:00Z,0,0,465.18332,432.5129
2024-08-22T06:00:00Z,0,0,417.67484,460.76486
2024-08-22T09:00:00Z,0,0,793.90106,486.25293
2024-08-22T12:00:00Z,0,0,728.80896,536.4662
2024-08-22T15:00:00Z,0,0,535.0112,456.2553
2024-08-22T18:00:00Z,0,0,518.2221,440.75275
2024-08-22T21:00:00Z,0,0,703.70966,422.47156
2024-08-23T00:00:00Z,0,0,715.03955,422.90482
2024-08-23T03:00:00Z,0,0,485.14722,430.93326
2024-08-23T06:00:00Z,0,0,452.6076,441.41052
2024-08-23T09:00:00Z,0,0,596.7879,441.37592
2024-08-23T12:00:00Z,0,0,807.472,448.58035
2024-08-23T15:00:00Z,0,0,641.8026,427.7967
2024-08-23T18:00:00Z,0,0,426.6676,430.65033
2024-08-23T21:00:00Z,0,0,714.12225,418.4555
2024-08-24T00:00:00Z,0,0,792.64526,416.0995
2024-08-24T03:00:00Z,0,0,460.63312,417.68793
2024-08-24T06:00:00Z,0,0,470.52344,418.65036
2024-08-24T09:00:00Z,0,0,606.5914,443.13
2024-08-24T12:00:00Z,0,0,834.9624,425.9771
2024-08-24T15:00:00Z,0,0,572.48065,429.16068
2024-08-24T18:00:00Z,0,0,513.321,428.32962
2024-08-24T21:00:00Z,0,0,504.01413,418.4143
2024-08-25T00:00:00Z,0,0,770.2225,421.26602
2024-08-25T03:00:00Z,0,0,345.36862,417.9338
2024-08-25T06:00:00Z,0,0,470.16843,444.04224
2024-08-25T09:00:00Z,0,0,490.47,446.44965
2024-08-25T12:00:00Z,0,0,756.85297,474.8245
2024-08-25T15:00:00Z,0,0,815.2947,431.2612
2024-08-25T18:00:00Z,0,0,585.25665,423.79242
2024-08-25T21:00:00Z,0,0,490.56705,416.97363
2024-08-26T00:00:00Z,0,0,779.6477,424.33173
2024-08-26T03:00:00Z,0,0,550.14276,420.6365
2024-08-26T06:00:00Z,0,0,633.2805,513.25104
2024-08-26T09:00:00Z,0,0,688.21106,459.92276
2024-08-26T12:00:00Z,0,0,690.25287,500.97824
2024-08-26T15:00:00Z,0,0,787.63727,497.98502
2024-08-26T18:00:00Z,0,0,804.1243,448.7826
2024-08-26T21:00:00Z,0,0,454.8157,456.73984
2024-08-27T00:00:00Z,0,0,701.95776,440.14655
2024-08-27T03:00:00Z,0,0,873.4501,436.61102
2024-08-27T06:00:00Z,0,0,587.27185,460.91074
2024-08-27T09:00:00Z,0,0,678.9067,420.67502
2024-08-27T12:00:00Z,0,0,838.60443,436.37003
2024-08-27T15:00:00Z,0,0,799.37024,416.0762
2024-08-27T18:00:00Z,0,0,798.9212,409.84152
2024-08-27T21:00:00Z,0,0,834.4191,408.08206
2024-08-28T00:00:00Z,0,0,572.20703,410.14157
2024-08-28T03:00:00Z,0,0,660.20404,414.57068
2024-08-28T06:00:00Z,0,0,704.937,446.70795
2024-08-28T09:00:00Z,0,0,647.4477,447.1573
2024-08-28T12:00:00Z,0,0,782.15375,444.7107
2024-08-28T15:00:00Z,0,0,736.2262,436.75363
2024-08-28T18:00:00Z,0,0,787.0806,439.57605
2024-08-28T21:00:00Z,0,0,741.15485,416.86847
2024-08-29T00:00:00Z,0,0,398.92468,414.15244
2024-08-29T03:00:00Z,0,0,468.95773,430.12952
2024-08-29T06:00:00Z,0,0,546.6055,438.16635
2024-08-29T09:00:00Z,0,0,638.7004,486.8681
2024-08-29T12:00:00Z,0,0,635.7942,443.1021
2024-08-29T15:00:00Z,0,0,497.54745,441.85605
2024-08-29T18:00:00Z,0,0,795.1296,426.70157
2024-08-29T21:00:00Z,0,0,732.5146,424.26413
2024-08-30T00:00:00Z,0,0,555.8353,415.1721
2024-08-30T03:00:00Z,0,0,483.11844,447.905
2024-08-30T06:00:00Z,0,0,465.23602,512.33325
2024-08-30T09:00:00Z,0,0,508.96277,503.19464
2024-08-30T12:00:00Z,0,0,654.729,481.38174
2024-08-30T15:00:00Z,0,0,547.9259,461.2714
2024-08-30T18:00:00Z,0,0,701.64716,426.04846
2024-08-30T21:00:00Z,0,0,741.9319,421.46158
2024-08-31T00:00:00Z,0,0,375.9607,420.28638
2024-08-31T03:00:00Z,0,0,398.50085,451.58444
2024-08-31T06:00:00Z,0,0,588.3526,488.75967
2024-08-31T09:00:00Z,0,0,373.63824,526.0269
2024-08-31T12:00:00Z,0,0,500.04913,536.2581
2024-08-31T15:00:00Z,0,0,527.2255,467.24066
2024-08-31T18:00:00Z,0,0,622.02423,427.1985
2024-08-31T21:00:00Z,0,0,780.19415,424.2995
2024-09-01T00:00:00Z,0,0,331.30173,419.5933
2024-09-01T03:00:00Z,0,0,350.14862,468.69727
2024-09-01T06:00:00Z,0,0,467.58688,494.49246
2024-09-01T09:00:00Z,0,0,269.65845,496.01672
2024-09-01T12:00:00Z,0,0,482.80035,524.64484
2024-09-01T15:00:00Z,0,0,502.0071,463.4786
2024-09-01T18:00:00Z,0,0,563.61365,462.50256
2024-09-01T21:00:00Z,0,0,700.98376,448.1424
2024-09-02T00:00:00Z,0,0,605.11835,432.57465
2024-09-02T03:00:00Z,0,0,518.64343,458.22968
2024-09-02T06:00:00Z,0,0,539.6792,436.08157
2024-09-02T09:00:00Z,0,0,618.6343,451.8731
2024-09-02T12:00:00Z,0,0,532.09326,455.83258
2024-09-02T15:00:00Z,0,0,595.63806,433.95685
2024-09-02T18:00:00Z,0,0,544.2893,428.4726
2024-09-02T21:00:00Z,0,0,718.2677,426.58536
2024-09-03T00:00:00Z,0,0,385.53482,430.94778
2024-09-03T03:00:00Z,0,0,434.19263,416.89224
2024-09-03T06:00:00Z,0,0,495.0667,423.844
2024-09-03T09:00:00Z,0,0,792.51733,430.14276
2024-09-03T12:00:00Z,0,0,480.82193,427.69794
2024-09-03T15:00:00Z,0,0,479.88846,428.27448
2024-09-03T18:00:00Z,0,0,480.0086,435.21536
2024-09-03T21:00:00Z,0,0,666.6167,422.9407
2024-09-04T00:00:00Z,0,0,762.01245,424.11465
2024-09-04T03:00:00Z,0,0,499.62848,422.05194
2024-09-04T06:00:00Z,0,0,490.36414,464.05194
2024-09-04T09:00:00Z,0,0,786.5978,503.82916
2024-09-04T12:00:00Z,0,0,567.7788,505.83533
2024-09-04T15:00:00Z,0,0,533.91156,480.4088
2024-09-04T18:00:00Z,0,0,510.36502,461.6233
2024-09-04T21:00:00Z,0,0,738.2769,428.23862
2024-09-05T00:00:00Z,0,0,747.041,423.53827
2024-09-05T03:00:00Z,0,0,453.93878,448.74878
2024-09-05T06:00:00Z,0,0,566.8648,450.45984
2024-09-05T09:00:00Z,0,0,848.0917,470.5181
2024-09-05T12:00:00Z,0,0,854.372,500.76056
2024-09-05T15:00:00Z,0,0,277.20172,481.08652
2024-09-05T18:00:00Z,0,0,359.835,452.9221
2024-09-05T21:00:00Z,0,0,712.3808,440.805
2024-09-06T00:00:00Z,0,0,746.3953,434.73083
2024-09-06T03:00:00Z,0,0,432.8219,464.03278
2024-09-06T06:00:00Z,0,0,540.70654,469.86414
2024-09-06T09:00:00Z,0,0,737.3169,604.68634
2024-09-06T12:00:00Z,0,0,797.192,564.93896
2024-09-06T15:00:00Z,0,0,332.18137,515.0873
2024-09-06T18:00:00Z,0,0,359.52014,468.25516
2024-09-06T21:00:00Z,0,0,608.59973,445.1269
2024-09-07T00:00:00Z,0,0,719.4833,439.31033
2024-09-07T03:00:00Z,0,0,378.45435,464.40375
2024-09-07T06:00:00Z,0,0,535.28345,494.1595
2024-09-07T09:00:00Z,0,0,676.956,530.98706
2024-09-07T12:00:00Z,0,0,823.1673,464.29172
2024-09-07T15:00:00Z,0,0,312.50793,498.87482
2024-09-07T18:00:00Z,0,0,283.62756,439.1164
2024-09-07T21:00:00Z,0,0,487.4655,431.89743
2024-09-08T00:00:00Z,0,0,737.455,440.7233
2024-09-08T03:00:00Z,0,0,333.84637,440.49097
2024-09-08T06:00:00Z,0,0,407.59726,463.82687
2024-09-08T09:00:00Z,0,0,620.6655,448.37137
2024-09-08T12:00:00Z,0,0,848.2533,466.61298
2024-09-08T15:00:00Z,0,0,391.86307,463.67313
2024-09-08T18:00:00Z,0,0,325.4265,442.45273
2024-09-08T21:00:00Z,0,0,346.9907,430.06415
2024-09-09T00:00:00Z,0,0,665.6093,421.67343
2024-09-09T03:00:00Z,0,0,387.1974,418.23914
2024-09-09T06:00:00Z,0,0,549.4041,433.19052
2024-09-09T09:00:00Z,0,0,658.6303,423.51483
2024-09-09T12:00:00Z,0,0,811.0964,430.14865
2024-09-09T15:00:00Z,0,0,841.3564,436.38773
2024-09-09T18:00:00Z,0,0,391.46585,428.63382
2024-09-09T21:00:00Z,0,0,293.81586,421.87177
2024-09-10T00:00:00Z,0,0,714.07043,423.47916
2024-09-10T03:00:00Z,0,0,411.9307,422.45038
2024-09-10T06:00:00Z,0,0,534.27655,437.17932
2024-09-10T09:00:00Z,0,0,712.97424,486.74
2024-09-10T12:00:00Z,0,0,779.19196,457.20325
2024-09-10T15:00:00Z,0,0,824.39825,444.57245
2024-09-10T18:00:00Z,0,0,826.5852,432.3433
2024-09-10T21:00:00Z,0,0,325.92447,428.80173
2024-09-11T00:00:00Z,0,0,682.9598,408.62552
2024-09-11T03:00:00Z,0,0,750.89026,418.6788
2024-09-11T06:00:00Z,0,0,734.6164,422.6181
2024-09-11T09:00:00Z,0,0,750.265,429.91843
2024-09-11T12:00:00Z,0,0,714.3971,424.75104
2024-09-11T15:00:00Z,0,0,818.4705,426.75
2024-09-11T18:00:00Z,0,0,798.4093,421.5105
2024-09-11T21:00:00Z,0,0,328.11743,421.83743
2024-09-12T00:00:00Z,0,0,272.89136,423.70624
2024-09-12T03:00:00Z,0,0,253.62292,433.17572
2024-09-12T06:00:00Z,0,0,305.14517,463.09244
2024-09-12T09:00:00Z,0,0,615.41016,497.9338
2024-09-12T12:00:00Z,0,0,770.4414,474.90692
2024-09-12T15:00:00Z,0,0,787.7318,468.61884
2024-09-12T18:00:00Z,0,0,657.9818,434.34622
2024-09-12T21:00:00Z,0,0,650.11206,430.9088
2024-09-13T00:00:00Z,0,0,260.13104,430.17798
2024-09-13T03:00:00Z,0,0,386.3167,441.4133
2024-09-13T06:00:00Z,0,0,426.4881,422.6685
2024-09-13T09:00:00Z,0,0,648.9706,436.99933
2024-09-13T12:00:00Z,0,0,799.03375,435.15756
2024-09-13T15:00:00Z,0,0,620.63293,427.97363
2024-09-13T18:00:00Z,0,0,700.6752,428.6497
2024-09-13T21:00:00Z,0,0,601.1095,417.30362
2024-09-14T00:00:00Z,0,0,222.61191,417.3466
2024-09-14T03:00:00Z,0,0,291.6879,427.4074
2024-09-14T06:00:00Z,0,0,315.40793,444.92584
2024-09-14T09:00:00Z,0,0,339.939,432.77383
2024-09-14T12:00:00Z,0,0,513.17365,448.02948
2024-09-14T15:00:00Z,0,0,600.83276,455.90137
2024-09-14T18:00:00Z,0,0,685.5516,436.51306
2024-09-14T21:00:00Z,0,0,632.66,421.9422
2024-09-15T00:00:00Z,0,0,327.63898,413.46777
2024-09-15T03:00:00Z,0,0,593.13153,418.0995
2024-09-15T06:00:00Z,0,0,775.25714,422.6052
2024-09-15T09:00:00Z,0,0,750.9826,428.69342
2024-09-15T12:00:00Z,0,0,606.41547,429.43607
2024-09-15T15:00:00Z,0,0,649.5015,443.59964
2024-09-15T18:00:00Z,0,0,736.85596,418.4993
2024-09-15T21:00:00Z,0,0,685.8746,419.8476
2024-09-16T00:00:00Z,0,0,611.5405,419.92877
2024-09-16T03:00:00Z,0,0,617.51935,426.73706
2024-09-16T06:00:00Z,0,0,669.44244,443.61588
2024-09-16T09:00:00Z,0,0,714.8168,476.6364
2024-09-16T12:00:00Z,0,0,710.888,451.74762
2024-09-16T15:00:00Z,0,0,642.94934,448.5926
2024-09-16T18:00:00Z,0,0,689.4357,415.97464
2024-09-16T21:00:00Z,0,0,716.4317,423.9921
2024-09-17T00:00:00Z,0,0,421.1993,419.4947
2024-09-17T03:00:00Z,0,0,442.82483,452.52466
2024-09-17T06:00:00Z,0,0,766.864,495.2686
2024-09-17T09:00:00Z,0,0,859.2981,445.21497
2024-09-17T12:00:00Z,0,0,727.7304,464.26532
2024-09-17T15:00:00Z,0,0,709.7445,448.1257
2024-09-17T18:00:00Z,0,0,711.518,425.2193
2024-09-17T21:00:00Z,0,0,794.14343,422.4819
2024-09-18T00:00:00Z,0,0,402.35275,417.67102
2024-09-18T03:00:00Z,0,0,404.8305,433.53864
2024-09-18T06:00:00Z,0,0,633.8592,427.1262
2024-09-18T09:00:00Z,0,0,930.35675,428.83478
2024-09-18T12:00:00Z,0,0,445.60684,432.70844
2024-09-18T15:00:00Z,0,0,559.1881,428.23703
2024-09-18T18:00:00Z,0,0,610.2089,430.3926
2024-09-18T21:00:00Z,0,0,737.77057,427.03156
2024-09-19T00:00:00Z,0,0,655.851,424.48416
2024-09-19T03:00:00Z,0,0,607.7899,441.6345
2024-09-19T06:00:00Z,0,0,642.11786,451.09485
2024-09-19T09:00:00Z,0,0,804.16907,464.85394
2024-09-19T12:00:00Z,0,0,558.2551,462.5626
2024-09-19T15:00:00Z,0,0,474.2843,469.5045
2024-09-19T18:00:00Z,0,0,509.12704,433.2107
2024-09-19T21:00:00Z,0,0,835.175,434.2593
2024-09-20T00:00:00Z,0,0,698.23846,421.1417
2024-09-20T03:00:00Z,0,0,553.38495,424.66864
2024-09-20T06:00:00Z,0,0,538.0612,422.66898
2024-09-20T09:00:00Z,0,0,879.0033,439.495
2024-09-20T12:00:00Z,0,0,939.4517,487.65744
2024-09-20T15:00:00Z,0,0,531.81116,442.71466
2024-09-20T18:00:00Z,0,0,533.6338,425.10016
2024-09-20T21:00:00Z,0,0,924.80884,427.5379
2024-09-21T00:00:00Z,0,0,863.5305,421.89822
2024-09-21T03:00:00Z,0,0,465.83047,435.6162
2024-09-21T06:00:00Z,0,0,605.6116,445.96292
2024-09-21T09:00:00Z,0,0,800.72504,491.74277
2024-09-21T12:00:00Z,0,0,959.21875,499.40997
2024-09-21T15:00:00Z,0,0,648.461,478.8555
2024-09-21T18:00:00Z,0,0,520.2095,432.4334
2024-09-21T21:00:00Z,0,0,799.49585,444.2209
2024-09-23T03:00:00Z,0,0,483.84827,433.4398
2024-09-23T06:00:00Z,0,0,617.4905,454.99155
2024-09-23T09:00:00Z,0,0,793.95154,489.67468
2024-09-23T12:00:00Z,0,0,917.145,480.70865
2024-09-23T15:00:00Z,0,0,954.2264,467.10828
2024-09-23T18:00:00Z,0,0,901.9317,454.16052
2024-09-23T21:00:00Z,0,0,387.5531,436.3629
2024-09-24T00:00:00Z,0,0,841.5461,435.26016
2024-09-24T03:00:00Z,0,0,310.6038,450.24982
2024-09-24T06:00:00Z,0,0,747.84845,430.56708
2024-09-24T09:00:00Z,0,0,785.88763,442.7843
2024-09-24T12:00:00Z,0,0,895.8784,466.1243
2024-09-24T15:00:00Z,0,0,1005.3986,475.3902
2024-09-24T18:00:00Z,0,0,918.6267,440.0847
2024-09-24T21:00:00Z,0,0,413.70535,437.47745
2024-09-25T00:00:00Z,0,0,428.6155,438.2095
2024-09-25T03:00:00Z,0,0,546.71344,445.75674
2024-09-25T06:00:00Z,0,0,498.63773,448.34003
2024-09-25T09:00:00Z,0,0,691.8015,436.60654
2024-09-25T12:00:00Z,0,0,775.0676,430.68893
2024-09-25T15:00:00Z,0,0,986.9639,440.1526
2024-09-25T18:00:00Z,0,0,983.2843,428.85153
2024-09-25T21:00:00Z,0,0,687.8186,422.60742
2024-09-26T00:00:00Z,0,0,530.3373,419.54004
2024-09-26T03:00:00Z,0,0,544.616,421.33417
2024-09-26T06:00:00Z,0,0,793.91455,455.05255
2024-09-26T09:00:00Z,0,0,840.32654,475.1524
2024-09-26T12:00:00Z,0,0,915.6259,494.04462
2024-09-26T15:00:00Z,0,0,986.36285,470.67175
2024-09-26T18:00:00Z,0,0,943.127,423.61014
2024-09-26T21:00:00Z,0,0,882.6431,414.68756
2024-09-27T00:00:00Z,0,0,333.85657,426.2936
2024-09-27T03:00:00Z,0,0,344.91122,430.2341
2024-09-27T06:00:00Z,0,0,309.40036,452.92844
2024-09-27T09:00:00Z,0,0,396.82202,441.145
2024-09-27T12:00:00Z,0,0,742.5824,452.54153
2024-09-27T15:00:00Z,0,0,810.01013,443.64618
2024-09-27T18:00:00Z,0,0,946.83777,415.45087
2024-09-27T21:00:00Z,0,0,884.7286,415.93622
2024-09-28T00:00:00Z,0,0,832.0676,431.40137
2024-09-28T03:00:00Z,0,0,772.9525,425.75827
2024-09-28T06:00:00Z,0,0,822.9178,442.35312
2024-09-28T09:00:00Z,0,0,885.325,451.96982
2024-09-28T12:00:00Z,0,0,886.40533,436.84726
2024-09-28T15:00:00Z,0,0,858.01825,449.17654
2024-09-28T18:00:00Z,0,0,854.6493,419.9631
2024-09-28T21:00:00Z,0,0,845.7346,417.9591
2024-09-29T00:00:00Z,0,0,748.54865,422.32538
2024-09-29T03:00:00Z,0,0,755.0308,430.08377
2024-09-29T06:00:00Z,0,0,807.5492,439.20737
2024-09-29T09:00:00Z,0,0,909.47723,439.68674
2024-09-29T12:00:00Z,0,0,850.02844,439.52948
2024-09-29T15:00:00Z,0,0,923.8426,436.56842
2024-09-29T18:00:00Z,0,0,851.2477,414.7791
2024-09-29T21:00:00Z,0,0,864.66205,416.27484
2024-09-30T00:00:00Z,0,0,645.8126,417.3112
2024-09-30T03:00:00Z,0,0,729.6039,456.83105
2024-09-30T06:00:00Z,0,0,783.3293,444.52176
2024-09-30T09:00:00Z,0,0,915.1359,441.18912
2024-09-30T12:00:00Z,0,0,821.7488,498.00262
2024-09-30T15:00:00Z,0,0,886.1762,446.1288
2024-09-30T18:00:00Z,0,0,840.95123,436.86554
2024-09-30T21:00:00Z,0,0,894.53827,433.40778
2024-10-01T00:00:00Z,0,0,805.1019,430.65128
2024-10-01T03:00:00Z,0,0,687.50275,447.65158
2024-10-01T06:00:00Z,0,0,805.4319,473.23016
2024-10-01T09:00:00Z,0,0,937.57214,504.98828
2024-10-01T12:00:00Z,0,0,889.81256,448.92380000000003
2024-10-01T15:00:00Z,0,0,846.59357,468.4505
2024-10-01T18:00:00Z,0,0,804.91394,444.64685
2024-10-01T21:00:00Z,0,0,867.4656,436.03088
2024-10-02T00:00:00Z,0,0,716.048,435.5598
2024-10-02T03:00:00Z,0,0,610.3924,421.12347
2024-10-02T06:00:00Z,0,0,773.20135,427.22952
2024-10-02T09:00:00Z,0,0,976.39343,441.30792
2024-10-02T12:00:00Z,0,0,881.1587,431.45966
2024-10-02T15:00:00Z,0,0,722.68256,437.23828
2024-10-02T18:00:00Z,0,0,753.60443,416.35895
2024-10-02T21:00:00Z,0,0,907.7079,417.57227
2024-10-03T00:00:00Z,0,0,795.87915,419.29272
2024-10-03T03:00:00Z,0,0,707.73706,435.50604
2024-10-03T06:00:00Z,0,0,753.89545,443.73465
2024-10-03T09:00:00Z,0,0,953.0895,443.08826
2024-10-03T12:00:00Z,0,0,860.8134,479.3688
2024-10-03T15:00:00Z,0,0,774.86127,452.2935
2024-10-03T18:00:00Z,0,0,653.0383,430.9186
2024-10-03T21:00:00Z,0,0,878.3524,432.79913
2024-10-04T00:00:00Z,0,0,525.7893,432.22263
2024-10-04T03:00:00Z,0,0,474.76276,453.6895
2024-10-04T06:00:00Z,0,0,692.3648,452.65482
2024-10-04T09:00:00Z,0,0,965.55927,455.19138
2024-10-04T12:00:00Z,0,0,1000.6662,437.76755000000003
2024-10-04T15:00:00Z,0,0,858.60834,435.74945
2024-10-04T18:00:00Z,0,0,796.66534,435.24088
2024-10-04T21:00:00Z,0,0,974.9706,429.60275
2024-10-05T00:00:00Z,0,0,461.8826,422.04843
2024-10-05T03:00:00Z,0,0,418.14313,437.7398
2024-10-05T06:00:00Z,0,0,692.84174,456.06708
2024-10-05T09:00:00Z,0,0,997.7635,454.94897
2024-10-05T12:00:00Z,0,0,973.4482,503.8255
2024-10-05T15:00:00Z,0,0,588.1295,458.24188
2024-10-05T18:00:00Z,0,0,604.8583,433.28827
2024-10-05T21:00:00Z,0,0,797.6453,431.60156
2024-10-06T00:00:00Z,0,0,660.5041,430.7433
2024-10-06T03:00:00Z,0,0,420.67462,444.9109
2024-10-06T06:00:00Z,0,0,662.3679,460.17166
2024-10-06T09:00:00Z,0,0,912.2611,454.85278
2024-10-06T12:00:00Z,0,0,962.8358,463.3264
2024-10-06T15:00:00Z,0,0,612.3858,499.71878
2024-10-06T18:00:00Z,0,0,641.4551,434.03638
2024-10-06T21:00:00Z,0,0,709.2527,434.6609
2024-10-08T00:00:00Z,0,0,374.2324,454.52502
2024-10-08T03:00:00Z,0,0,340.81293,500.0569
2024-10-08T06:00:00Z,0,0,659.9778,507.06567
2024-10-08T09:00:00Z,0,0,744.4106,499.92673
2024-10-08T12:00:00Z,0,0,965.5651,483.00482
2024-10-08T15:00:00Z,0,0,1005.49567,468.36707
2024-10-08T18:00:00Z,0,0,331.8957,443.3619
2024-10-08T21:00:00Z,0,0,321.87082,426.70142
2024-10-09T00:00:00Z,0,0,331.8388,430.6012
2024-10-09T03:00:00Z,0,0,378.61884,434.33173
2024-10-09T06:00:00Z,0,0,595.64636,429.9638
2024-10-09T09:00:00Z,0,0,826.5957,426.44485
2024-10-09T12:00:00Z,0,0,863.4418,436.804
2024-10-09T15:00:00Z,0,0,1002.20197,455.35242
2024-10-09T18:00:00Z,0,0,946.84216,430.39517
2024-10-09T21:00:00Z,0,0,456.95483,420.78708
2024-10-10T00:00:00Z,0,0,528.98553,424.23135
2024-10-10T03:00:00Z,0,0,345.72342,427.4745
2024-10-10T06:00:00Z,0,0,422.10312,449.97067
2024-10-10T09:00:00Z,0,0,431.3769,447.66635
2024-10-10T12:00:00Z,0,0,598.64056,457.66412
2024-10-10T15:00:00Z,0,0,977.043,449.19965
2024-10-10T18:00:00Z,0,0,870.29584,424.66742
2024-10-10T21:00:00Z,0,0,333.5452,427.2324
2024-10-11T00:00:00Z,0,0,323.7776,436.17017
2024-10-11T03:00:00Z,0,0,410.26306,459.36383
2024-10-11T06:00:00Z,0,0,487.7593,475.74118
2024-10-11T09:00:00Z,0,0,828.45953,454.8712
2024-10-11T12:00:00Z,0,0,882.47516,451.09705
2024-10-11T15:00:00Z,0,0,948.3495,457.45584
2024-10-11T18:00:00Z,0,0,866.43274,433.99173
2024-10-11T21:00:00Z,0,0,497.03,433.6378
2024-10-12T00:00:00Z,0,0,541.6948,433.9131
2024-10-12T03:00:00Z,0,0,518.7438,445.21848
2024-10-12T06:00:00Z,0,0,547.8679,462.40204
2024-10-12T09:00:00Z,0,0,770.43207,456.1464
2024-10-12T12:00:00Z,0,0,923.3402,475.4493
2024-10-12T15:00:00Z,0,0,856.5988,459.719
2024-10-12T18:00:00Z,0,0,904.44086,444.67554
2024-10-12T21:00:00Z,0,0,824.9302,446.69186
2024-10-13T00:00:00Z,0,0,417.67862,437.98206
2024-10-13T03:00:00Z,0,0,511.34604,481.97305
2024-10-13T06:00:00Z,0,0,612.6276,448.77722
2024-10-13T09:00:00Z,0,0,648.6017,471.12466
2024-10-13T12:00:00Z,0,0,791.91797,457.87262
2024-10-13T15:00:00Z,0,0,831.53674,466.63208
2024-10-13T18:00:00Z,0,0,872.17896,458.06
2024-10-13T21:00:00Z,0,0,482.47223,457.74326
2024-10-14T00:00:00Z,0,0,435.10687,449.7838
2024-10-14T03:00:00Z,0,0,480.3026,518.6388
2024-10-14T06:00:00Z,0,0,760.2765,516.6646
2024-10-14T09:00:00Z,0,0,798.059,479.7029
2024-10-14T12:00:00Z,0,0,831.56055,508.93033
2024-10-14T15:00:00Z,0,0,759.6157,489.44897
2024-10-14T18:00:00Z,0,0,851.10565,454.2564
2024-10-14T21:00:00Z,0,0,843.41010000000006,454.97635
2024-10-15T00:00:00Z,0,0,369.3431,424.71774
2024-10-15T03:00:00Z,0,0,647.87036,431.64813
2024-10-15T06:00:00Z,0,0,930.70825,436.5412
2024-10-15T09:00:00Z,0,0,576.2364,441.71548
2024-10-15T12:00:00Z,0,0,812.07306,448.5781
2024-10-15T15:00:00Z,0,0,880.6698,447.235
2024-10-15T18:00:00Z,0,0,929.6393,446.10394
2024-10-15T21:00:00Z,0,0,988.07355,432.43643
2024-10-16T00:00:00Z,0,0,680.4433,437.38416
2024-10-16T03:00:00Z,0,0,588.9111,455.0052
2024-10-16T06:00:00Z,0,0,958.5367,482.47018
2024-10-16T09:00:00Z,0,0,1048.9857,458.99792
2024-10-16T12:00:00Z,0,0,829.73773,449.4205
2024-10-16T15:00:00Z,0,0,821.9807,444.43433
2024-10-16T18:00:00Z,0,0,964.45166,427.00385
2024-10-16T21:00:00Z,0,0,977.91174,424.21704
2024-10-17T00:00:00Z,0,0,570.1693,423.32306
2024-10-17T03:00:00Z,0,0,754.40955,431.83585
2024-10-17T06:00:00Z,0,0,865.34155,439.50314
2024-10-17T09:00:00Z,0,0,1027.949,444.34244
2024-10-17T12:00:00Z,0,0,867.16797,447.71362
2024-10-17T15:00:00Z,0,0,835.9716,447.17328
2024-10-17T18:00:00Z,0,0,995.48627,426.93396
2024-10-17T21:00:00Z,0,0,1026.3352,429.09073
2024-10-18T00:00:00Z,0,0,589.3766,429.07272
2024-10-18T03:00:00Z,0,0,623.594,445.96844
2024-10-18T06:00:00Z,0,0,872.425,447.48776
2024-10-18T09:00:00Z,0,0,997.00366,450.90332
2024-10-18T12:00:00Z,0,0,1010.33685,453.6155
2024-10-18T15:00:00Z,0,0,818.08514,455.23502
2024-10-18T18:00:00Z,0,0,801.1835,434.205
2024-10-18T21:00:00Z,0,0,1002.0512,423.78622
2024-10-19T00:00:00Z,0,0,818.1064,424.76544
2024-10-19T03:00:00Z,0,0,836.007,435.26346
2024-10-19T06:00:00Z,0,0,804.37213,444.586
2024-10-19T09:00:00Z,0,0,1033.2935,446.79846
2024-10-19T12:00:00Z,0,0,1024.145,452.23294
2024-10-19T15:00:00Z,0,0,859.2004,461.7595
2024-10-19T18:00:00Z,0,0,782.1198,441.1669
2024-10-19T21:00:00Z,0,0,1058.0518,423.97485
2024-10-20T00:00:00Z,0,0,1051.001,433.09793
2024-10-20T03:00:00Z,0,0,829.0997,433.24313
2024-10-20T06:00:00Z,0,0,819.25256,430.8648
2024-10-20T09:00:00Z,0,0,1044.4055,427.11584
2024-10-20T12:00:00Z,0,0,1043.3505,434.41104
2024-10-20T15:00:00Z,0,0,930.10016,430.35086
2024-10-20T18:00:00Z,0,0,930.91864,427.7069
2024-10-20T21:00:00Z,0,0,969.8515,433.76324
2024-10-21T00:00:00Z,0,0,1019.7672,425.96896
2024-10-21T03:00:00Z,0,0,874.15845,435.95642
2024-10-21T06:00:00Z,0,0,865.74756,430.29135
2024-10-21T09:00:00Z,0,0,959.0695,450.19568
2024-10-21T12:00:00Z,0,0,1031.7247,451.57532
2024-10-21T15:00:00Z,0,0,1064.739,444.34314
2024-10-21T18:00:00Z,0,0,988.34314,437.89948
2024-10-21T21:00:00Z,0,0,892.8457,430.1083
2024-10-22T00:00:00Z,0,0,856.7638,429.87085
2024-10-22T03:00:00Z,0,0,868.2016,442.70987
2024-10-22T06:00:00Z,0,0,876.10986,460.23
2024-10-22T09:00:00Z,0,0,928.5226,452.34827
2024-10-22T12:00:00Z,0,0,1040.2424,479.54172
2024-10-22T15:00:00Z,0,0,1097.15,486.63174
2024-10-22T18:00:00Z,0,0,986.11505,447.83105
2024-10-22T21:00:00Z,0,0,805.5379,442.0712
2024-10-23T00:00:00Z,0,0,841.1597,438.0295
2024-10-23T03:00:00Z,0,0,675.9967,444.84616
2024-10-23T06:00:00Z,0,0,800.5608,448.3688
2024-10-23T09:00:00Z,0,0,939.84656,465.65085
2024-10-23T12:00:00Z,0,0,1008.8034,484.62433
2024-10-23T15:00:00Z,0,0,1091.5546,449.65482
2024-10-23T18:00:00Z,0,0,1044.4047,440.40915
2024-10-23T21:00:00Z,0,0,848.1933,428.2895
2024-10-24T00:00:00Z,0,0,861.41974,425.3724
2024-10-24T03:00:00Z,0,0,851.2,438.44083
2024-10-24T06:00:00Z,0,0,922.3186,444.8057
2024-10-24T09:00:00Z,0,0,968.8809,449.5448
2024-10-24T12:00:00Z,0,0,972.24225,441.1409
2024-10-24T15:00:00Z,0,0,1056.2386,498.675
2024-10-24T18:00:00Z,0,0,1072.9617,444.1834
2024-10-24T21:00:00Z,0,0,873.7424,428.89413
2024-10-25T00:00:00Z,0,0,860.1891,435.37448
2024-10-25T03:00:00Z,0,0,878.1261,465.6876
2024-10-25T06:00:00Z,0,0,992.6923,478.12415
2024-10-25T09:00:00Z,0,0,978.0528,450.99173
2024-10-25T12:00:00Z,0,0,1000.3164,447.48654
2024-10-25T15:00:00Z,0,0,1053.004,454.0981
2024-10-25T18:00:00Z,0,0,1084.5669,445.13104
2024-10-25T21:00:00Z,0,0,1031.2164,436.4307
2024-10-26T00:00:00Z,0,0,892.84985,440.99533
2024-10-26T03:00:00Z,0,0,905.6991,476.14966
2024-10-26T06:00:00Z,0,0,890.2096,425.30756
2024-10-26T09:00:00Z,0,0,854.4572,429.0631
2024-10-26T12:00:00Z,0,0,968.1562,434.6219
2024-10-26T15:00:00Z,0,0,1028.3545,435.7588
2024-10-26T18:00:00Z,0,0,1041.7797,430.40103
2024-10-26T21:00:00Z,0,0,985.3883,423.0283
2024-10-27T00:00:00Z,0,0,926.5274,422.49448
2024-10-27T03:00:00Z,0,0,827.9438,435.58862
2024-10-27T06:00:00Z,0,0,1029.2819,447.26672
2024-10-27T09:00:00Z,0,0,1096.1998,447.96674
2024-10-27T12:00:00Z,0,0,1002.90283,435.4207
2024-10-27T15:00:00Z,0,0,996.8887,444.4512
2024-10-27T18:00:00Z,0,0,1023.3464,438.28653
2024-10-27T21:00:00Z,0,0,860.8297,428.3417
2024-10-28T00:00:00Z,0,0,904.4816,431.53876
2024-10-28T03:00:00Z,0,0,912.99524,439.3598
2024-10-28T06:00:00Z,0,0,956.75995,458.50638
2024-10-28T09:00:00Z,0,0,1085.365,451.0764
2024-10-28T12:00:00Z,0,0,1068.0779,451.14395
2024-10-28T15:00:00Z,0,0,1090.3384,449.76825
2024-10-28T18:00:00Z,0,0,1029.4764,436.60037
2024-10-28T21:00:00Z,0,0,1055.19,428.56244
2024-10-29T00:00:00Z,0,0,781.26587,430.45065
2024-10-29T03:00:00Z,0,0,819.9349,448.01602
2024-10-29T06:00:00Z,0,0,994.0658,438.50793
2024-10-29T09:00:00Z,0,0,1073.927,445.03552
2024-10-29T12:00:00Z,0,0,1096.6423,443.1338
2024-10-29T15:00:00Z,0,0,941.8201,465.2641
2024-10-29T18:00:00Z,0,0,1014.35535,439.33105
2024-10-29T21:00:00Z,0,0,1029.0232,432.47482
2024-10-30T00:00:00Z,0,0,814.4897,440.0912
2024-10-30T03:00:00Z,0,0,939.1335,485.31894
2024-10-30T06:00:00Z,0,0,959.9578,451.3843
2024-10-30T09:00:00Z,0,0,1056.7091,447.34708
2024-10-30T12:00:00Z,0,0,1035.0728,432.48502
2024-10-30T15:00:00Z,0,0,931.4185,430.35898
2024-10-30T18:00:00Z,0,0,918.5102,424.9705
2024-10-30T21:00:00Z,0,0,987.96814,429.63086
2024-10-31T00:00:00Z,0,0,882.76666,431.08585
2024-10-31T03:00:00Z,0,0,816.28284,440.89172
2024-10-31T06:00:00Z,0,0,967.3404,449.03275
2024-10-31T09:00:00Z,0,0,1022.5269,479.12314
2024-10-31T12:00:00Z,0,0,729.48364,483.3124
2024-10-31T15:00:00Z,0,0,901.4083,449.47775
2024-10-31T18:00:00Z,0,0,944.0393,436.61172
2024-10-31T21:00:00Z,0,0,975.7318,429.4405
2024-11-01T00:00:00Z,0,0,936.3309,436.1057
2024-11-01T03:00:00Z,0,0,849.2735,432.71155
2024-11-01T06:00:00Z,0,0,829.1172,428.64777
2024-11-01T09:00:00Z,0,0,1018.4164,432.76917
2024-11-01T12:00:00Z,0,0,1030.243,450.9819
2024-11-01T15:00:00Z,0,0,1026.4407,434.1259
2024-11-01T18:00:00Z,0,0,919.1369,434.1081
2024-11-01T21:00:00Z,0,0,1014.3795,430.21017
2024-11-02T00:00:00Z,0,0,867.9713,435.5852
2024-11-02T03:00:00Z,0,0,829.3285,459.0931
2024-11-02T06:00:00Z,0,0,841.565,449.58084
2024-11-02T09:00:00Z,0,0,1041.4407,451.6241
2024-11-02T12:00:00Z,0,0,1042.215,437.27
2024-11-02T15:00:00Z,0,0,878.0978,451.69467
2024-11-02T18:00:00Z,0,0,845.8606,433.95587
2024-11-02T21:00:00Z,0,0,969.3248,427.675
2024-11-03T00:00:00Z,0,0,854.17395,430.8962
2024-11-03T03:00:00Z,0,0,824.0561,465.765
2024-11-03T06:00:00Z,0,0,904.92206,442.9807
2024-11-03T09:00:00Z,0,0,1017.14185,455.02985
2024-11-03T12:00:00Z,0,0,1044.2852,440.17743
2024-11-03T15:00:00Z,0,0,999.9562,427.26624
2024-11-03T18:00:00Z,0,0,940.45764,424.75272
2024-11-03T21:00:00Z,0,0,953.57776,425.62985
2024-11-04T00:00:00Z,0,0,889.1056,428.52573
2024-11-04T03:00:00Z,0,0,836.1697,433.81107
2024-11-04T06:00:00Z,0,0,851.02576,437.28928
2024-11-04T09:00:00Z,0,0,1006.7148,471.29135
2024-11-04T12:00:00Z,0,0,1015.96985,459.7155
2024-11-04T15:00:00Z,0,0,1025.5369,433.3881
2024-11-04T18:00:00Z,0,0,1011.9241,432.99878
2024-11-04T21:00:00Z,0,0,966.04944,423.6695
2024-11-05T00:00:00Z,0,0,849.5033,426.5293
2024-11-05T03:00:00Z,0,0,860.13586,427.31433
2024-11-05T06:00:00Z,0,0,866.69556,426.88797
2024-11-05T09:00:00Z,0,0,960.8443,427.8164
2024-11-05T12:00:00Z,0,0,1011.7729,426.8419
2024-11-05T15:00:00Z,0,0,998.6693,430.7738
2024-11-05T18:00:00Z,0,0,922.9087,424.12982
2024-11-06T00:00:00Z,0,0,868.13245,430.6197
2024-11-06T03:00:00Z,0,0,847.85864,440.29535
2024-11-06T06:00:00Z,0,0,839.9003,489.61603
2024-11-06T09:00:00Z,0,0,861.1069,449.48346
2024-11-06T12:00:00Z,0,0,958.9464,449.9053
2024-11-06T15:00:00Z,0,0,960.0989,458.27844
2024-11-06T18:00:00Z,0,0,955.4429,440.38538
2024-11-06T21:00:00Z,0,0,850.03827,441.64514
2024-11-07T00:00:00Z,0,0,832.795,434.83743
2024-11-07T03:00:00Z,0,0,777.1103,458.66187
2024-11-07T06:00:00Z,0,0,808.25964,484.40982
2024-11-07T09:00:00Z,0,0,831.884,499.22586
2024-11-07T12:00:00Z,0,0,935.39185,454.3781
2024-11-07T15:00:00Z,0,0,968.35425,473.15002
2024-11-07T18:00:00Z,0,0,974.61566,447.4905
2024-11-07T21:00:00Z,0,0,830.2953,450.68585
2024-11-08T00:00:00Z,0,0,754.5792,447.67297
2024-11-08T03:00:00Z,0,0,800.96326,471.69522
2024-11-08T06:00:00Z,0,0,827.842,472.21606
2024-11-08T09:00:00Z,0,0,816.47723,489.071
2024-11-08T12:00:00Z,0,0,956.61304,500.57382
2024-11-08T15:00:00Z,0,0,979.8783,470.39587
2024-11-08T18:00:00Z,0,0,986.8185,459.98947
2024-11-08T21:00:00Z,0,0,939.3162,457.00586
2024-11-09T00:00:00Z,0,0,771.0053,458.8971
2024-11-09T03:00:00Z,0,0,814.91315,465.56934
2024-11-09T06:00:00Z,0,0,859.6458,463.2014
2024-11-09T09:00:00Z,0,0,840.4893,469.7331
2024-11-09T12:00:00Z,0,0,930.55194,481.06985
2024-11-09T15:00:00Z,0,0,1013.3783,457.7138
2024-11-09T18:00:00Z,0,0,1013.27844,455.7055
2024-11-09T21:00:00Z,0,0,980.89453,457.64844
2024-11-10T00:00:00Z,0,0,863.80865,458.7952
2024-11-10T03:00:00Z,0,0,913.7979,457.78516
2024-11-10T06:00:00Z,0,0,956.44116,456.96255
2024-11-10T09:00:00Z,0,0,922.9469,465.78345
2024-11-10T12:00:00Z,0,0,933.7752,462.59018
2024-11-10T15:00:00Z,0,0,1019.54694,466.15277
2024-11-10T18:00:00Z,0,0,1001.9307,445.59296
2024-11-10T21:00:00Z,0,0,973.2698,444.56863
2024-11-13T00:00:00Z,0,0,842.97485,434.4492
2024-11-13T03:00:00Z,0,0,909.56793,429.28204
2024-11-13T06:00:00Z,0,0,967.6498,429.30743
2024-11-13T09:00:00Z,0,0,1008.31665,428.8964
2024-11-13T12:00:00Z,0,0,1016.4128,430.6801
2024-11-13T15:00:00Z,0,0,975.24915,432.6731
2024-11-13T18:00:00Z,0,0,1089.1838,431.0479
2024-11-13T21:00:00Z,0,0,1060.179,427.54465
2024-11-14T00:00:00Z,0,0,921.0953,430.10187
2024-11-14T03:00:00Z,0,0,902.85596,443.68225
2024-11-14T06:00:00Z,0,0,1066.6486,445.70276
2024-11-14T09:00:00Z,0,0,1031.1396,432.21103
2024-11-14T12:00:00Z,0,0,925.5463,441.6169
2024-11-14T15:00:00Z,0,0,964.9644,442.71255
2024-11-14T18:00:00Z,0,0,1036.3896,434.49188
2024-11-14T21:00:00Z,0,0,936.5353,426.67932
2024-11-15T00:00:00Z,0,0,879.31824,431.21796
2024-11-15T03:00:00Z,0,0,876.36395,439.29517
2024-11-15T06:00:00Z,0,0,947.372,435.54843
2024-11-15T09:00:00Z,0,0,1039.3058,443.41864
2024-11-15T12:00:00Z,0,0,853.75507,443.6081
2024-11-15T15:00:00Z,0,0,911.46967,441.82516
2024-11-15T18:00:00Z,0,0,1032.963,434.421
2024-11-15T21:00:00Z,0,0,1037.6731,430.5736
2024-11-16T00:00:00Z,0,0,965.08527,435.23553
2024-11-16T03:00:00Z,0,0,921.3905,442.41068
2024-11-16T06:00:00Z,0,0,936.22394,441.4814
2024-11-16T09:00:00Z,0,0,1026.8269,482.92017
2024-11-16T12:00:00Z,0,0,1043.1583,459.5283
2024-11-16T15:00:00Z,0,0,1031.4006,434.57742
2024-11-16T18:00:00Z,0,0,999.8648,433.10382
2024-11-16T21:00:00Z,0,0,1022.9871,431.82864
2024-11-17T00:00:00Z,0,0,955.562,434.639
2024-11-17T03:00:00Z,0,0,964.9637,434.6952
2024-11-17T06:00:00Z,0,0,988.7004,464.10068
2024-11-17T09:00:00Z,0,0,1039.3342,455.77277
2024-11-17T12:00:00Z,0,0,1045.413,433.1438
2024-11-17T15:00:00Z,0,0,1036.5734,439.21277
2024-11-17T18:00:00Z,0,0,983.1932,428.45255
2024-11-17T21:00:00Z,0,0,1022.01746,428.7259
2024-11-18T00:00:00Z,0,0,978.81384,428.83847
2024-11-18T03:00:00Z,0,0,982.4686,443.7862
2024-11-18T06:00:00Z,0,0,993.58344,456.39365
2024-11-18T09:00:00Z,0,0,1018.25696,460.65652
2024-11-18T12:00:00Z,0,0,1020.8396,438.5174
2024-11-18T15:00:00Z,0,0,1024.7837,435.29712
2024-11-18T18:00:00Z,0,0,998.12775,429.1226
2024-11-18T21:00:00Z,0,0,974.021,426.16483
2024-11-19T00:00:00Z,0,0,976.771,430.73413
2024-11-19T03:00:00Z,0,0,949.7194,433.92603
2024-11-19T06:00:00Z,0,0,969.9332,430.41965
2024-11-19T09:00:00Z,0,0,990.1565,444.89294
2024-11-19T12:00:00Z,0,0,987.79144,453.3048
2024-11-19T15:00:00Z,0,0,1000.7072,441.514
2024-11-19T18:00:00Z,0,0,974.4445,427.50604
2024-11-19T21:00:00Z,0,0,867.56683,429.77225
2024-11-20T00:00:00Z,0,0,911.99866,431.31155
2024-11-20T03:00:00Z,0,0,885.8676,435.24377
2024-11-20T06:00:00Z,0,0,931.7059,431.9474
2024-11-20T09:00:00Z,0,0,940.27844,431.27505
2024-11-20T12:00:00Z,0,0,978.5295,433.62082
2024-11-20T15:00:00Z,0,0,983.7643,431.9919
2024-11-20T18:00:00Z,0,0,981.08325,428.7693
2024-11-20T21:00:00Z,0,0,898.8664,428.38416
2024-11-21T00:00:00Z,0,0,894.35693,428.57465
2024-11-21T03:00:00Z,0,0,918.6198,429.78156
2024-11-21T06:00:00Z,0,0,921.4577,430.17325
2024-11-21T09:00:00Z,0,0,943.04517,439.81705
2024-11-21T12:00:00Z,0,0,976.73126,468.44446
2024-11-21T15:00:00Z,0,0,971.9979,444.32465
2024-11-21T18:00:00Z,0,0,873.16565,441.42947
2024-11-21T21:00:00Z,0,0,875.47455,430.3193
2024-11-22T00:00:00Z,0,0,916.12415,449.70547
2024-11-22T03:00:00Z,0,0,890.19507,460.87262
2024-11-22T06:00:00Z,0,0,935.3754,467.79193
2024-11-22T09:00:00Z,0,0,960.83276,450.8024
2024-11-22T12:00:00Z,0,0,970.37427,448.4215
2024-11-22T15:00:00Z,0,0,972.01117,433.16815
2024-11-22T18:00:00Z,0,0,944.3472,434.7555
2024-11-22T21:00:00Z,0,0,908.155,432.31033
2024-11-23T00:00:00Z,0,0,892.6619,426.335
2024-11-23T03:00:00Z,0,0,921.1317,429.7957
2024-11-23T06:00:00Z,0,0,937.2396,435.71722
2024-11-23T09:00:00Z,0,0,933.13495,447.73187
2024-11-23T12:00:00Z,0,0,951.37134,444.66153
2024-11-23T15:00:00Z,0,0,954.11993,439.5372
2024-11-23T18:00:00Z,0,0,972.1505,437.50708
2024-11-23T21:00:00Z,0,0,889.231,434.6281
2024-11-24T00:00:00Z,0,0,895.0072,430.96225
2024-11-24T03:00:00Z,0,0,908.0902,439.44293
2024-11-24T06:00:00Z,0,0,872.40674,461.44772
2024-11-24T09:00:00Z,0,0,946.64545,430.04913
2024-11-24T12:00:00Z,0,0,896.5393,429.436
2024-11-24T15:00:00Z,0,0,874.1504,430.2565
2024-11-24T18:00:00Z,0,0,884.625,430.84793
2024-11-24T21:00:00Z,0,0,851.7845,427.93015
2024-11-25T00:00:00Z,0,0,839.2443,430.27332
2024-11-25T03:00:00Z,0,0,927.5098,434.19
2024-11-25T06:00:00Z,0,0,879.2928,437.45728
2024-11-25T09:00:00Z,0,0,819.52625,434.6683
2024-11-25T12:00:00Z,0,0,864.25653,465.15997
2024-11-25T15:00:00Z,0,0,788.1679,437.65778
2024-11-25T18:00:00Z,0,0,777.5995,442.11035
2024-11-25T21:00:00Z,0,0,787.8541,435.31808
2024-11-26T00:00:00Z,0,0,882.9005,437.24173
2024-11-26T03:00:00Z,0,0,952.1434,440.38068
2024-11-26T06:00:00Z,0,0,658.99243,443.12006
2024-11-26T09:00:00Z,0,0,622.3521,440.8724
2024-11-26T12:00:00Z,0,0,646.94934,450.25317
2024-11-26T15:00:00Z,0,0,664.49603,440.38226
2024-11-26T18:00:00Z,0,0,614.34894,446.9157
2024-11-26T21:00:00Z,0,0,615.3712,434.21503
2024-11-27T00:00:00Z,0,0,802.2396,436.6317
2024-11-27T03:00:00Z,0,0,846.13,450.67844
2024-11-27T06:00:00Z,0,0,664.2774,453.21548
2024-11-27T09:00:00Z,0,0,662.6505,445.11896
2024-11-27T12:00:00Z,0,0,682.8118,448.52637
2024-11-27T15:00:00Z,0,0,734.3268,446.26328
2024-11-27T18:00:00Z,0,0,675.8533,439.69037
2024-11-27T21:00:00Z,0,0,686.2302,431.35608
2024-11-28T00:00:00Z,0,0,715.35223,433.84018
2024-11-28T03:00:00Z,0,0,798.64246,446.36707
2024-11-28T06:00:00Z,0,0,684.0919,463.54105
2024-11-28T09:00:00Z,0,0,691.9645,450.8062
2024-11-28T12:00:00Z,0,0,691.664,452.31207
2024-11-28T15:00:00Z,0,0,708.8238,445.93607
2024-11-28T18:00:00Z,0,0,694.3528,435.55896
2024-11-28T21:00:00Z,0,0,695.257,437.80432
2024-12-01T00:00:00Z,0,0,747.68835,429.76
2024-12-01T03:00:00Z,0,0,823.64624,446.76517
2024-12-01T06:00:00Z,0,0,795.6651,441.3962
2024-12-01T09:00:00Z,0,0,792.17645,482.8853
2024-12-01T12:00:00Z,0,0,799.52356,444.8388
2024-12-01T15:00:00Z,0,0,804.8761,466.78894
2024-12-01T18:00:00Z,0,0,790.9032,439.51343
2024-12-01T21:00:00Z,0,0,808.12604,436.41605
2024-12-02T00:00:00Z,0,0,739.0932,440.27072
2024-12-02T03:00:00Z,0,0,822.3067,445.19672
2024-12-02T06:00:00Z,0,0,835.4516,447.276
2024-12-02T09:00:00Z,0,0,806.1357,472.60052
2024-12-02T12:00:00Z,0,0,813.71655,454.68484
2024-12-02T15:00:00Z,0,0,832.6746,476.53787
2024-12-02T18:00:00Z,0,0,828.8683,438.3235
2024-12-02T21:00:00Z,0,0,807.5819,434.12003
2024-12-03T00:00:00Z,0,0,807.14526,437.3433
2024-12-03T03:00:00Z,0,0,820.93896,437.28397
2024-12-03T06:00:00Z,0,0,861.77155,442.59793
2024-12-03T09:00:00Z,0,0,826.7068,437.81244
2024-12-03T12:00:00Z,0,0,836.5376,440.77844
2024-12-03T15:00:00Z,0,0,844.8388,441.55988
2024-12-03T18:00:00Z,0,0,858.67206,444.1559
2024-12-03T21:00:00Z,0,0,816.72327,438.19208
2024-12-04T00:00:00Z,0,0,822.82837,442.82773
2024-12-04T03:00:00Z,0,0,830.45483,447.26294
2024-12-04T06:00:00Z,0,0,852.40076,485.4231
2024-12-04T09:00:00Z,0,0,852.2548,449.87152
2024-12-04T12:00:00Z,0,0,854.4606,452.82913
2024-12-04T15:00:00Z,0,0,866.4332,455.7738
2024-12-04T18:00:00Z,0,0,876.72473,450.2781
2024-12-04T21:00:00Z,0,0,864.67114,446.70383
2024-12-05T00:00:00Z,0,0,871.3574,445.21497
2024-12-05T03:00:00Z,0,0,867.6607,452.66653
2024-12-05T06:00:00Z,0,0,871.7385,447.94205
2024-12-05T09:00:00Z,0,0,875.32275,448.0433
2024-12-05T12:00:00Z,0,0,883.09717,451.0508
2024-12-05T15:00:00Z,0,0,898.7775,456.15656
2024-12-05T18:00:00Z,0,0,870.577,448.57272
2024-12-05T21:00:00Z,0,0,867.923,450.78864
2024-12-06T00:00:00Z,0,0,857.98425,454.4888
2024-12-06T03:00:00Z,0,0,864.0344,471.83453
2024-12-06T06:00:00Z,0,0,879.3057,461.66208
2024-12-06T09:00:00Z,0,0,893.754,460.46686
2024-12-06T12:00:00Z,0,0,901.9214,469.12274
2024-12-06T15:00:00Z,0,0,922.6869,466.89362
2024-12-06T18:00:00Z,0,0,912.6742,455.39948
2024-12-06T21:00:00Z,0,0,888.899,448.77777
2024-12-07T00:00:00Z,0,0,872.2374,460.13727
2024-12-07T03:00:00Z,0,0,896.778,453.8371
2024-12-07T06:00:00Z,0,0,909.5629,457.52435
2024-12-07T09:00:00Z,0,0,933.79236,463.9762
2024-12-07T12:00:00Z,0,0,937.32056,461.47946
2024-12-07T15:00:00Z,0,0,946.60266,468.45657
2024-12-07T18:00:00Z,0,0,935.07697,452.39258
2024-12-07T21:00:00Z,0,0,912.97107,427.36707
2024-12-08T00:00:00Z,0,0,898.2905,431.25034
2024-12-08T03:00:00Z,0,0,907.1238,439.53204
2024-12-08T06:00:00Z,0,0,921.1083,453.56775
2024-12-08T09:00:00Z,0,0,918.875,435.72394
2024-12-08T12:00:00Z,0,0,922.90607,434.78708
2024-12-08T15:00:00Z,0,0,940.4017,433.7483
2024-12-08T18:00:00Z,0,0,947.859,429.22556
2024-12-08T21:00:00Z,0,0,857.0827,426.93814
2024-12-09T00:00:00Z,0,0,884.1711,431.36655
2024-12-09T03:00:00Z,0,0,915.73175,442.2802
2024-12-09T06:00:00Z,0,0,934.96594,448.55154
2024-12-09T09:00:00Z,0,0,965.1224,443.94928
2024-12-09T12:00:00Z,0,0,928.30334,442.9974
2024-12-09T15:00:00Z,0,0,920.5043,441.06122
2024-12-09T18:00:00Z,0,0,885.66565,451.95294
2024-12-09T21:00:00Z,0,0,862.34924,435.46622
2024-12-10T00:00:00Z,0,0,876.0067,439.2
2024-12-10T03:00:00Z,0,0,882.591,476.23004
2024-12-10T06:00:00Z,0,0,917.6235,448.0197
2024-12-10T09:00:00Z,0,0,941.0345,455.8269
2024-12-10T12:00:00Z,0,0,954.037,474.42462
2024-12-10T15:00:00Z,0,0,915.4741,452.37708
2024-12-10T18:00:00Z,0,0,932.0735,443.6848
2024-12-10T21:00:00Z,0,0,870.9556,434.86053
2024-12-11T00:00:00Z,0,0,871.03467,439.25723
2024-12-11T03:00:00Z,0,0,896.09393,454.08344
2024-12-11T06:00:00Z,0,0,918.1802,445.34793
2024-12-11T09:00:00Z,0,0,936.57623,465.6848
2024-12-11T12:00:00Z,0,0,940.7461,446.23657
2024-12-11T15:00:00Z,0,0,936.5578,450.9179
2024-12-11T18:00:00Z,0,0,940.1909,451.025
2024-12-11T21:00:00Z,0,0,918.3427,437.5107
2024-12-12T00:00:00Z,0,0,910.2209,444.5531
2024-12-12T03:00:00Z,0,0,938.5857,439.28412
2024-12-12T06:00:00Z,0,0,962.1278,446.32056
2024-12-12T09:00:00Z,0,0,960.6742,472.20706
2024-12-12T12:00:00Z,0,0,981.38916,481.88742
2024-12-12T15:00:00Z,0,0,959.5354,458.85446
2024-12-12T18:00:00Z,0,0,957.6831,457.86676
2024-12-12T21:00:00Z,0,0,914.92303,443.18982
2024-12-13T00:00:00Z,0,0,913.0373,445.28067
2024-12-13T03:00:00Z,0,0,943.8095,454.24896
2024-12-13T06:00:00Z,0,0,968.3104,472.64673
2024-12-13T09:00:00Z,0,0,984.95575,451.85327
2024-12-13T12:00:00Z,0,0,983.63904,452.65274
2024-12-13T15:00:00Z,0,0,983.38635,449.83258
2024-12-13T18:00:00Z,0,0,984.2299,434.9122
2024-12-13T21:00:00Z,0,0,947.6736,433.49277
2024-12-14T00:00:00Z,0,0,900.705,431.725
2024-12-14T03:00:00Z,0,0,922.49994,436.61465
2024-12-14T06:00:00Z,0,0,938.6691,439.00488
2024-12-14T09:00:00Z,0,0,968.1062,435.32742
2024-12-14T12:00:00Z,0,0,960.26056,433.52176
2024-12-14T15:00:00Z,0,0,929.8648,431.22498
2024-12-14T18:00:00Z,0,0,990.4761,430.81897
2024-12-14T21:00:00Z,0,0,947.48724,426.7846
2024-12-15T00:00:00Z,0,0,903.52814,432.55328
2024-12-15T03:00:00Z,0,0,912.1648,436.05948
2024-12-15T06:00:00Z,0,0,918.3526,437.2157
2024-12-15T09:00:00Z,0,0,966.5998,443.75604
2024-12-15T12:00:00Z,0,0,974.4848,445.36206
2024-12-15T15:00:00Z,0,0,866.3066,443.83398
2024-12-15T18:00:00Z,0,0,892.32935,437.63742
2024-12-15T21:00:00Z,0,0,854.0547,428.7655
2024-12-16T00:00:00Z,0,0,872.54236,429.78363
2024-12-16T03:00:00Z,0,0,893.3605,430.03708
2024-12-16T06:00:00Z,0,0,907.6502,429.70776
2024-12-16T09:00:00Z,0,0,943.7455,431.4324
2024-12-16T12:00:00Z,0,0,956.49915,430.3819
2024-12-16T15:00:00Z,0,0,896.23584,431.05466
2024-12-16T18:00:00Z,0,0,881.9715,438.95276
2024-12-16T21:00:00Z,0,0,959.2387,432.00653
2024-12-17T00:00:00Z,0,0,884.40607,450.7031
2024-12-17T03:00:00Z,0,0,901.02924,462.70465
2024-12-17T06:00:00Z,0,0,915.8972,466.82724
2024-12-17T09:00:00Z,0,0,946.58417,452.65552
2024-12-17T12:00:00Z,0,0,954.8866,458.00516
2024-12-17T15:00:00Z,0,0,969.60016,435.2854
2024-12-17T18:00:00Z,0,0,917.34814,432.34308
2024-12-17T21:00:00Z,0,0,907.94073,430.40244
2024-12-18T00:00:00Z,0,0,898.3081,440.88876
2024-12-18T03:00:00Z,0,0,914.8569,448.65295
2024-12-18T06:00:00Z,0,0,927.2201,434.25314
2024-12-18T09:00:00Z,0,0,960.6934,432.6269
2024-12-18T12:00:00Z,0,0,942.23627,428.3638
2024-12-18T15:00:00Z,0,0,914.9017,428.6993
2024-12-18T18:00:00Z,0,0,903.1234,433.65894
2024-12-18T21:00:00Z,0,0,876.98486,428.57657
2024-12-19T00:00:00Z,0,0,896.4453,431.89847
2024-12-19T03:00:00Z,0,0,889.33545,454.57153
2024-12-19T06:00:00Z,0,0,919.03467,437.61087
2024-12-19T09:00:00Z,0,0,916.33606,442.34363
2024-12-19T12:00:00Z,0,0,906.5419,444.82687
2024-12-19T15:00:00Z,0,0,919.6793,440.02844
2024-12-19T18:00:00Z,0,0,908.2246,442.60312
2024-12-19T21:00:00Z,0,0,899.3057,430.6243
2024-12-20T00:00:00Z,0,0,895.7363,429.61
2024-12-20T03:00:00Z,0,0,901.41235,439.88034
2024-12-20T06:00:00Z,0,0,920.4666,445.29276
2024-12-20T09:00:00Z,0,0,930.49634,475.42862
2024-12-20T12:00:00Z,0,0,929.3509,471.33487
2024-12-20T15:00:00Z,0,0,925.48804,454.48505
2024-12-20T18:00:00Z,0,0,885.638,452.75778
2024-12-20T21:00:00Z,0,0,899.0307,438.16104
2024-12-21T00:00:00Z,0,0,888.35425,446.8505
2024-12-21T03:00:00Z,0,0,913.5463,475.8853
2024-12-21T06:00:00Z,0,0,918.0757,486.25684
2024-12-21T09:00:00Z,0,0,930.502,447.36844
2024-12-21T12:00:00Z,0,0,881.3712,467.13074
2024-12-21T15:00:00Z,0,0,872.6647,459.43463
2024-12-21T18:00:00Z,0,0,844.7107,450.22845
2024-12-21T21:00:00Z,0,0,822.12994,435.52274
2024-12-22T00:00:00Z,0,0,825.0052,440.59277
2024-12-22T03:00:00Z,0,0,879.7901,466.60944
2024-12-22T06:00:00Z,0,0,905.565,489.2474
2024-12-22T09:00:00Z,0,0,907.9948,476.54984
2024-12-22T12:00:00Z,0,0,779.5183,465.72638
2024-12-22T15:00:00Z,0,0,791.184,431.85068
2024-12-22T18:00:00Z,0,0,839.7704,429.93033
2024-12-22T21:00:00Z,0,0,808.3688,429.25006
2024-12-23T00:00:00Z,0,0,711.1041,430.7517
2024-12-23T03:00:00Z,0,0,760.32825,431.17795
2024-12-23T06:00:00Z,0,0,820.9264,448.64246
2024-12-23T09:00:00Z,0,0,842.9685,441.88983
2024-12-23T12:00:00Z,0,0,863.16034,445.65677
2024-12-23T15:00:00Z,0,0,758.2622,467.4533
2024-12-23T18:00:00Z,0,0,756.12445,442.2105
2024-12-23T21:00:00Z,0,0,784.80554,436.92392
2024-12-24T00:00:00Z,0,0,790.15564,431.4967
2024-12-24T03:00:00Z,0,0,738.73035,432.92618
2024-12-24T06:00:00Z,0,0,688.3543,428.16498
2024-12-24T09:00:00Z,0,0,693.09174,432.64636
2024-12-24T12:00:00Z,0,0,753.48413,440.64432
2024-12-24T15:00:00Z,0,0,695.3888,451.17792
2024-12-24T18:00:00Z,0,0,684.65515,434.94464
2024-12-24T21:00:00Z,0,0,777.8039,428.55466
2024-12-25T00:00:00Z,0,0,812.1078,432.7174
2024-12-25T03:00:00Z,0,0,783.3277,443.42358
2024-12-25T06:00:00Z,0,0,745.82214,451.8224
2024-12-25T09:00:00Z,0,0,686.1817,445.9245
2024-12-25T12:00:00Z,0,0,685.42865,453.03503
2024-12-25T15:00:00Z,0,0,674.2961,433.80588
2024-12-25T18:00:00Z,0,0,702.46893,432.24017
2024-12-25T21:00:00Z,0,0,680.62616,432.0969
2024-12-26T00:00:00Z,0,0,725.41034,432.0429
2024-12-26T03:00:00Z,0,0,793.84064,430.81537
2024-12-26T06:00:00Z,0,0,730.3515,431.00412
2024-12-26T09:00:00Z,0,0,735.5048,435.69794
2024-12-26T12:00:00Z,0,0,740.7142,432.26895
2024-12-26T15:00:00Z,0,0,741.5741,439.3971
2024-12-26T18:00:00Z,0,0,733.89197,434.0976
2024-12-26T21:00:00Z,0,0,778.1103,431.6412
2024-12-27T00:00:00Z,0,0,780.6902,431.22482
2024-12-27T03:00:00Z,0,0,823.6979,442.82623
2024-12-27T06:00:00Z,0,0,748.00836,446.9034
2024-12-27T09:00:00Z,0,0,719.364,459.45483
2024-12-27T12:00:00Z,0,0,694.1734,430.66156
2024-12-27T15:00:00Z,0,0,745.0213,433.411
2024-12-27T18:00:00Z,0,0,707.19275,434.84604
2024-12-27T21:00:00Z,0,0,715.6186,428.91946
2024-12-28T00:00:00Z,0,0,803.32477,431.04553
2024-12-28T03:00:00Z,0,0,836.36755,443.45016
2024-12-28T06:00:00Z,0,0,681.4728,430.4519
2024-12-28T09:00:00Z,0,0,662.93085,455.03412
2024-12-28T12:00:00Z,0,0,641.45636,450.72067
2024-12-28T15:00:00Z,0,0,730.7285,445.22775
2024-12-28T18:00:00Z,0,0,704.23425,442.64035
2024-12-28T21:00:00Z,0,0,714.17065,428.53583
2024-12-29T00:00:00Z,0,0,728.3469,433.28125
2024-12-29T03:00:00Z,0,0,799.89795,450.30807
2024-12-29T06:00:00Z,0,0,647.7643,487.53033
2024-12-29T09:00:00Z,0,0,635.4998,455.08914
2024-12-29T12:00:00Z,0,0,634.93304,445.85776
2024-12-29T15:00:00Z,0,0,635.952,455.04828
2024-12-29T18:00:00Z,0,0,653.2383,444.66037
2024-12-29T21:00:00Z,0,0,645.8048,429.00638
2024-12-30T00:00:00Z,0,0,707.83356,432.62173
2024-12-30T03:00:00Z,0,0,736.67145,446.13083
2024-12-30T06:00:00Z,0,0,710.78253,469.41345
2024-12-30T09:00:00Z,0,0,614.2624,445.58035
2024-12-30T12:00:00Z,0,0,609.40027,443.0116
2024-12-30T15:00:00Z,0,0,624.3113,441.6869
2024-12-30T18:00:00Z,0,0,650.68744,440.74313
2024-12-30T21:00:00Z,0,0,644.80774,434.6985
2024-12-31T00:00:00Z,0,0,660.3489,434.64084
2024-12-31T03:00:00Z,0,0,709.3848,442.1836
2024-12-31T06:00:00Z,0,0,744.8601,444.7879
2024-12-31T09:00:00Z,0,0,621.45624,453.17294
2024-12-31T12:00:00Z,0,0,619.4999,468.53964
2024-12-31T15:00:00Z,0,0,620.2384,462.97894
2024-12-31T18:00:00Z,0,0,664.02924,441.82776
2024-12-31T21:00:00Z,0,0,631.6802,430.2369
2025-01-01T00:00:00Z,0,0,648.5128,430.74533
2025-01-01T03:00:00Z,0,0,698.09924,453.12082
2025-01-01T06:00:00Z,0,0,726.4597,433.56314
2025-01-01T09:00:00Z,0,0,678.0371,430.88705
2025-01-01T12:00:00Z,0,0,664.1226,456.36362
2025-01-01T15:00:00Z,0,0,663.3503,434.54105
2025-01-01T18:00:00Z,0,0,712.07825,432.64328
2025-01-01T21:00:00Z,0,0,672.25146,429.49048
2025-01-02T00:00:00Z,0,0,657.0308,430.5693
2025-01-02T03:00:00Z,0,0,695.53595,435.88052
2025-01-02T06:00:00Z,0,0,702.8072,453.3283
2025-01-02T09:00:00Z,0,0,677.2332,445.2474
2025-01-02T12:00:00Z,0,0,684.05115,450.98886
2025-01-02T15:00:00Z,0,0,684.3592,467.4036
2025-01-02T18:00:00Z,0,0,711.5135,448.27744
2025-01-02T21:00:00Z,0,0,690.7131,437.18848
2025-01-03T00:00:00Z,0,0,684.434,437.9655
2025-01-03T03:00:00Z,0,0,702.8433,454.3133
2025-01-03T06:00:00Z,0,0,728.0827,450.87622
2025-01-03T09:00:00Z,0,0,705.88513,458.4795
2025-01-03T12:00:00Z,0,0,706.8141,460.1445
2025-01-03T15:00:00Z,0,0,716.38605,443.86447
2025-01-03T18:00:00Z,0,0,707.03577,439.5505
2025-01-03T21:00:00Z,0,0,722.3832,441.12445
2025-01-04T00:00:00Z,0,0,707.92706,437.6786
2025-01-04T03:00:00Z,0,0,726.184,444.24188
2025-01-04T06:00:00Z,0,0,742.842,437.92377
2025-01-04T09:00:00Z,0,0,739.4363,442.16827
2025-01-04T12:00:00Z,0,0,724.8695,441.72208
2025-01-04T15:00:00Z,0,0,729.84503,454.72626
2025-01-04T18:00:00Z,0,0,714.7319,439.5512
2025-01-04T21:00:00Z,0,0,725.54816,439.69568
2025-01-05T00:00:00Z,0,0,731.5518,438.645
2025-01-05T03:00:00Z,0,0,740.49725,464.4335
2025-01-05T06:00:00Z,0,0,732.0344,435.93222
2025-01-05T09:00:00Z,0,0,761.494,489.12225
2025-01-05T12:00:00Z,0,0,727.7688,445.32034
2025-01-05T15:00:00Z,0,0,734.32184,445.74292
2025-01-05T18:00:00Z,0,0,736.2514,446.94412
2025-01-05T21:00:00Z,0,0,725.6463,439.5719
2025-01-06T00:00:00Z,0,0,735.30585,442.9707
2025-01-06T03:00:00Z,0,0,731.73364,442.41516
2025-01-06T06:00:00Z,0,0,745.0767,445.2812
2025-01-06T09:00:00Z,0,0,748.9262,438.24704
2025-01-06T12:00:00Z,0,0,725.53064,441.7091
2025-01-06T15:00:00Z,0,0,733.4642,435.3005
2025-01-06T18:00:00Z,0,0,736.9982,434.99844
2025-01-06T21:00:00Z,0,0,719.87445,435.60364
2025-01-07T00:00:00Z,0,0,741.566,434.5621
2025-01-07T03:00:00Z,0,0,734.21606,433.5781
2025-01-07T06:00:00Z,0,0,737.3045,435.73984
2025-01-07T09:00:00Z,0,0,762.88086,435.99393
2025-01-07T12:00:00Z,0,0,747.4135,437.05447
2025-01-07T15:00:00Z,0,0,746.8789,442.7436
2025-01-07T18:00:00Z,0,0,745.99194,440.2357
2025-01-07T21:00:00Z,0,0,739.73627,438.94705
2025-01-08T00:00:00Z,0,0,739.36536,441.01093
2025-01-08T03:00:00Z,0,0,752.14624,446.35327
2025-01-08T06:00:00Z,0,0,764.77454,445.17032
2025-01-08T09:00:00Z,0,0,774.7848,450.87482
2025-01-08T12:00:00Z,0,0,757.1665,463.43307
2025-01-08T15:00:00Z,0,0,768.4961,448.76196
2025-01-08T18:00:00Z,0,0,755.8771,449.5788
2025-01-08T21:00:00Z,0,0,731.5051,441.41138
2025-01-09T00:00:00Z,0,0,747.71625,445.8448
2025-01-09T03:00:00Z,0,0,756.1564,454.86203
2025-01-09T06:00:00Z,0,0,774.21686,461.22604
2025-01-09T09:00:00Z,0,0,775.91833,454.0771
2025-01-09T12:00:00Z,0,0,780.18933,443.24518
2025-01-09T15:00:00Z,0,0,771.7914,452.37292
2025-01-09T18:00:00Z,0,0,778.7173,437.95984
2025-01-09T21:00:00Z,0,0,746.5084,437.3045
2025-01-10T00:00:00Z,0,0,757.7921,438.42294
2025-01-10T03:00:00Z,0,0,782.2147,435.74435
2025-01-10T06:00:00Z,0,0,785.2939,440.91135
2025-01-10T09:00:00Z,0,0,791.4231,440.62555
2025-01-10T12:00:00Z,0,0,787.16016,441.97968
2025-01-10T15:00:00Z,0,0,798.7441,444.18066
2025-01-10T18:00:00Z,0,0,785.69714,428.61017
2025-01-10T21:00:00Z,0,0,745.1148,427.44687
2025-01-11T00:00:00Z,0,0,754.98486,430.11105
2025-01-11T03:00:00Z,0,0,771.60175,432.0052
2025-01-11T06:00:00Z,0,0,764.7462,437.14313
2025-01-11T09:00:00Z,0,0,760.81506,433.86194
2025-01-11T12:00:00Z,0,0,765.2553,433.18927
2025-01-11T15:00:00Z,0,0,771.6612,438.69055
2025-01-11T18:00:00Z,0,0,771.6017,435.06793
2025-01-11T21:00:00Z,0,0,742.4791,430.01932
2025-01-12T00:00:00Z,0,0,745.5146,431.66428
2025-01-12T03:00:00Z,0,0,765.09924,462.65308
2025-01-12T06:00:00Z,0,0,763.4731,456.89224
2025-01-12T09:00:00Z,0,0,774.735,468.84915
2025-01-12T12:00:00Z,0,0,778.5842,453.03653
2025-01-12T15:00:00Z,0,0,774.8935,443.8891
2025-01-12T18:00:00Z,0,0,774.5001,433.52173
2025-01-12T21:00:00Z,0,0,736.37555,430.88626
2025-01-14T03:00:00Z,0,0,762.29443,442.15845
2025-01-14T06:00:00Z,0,0,774.6726,487.34064
2025-01-14T09:00:00Z,0,0,781.22424,447.25085
2025-01-14T12:00:00Z,0,0,785.9201,456.79636
2025-01-14T15:00:00Z,0,0,790.17786,450.33206
2025-01-14T18:00:00Z,0,0,768.8622,447.26984
2025-01-14T21:00:00Z,0,0,789.36615,439.0686
2025-01-15T00:00:00Z,0,0,743.7194,496.83636
2025-01-15T03:00:00Z,0,0,767.76135,448.774
2025-01-15T06:00:00Z,0,0,781.12933,449.5095
2025-01-15T09:00:00Z,0,0,790.9507,447.735
2025-01-15T12:00:00Z,0,0,794.35846,455.88275
2025-01-15T15:00:00Z,0,0,780.3758,457.42603
2025-01-15T18:00:00Z,0,0,781.9816,441.83105
2025-01-15T21:00:00Z,0,0,790.02,439.54553
2025-01-16T00:00:00Z,0,0,786.744,442.42688
2025-01-16T03:00:00Z,0,0,779.52075,455.02444
2025-01-16T06:00:00Z,0,0,789.07825,458.56174
2025-01-16T09:00:00Z,0,0,799.5621,450.34882
2025-01-16T12:00:00Z,0,0,792.9401,446.0764
2025-01-16T15:00:00Z,0,0,792.03253,437.1712
2025-01-16T18:00:00Z,0,0,794.36224,436.9319
2025-01-16T21:00:00Z,0,0,774.84186,429.0019
2025-01-17T00:00:00Z,0,0,775.6128,430.3931
2025-01-17T03:00:00Z,0,0,771.993,451.61984
2025-01-17T06:00:00Z,0,0,778.02136,444.32898
2025-01-17T09:00:00Z,0,0,769.95447,471.99933
2025-01-17T12:00:00Z,0,0,790.4006,443.45224
2025-01-17T15:00:00Z,0,0,792.1153,447.821
2025-01-17T18:00:00Z,0,0,769.39154,431.0881
2025-01-17T21:00:00Z,0,0,772.0894,432.7712
2025-01-18T00:00:00Z,0,0,769.02075,433.7636
2025-01-18T03:00:00Z,0,0,761.2646,444.40585
2025-01-18T06:00:00Z,0,0,771.07635,447.4736
2025-01-18T09:00:00Z,0,0,774.9722,445.2936
2025-01-18T12:00:00Z,0,0,782.81726,455.02188
2025-01-18T15:00:00Z,0,0,792.47723,456.34036
2025-01-18T18:00:00Z,0,0,767.4857,439.77
2025-01-18T21:00:00Z,0,0,759.17487,435.0338
2025-01-19T00:00:00Z,0,0,754.747,436.43173
2025-01-19T03:00:00Z,0,0,763.95935,449.57397
2025-01-19T06:00:00Z,0,0,763.47614,449.70618
2025-01-19T09:00:00Z,0,0,780.3521,448.47226
2025-01-19T12:00:00Z,0,0,806.9129,449.55344
2025-01-19T15:00:00Z,0,0,808.6853,449.39532
2025-01-19T18:00:00Z,0,0,770.0507,449.2543
2025-01-19T21:00:00Z,0,0,755.6861,436.89172
2025-01-20T00:00:00Z,0,0,755.1986,435.92380000000003
2025-01-20T03:00:00Z,0,0,769.9219,443.45862
2025-01-20T06:00:00Z,0,0,762.8904,443.0355
2025-01-20T09:00:00Z,0,0,773.43677,442.2431
2025-01-20T12:00:00Z,0,0,764.09094,466.42242
2025-01-20T15:00:00Z,0,0,793.6461,458.57898
2025-01-20T18:00:00Z,0,0,758.6996,445.52692
2025-01-20T21:00:00Z,0,0,742.0278,434.37518
2025-01-21T00:00:00Z,0,0,714.5845,434.6824
2025-01-21T03:00:00Z,0,0,745.047,444.12747
2025-01-21T06:00:00Z,0,0,759.9564,456.81726
2025-01-21T09:00:00Z,0,0,756.4147,446.04376
2025-01-21T12:00:00Z,0,0,745.8655,446.27344
2025-01-21T15:00:00Z,0,0,777.95966,445.35104
2025-01-21T18:00:00Z,0,0,743.85864,437.6524
2025-01-21T21:00:00Z,0,0,731.5896,435.02432
2025-01-22T00:00:00Z,0,0,742.8443,438.1426
2025-01-22T03:00:00Z,0,0,747.06067,448.30447
2025-01-22T06:00:00Z,0,0,765.0579,448.02103
2025-01-22T09:00:00Z,0,0,773.3596,444.9612
2025-01-22T12:00:00Z,0,0,783.08527,457.9019
2025-01-22T15:00:00Z,0,0,786.0601,459.54294
2025-01-22T18:00:00Z,0,0,744.8869,448.36603
2025-01-22T21:00:00Z,0,0,727.3988,436.6219
2025-01-23T00:00:00Z,0,0,729.6682,436.58948
2025-01-23T03:00:00Z,0,0,720.1981,458.17606
2025-01-23T06:00:00Z,0,0,743.2205,450.7545
2025-01-23T09:00:00Z,0,0,760.45154,448.564
2025-01-23T12:00:00Z,0,0,757.79156,444.3324
2025-01-23T15:00:00Z,0,0,758.43774,467.3738
2025-01-23T18:00:00Z,0,0,761.9776,443.51294
2025-01-23T21:00:00Z,0,0,720.0633,431.9871
2025-01-24T00:00:00Z,0,0,739.33606,432.16068
2025-01-24T03:00:00Z,0,0,722.0599,452.24274
2025-01-24T06:00:00Z,0,0,754.8143,450.71725
2025-01-24T09:00:00Z,0,0,776.4639,441.001
2025-01-24T12:00:00Z,0,0,799.6786,443.8455
2025-01-24T15:00:00Z,0,0,798.05585,445.3907
2025-01-24T18:00:00Z,0,0,789.88635,437.40292
2025-01-24T21:00:00Z,0,0,748.1173,436.8943
2025-01-25T00:00:00Z,0,0,723.3397,434.6419
2025-01-25T03:00:00Z,0,0,755.1371,444.68845
2025-01-25T06:00:00Z,0,0,769.7626,436.10123
2025-01-25T09:00:00Z,0,0,732.6517,444.52985
2025-01-25T12:00:00Z,0,0,748.13135,441.44897
2025-01-25T15:00:00Z,0,0,760.0284,441.78812
2025-01-25T18:00:00Z,0,0,757.53723,433.38693
2025-01-25T21:00:00Z,0,0,741.34607,434.13483
2025-01-26T00:00:00Z,0,0,743.92883,435.7764
2025-01-26T03:00:00Z,0,0,762.02,441.91727
2025-01-26T06:00:00Z,0,0,750.99005,445.94794
2025-01-26T09:00:00Z,0,0,730.04047,453.87173
2025-01-26T12:00:00Z,0,0,742.5875,455.61926
2025-01-26T15:00:00Z,0,0,744.58716,457.665
2025-01-26T18:00:00Z,0,0,767.9197,438.12
2025-01-26T21:00:00Z,0,0,728.3273,440.62964
2025-01-27T00:00:00Z,0,0,715.4398,440.75586
2025-01-27T03:00:00Z,0,0,747.2722,448.80228
2025-01-27T06:00:00Z,0,0,748.8933,445.25604
2025-01-27T09:00:00Z,0,0,802.3941,448.2409
2025-01-27T12:00:00Z,0,0,749.8001,448.33813
2025-01-27T15:00:00Z,0,0,758.5383,449.054
2025-01-27T18:00:00Z,0,0,753.39276,440.45605
2025-01-27T21:00:00Z,0,0,735.7335,442.88068
2025-01-28T00:00:00Z,0,0,709.04346,448.44275
2025-01-28T03:00:00Z,0,0,733.5741,446.80243
2025-01-28T06:00:00Z,0,0,763.2177,445.86258
2025-01-28T09:00:00Z,0,0,792.1676,461.41342
2025-01-28T12:00:00Z,0,0,814.9094,449.17175
2025-01-28T15:00:00Z,0,0,749.7166,467.20844
2025-01-28T18:00:00Z,0,0,753.55786,441.74033
2025-01-28T21:00:00Z,0,0,799.0935,442.35913
2025-01-29T00:00:00Z,0,0,706.334,445.93774
2025-01-29T03:00:00Z,0,0,713.3775,450.1374
2025-01-29T06:00:00Z,0,0,726.94904,449.4467
2025-01-29T09:00:00Z,0,0,797.2432,460.1457
2025-01-29T12:00:00Z,0,0,827.12177,448.3821
2025-01-29T15:00:00Z,0,0,697.24133,453.53204
2025-01-29T18:00:00Z,0,0,724.9145,449.1191
2025-01-29T21:00:00Z,0,0,761.6591,444.1219
2025-01-30T00:00:00Z,0,0,702.58997,441.35605
2025-01-30T03:00:00Z,0,0,715.32294,437.86276
2025-01-30T06:00:00Z,0,0,733.7901,449.66312
2025-01-30T09:00:00Z,0,0,792.02875,453.25
2025-01-30T12:00:00Z,0,0,832.336,451.68137
2025-01-30T15:00:00Z,0,0,687.8149,455.78757
2025-01-30T18:00:00Z,0,0,714.5429,450.16742
2025-01-30T21:00:00Z,0,0,825.9173,441.25122
2025-01-31T00:00:00Z,0,0,731.4672,434.21393
2025-01-31T03:00:00Z,0,0,725.7443,434.86203
2025-01-31T06:00:00Z,0,0,756.735,465.66037
2025-01-31T09:00:00Z,0,0,825.19244,470.3726
2025-01-31T12:00:00Z,0,0,851.0941,451.57516
2025-01-31T15:00:00Z,0,0,759.1028,437.91727
2025-01-31T18:00:00Z,0,0,766.729,436.51895
2025-01-31T21:00:00Z,0,0,842.5338,432.7407
2025-02-01T00:00:00Z,0,0,757.63635,434.9674
2025-02-01T03:00:00Z,0,0,773.1352,433.7055
2025-02-01T06:00:00Z,0,0,782.55505,433.37363
2025-02-20T00:00:00Z,0,0,637.68427,428.8819
2025-02-20T03:00:00Z,0,0,813.1031,434.47723
2025-02-20T06:00:00Z,0,0,824.9315,438.77774
2025-02-20T09:00:00Z,0,0,731.0317,442.73187
2025-02-20T12:00:00Z,0,0,815.60004,459.9657
2025-02-20T15:00:00Z,0,0,824.1884,450.57605
2025-02-20T18:00:00Z,0,0,736.4159,438.32745
2025-02-20T21:00:00Z,0,0,704.84894,435.1362
2025-02-21T00:00:00Z,0,0,675.0045,427.2491
2025-02-21T03:00:00Z,0,0,769.28284,432.61115
2025-02-21T06:00:00Z,0,0,801.1369,444.1776
2025-02-21T09:00:00Z,0,0,794.2138,460.1931
2025-02-21T12:00:00Z,0,0,789.03076,443.86914
2025-02-21T15:00:00Z,0,0,819.9934,458.2776
2025-02-21T18:00:00Z,0,0,722.03516,448.77658
2025-02-21T21:00:00Z,0,0,694.7245,437.7859
2025-02-22T00:00:00Z,0,0,694.68286,437.86673
2025-02-22T03:00:00Z,0,0,761.2232,443.44293
2025-02-22T06:00:00Z,0,0,786.5632,445.8064
2025-02-22T09:00:00Z,0,0,810.7492,455.79602
2025-02-22T12:00:00Z,0,0,821.3585,450.3238
2025-02-22T15:00:00Z,0,0,820.49567,459.73068
2025-02-22T18:00:00Z,0,0,811.5965,437.7407
2025-02-22T21:00:00Z,0,0,695.56683,431.36243
2025-02-23T00:00:00Z,0,0,739.70465,437.91547
2025-02-23T03:00:00Z,0,0,771.24756,452.5855
2025-02-23T06:00:00Z,0,0,817.12634,469.63535
2025-02-23T09:00:00Z,0,0,839.1857,474.8521
2025-02-23T12:00:00Z,0,0,831.2936,436.4574
2025-02-23T15:00:00Z,0,0,876.5149,456.92932
2025-02-23T18:00:00Z,0,0,771.88275,429.50208
2025-02-23T21:00:00Z,0,0,726.4058,428.751
2025-02-24T00:00:00Z,0,0,697.7838,431.67484
2025-02-24T03:00:00Z,0,0,743.80054,437.49533
2025-02-24T06:00:00Z,0,0,739.7058,441.4803
2025-02-24T09:00:00Z,0,0,755.91205,448.62018
2025-02-24T12:00:00Z,0,0,734.43335,450.4569
2025-02-24T15:00:00Z,0,0,737.66394,442.194
2025-02-24T18:00:00Z,0,0,727.886,429.4176
2025-02-24T21:00:00Z,0,0,689.3632,430.42
2025-02-25T00:00:00Z,0,0,661.23334,431.42175
2025-02-25T03:00:00Z,0,0,734.6653,433.58566
2025-02-25T06:00:00Z,0,0,750.5481,432.82812
2025-02-25T09:00:00Z,0,0,742.18536,432.36847
2025-02-25T12:00:00Z,0,0,767.34106,443.10947
2025-02-25T15:00:00Z,0,0,766.93024,434.38742
2025-02-25T18:00:00Z,0,0,739.25397,431.93518
2025-02-25T21:00:00Z,0,0,730.4988,426.89362
2025-02-26T00:00:00Z,0,0,680.9959,427.71237
2025-02-26T03:00:00Z,0,0,698.355,432.02118
2025-02-26T06:00:00Z,0,0,683.6007,433.5647
2025-02-26T09:00:00Z,0,0,664.6776,433.9828
2025-02-26T12:00:00Z,0,0,650.18274,444.34186
2025-02-26T15:00:00Z,0,0,718.10767,448.9376
2025-02-26T18:00:00Z,0,0,638.11,431.78345
2025-03-04T21:00:00Z,0,0,565.8562,429.88654
2025-03-05T00:00:00Z,0,0,614.8667,431.12775
2025-03-05T03:00:00Z,0,0,609.66943,446.82324
2025-03-05T06:00:00Z,0,0,546.5771,442.77005
2025-03-05T09:00:00Z,0,0,583.9207,446.945
2025-03-05T12:00:00Z,0,0,648.00464,470.41638
2025-03-05T15:00:00Z,0,0,547.83484,454.2907
2025-03-05T18:00:00Z,0,0,544.34454,436.59756
2025-03-05T21:00:00Z,0,0,571.3319,441.04105
2025-03-06T00:00:00Z,0,0,549.581,433.86276
2025-03-06T03:00:00Z,0,0,619.35944,454.4407
2025-03-06T06:00:00Z,0,0,638.5255,454.77466
2025-03-06T09:00:00Z,0,0,622.67035,458.4843
2025-03-06T12:00:00Z,0,0,641.26935,444.72238
2025-03-06T15:00:00Z,0,0,645.1998,442.95706
2025-03-06T18:00:00Z,0,0,576.5323,430.8162
2025-03-06T21:00:00Z,0,0,565.7838,433.47345
2025-03-07T00:00:00Z,0,0,534.77496,431.21152
2025-03-07T03:00:00Z,0,0,628.3735,444.75586
2025-03-07T06:00:00Z,0,0,656.9043,459.8981
2025-03-07T09:00:00Z,0,0,659.3688,442.67618
2025-03-07T12:00:00Z,0,0,665.07086,445.20105
2025-03-07T15:00:00Z,0,0,657.86096,445.12848
2025-03-07T18:00:00Z,0,0,639.25354,434.96417
2025-03-07T21:00:00Z,0,0,573.22260000000006,432.22278
2025-03-08T00:00:00Z,0,0,559.0493,429.78018
2025-03-08T03:00:00Z,0,0,608.8434,446.4683
2025-03-08T06:00:00Z,0,0,672.70544,448.93915
2025-03-08T09:00:00Z,0,0,686.77496,455.80963
2025-03-08T12:00:00Z,0,0,623.47174,446.15637
2025-03-08T15:00:00Z,0,0,638.32446,466.17587
2025-03-08T18:00:00Z,0,0,593.6997,443.11966
2025-03-28T00:00:00Z,0,0,469.29,427.49292
2025-03-28T03:00:00Z,0,0,424.21103,428.9441
2025-03-28T06:00:00Z,0,0,564.98883,430.865
2025-03-28T09:00:00Z,0,0,613.8455,431.81827
2025-03-28T12:00:00Z,0,0,458.73825,445.06348
2025-03-28T15:00:00Z,0,0,461.41516,431.6726
2025-03-28T18:00:00Z,0,0,535.76624,433.78052
2025-03-28T21:00:00Z,0,0,621.1431,435.04446
2025-03-29T00:00:00Z,0,0,369.12656,438.9881
2025-03-29T03:00:00Z,0,0,361.07565,445.54416
2025-03-29T06:00:00Z,0,0,560.5548,468.2638
2025-03-29T09:00:00Z,0,0,632.58435,459.31326
2025-03-29T12:00:00Z,0,0,504.5386,469.81586
2025-03-29T15:00:00Z,0,0,475.5009,445.7155
2025-03-29T18:00:00Z,0,0,421.18088,432.1429
2025-03-29T21:00:00Z,0,0,612.84894,433.06808
2025-03-30T00:00:00Z,0,0,379.34448,438.77982
2025-03-30T03:00:00Z,0,0,420.16605,442.15308
2025-03-30T06:00:00Z,0,0,464.22223,451.22656
2025-03-30T09:00:00Z,0,0,707.39764,499.33826
2025-03-30T12:00:00Z,0,0,443.9576,452.21548
2025-03-30T15:00:00Z,0,0,369.5805,476.56985
2025-03-30T18:00:00Z,0,0,418.7279,438.59882
2025-03-30T21:00:00Z,0,0,642.06177,438.74878
2025-03-31T00:00:00Z,0,0,677.2823,430.42053
2025-03-31T03:00:00Z,0,0,203.87743,430.60168
2025-03-31T06:00:00Z,0,0,311.345,437.50275
2025-03-31T09:00:00Z,0,0,654.2937,441.1702
2025-03-31T12:00:00Z,0,0,380.3023,447.8929
2025-03-31T15:00:00Z,0,0,354.97263,445.16037
2025-03-31T18:00:00Z,0,0,423.19116,430.29553
2025-03-31T21:00:00Z,0,0,572.34174,432.92383
2025-04-01T00:00:00Z,0,0,614.57947,427.18054
2025-04-01T03:00:00Z,0,0,392.50427,444.055
2025-04-01T06:00:00Z,0,0,406.7555,443.82068
2025-04-01T09:00:00Z,0,0,609.0691,448.67932
2025-04-01T12:00:00Z,0,0,647.38165,437.65555
2025-04-01T15:00:00Z,0,0,623.99915,440.9902
2025-04-01T18:00:00Z,0,0,483.24255,427.80585
2025-04-01T21:00:00Z,0,0,415.66806,428.3907
2025-04-02T00:00:00Z,0,0,568.6205,429.78125
2025-04-02T03:00:00Z,0,0,607.8188,433.52176
2025-04-02T06:00:00Z,0,0,611.7049,436.46704
2025-04-02T09:00:00Z,0,0,622.2456,444.08914
2025-04-02T12:00:00Z,0,0,644.5774,444.59106
2025-04-02T15:00:00Z,0,0,592.13336,439.37674
2025-04-02T18:00:00Z,0,0,549.4008,429.62982
2025-04-02T21:00:00Z,0,0,478.2157,431.00858
2025-04-03T00:00:00Z,0,0,586.1869,429.16953
2025-04-03T03:00:00Z,0,0,613.61224,437.4805
2025-04-03T06:00:00Z,0,0,324.7407,440.04037
2025-04-03T09:00:00Z,0,0,479.39532,445.88876
2025-04-03T12:00:00Z,0,0,610.36725,447.0521
2025-04-03T15:00:00Z,0,0,579.7818,450.52707
2025-04-03T18:00:00Z,0,0,430.81226,428.57416
2025-04-03T21:00:00Z,0,0,381.19412,434.53345
2025-04-04T00:00:00Z,0,0,497.09845,433.7962
2025-04-04T03:00:00Z,0,0,615.295,436.7655
2025-04-04T06:00:00Z,0,0,635.4497,441.7702
2025-04-04T09:00:00Z,0,0,589.6258,474.7862
2025-04-04T12:00:00Z,0,0,547.7639,450.6305
2025-04-04T15:00:00Z,0,0,534.91223,441.25845
2025-04-04T18:00:00Z,0,0,398.72986,438.33273
2025-04-04T21:00:00Z,0,0,369.69998,433.92584
2025-04-05T00:00:00Z,0,0,326.749,434.00574
2025-04-05T03:00:00Z,0,0,554.40344,436.1329
2025-04-05T06:00:00Z,0,0,614.3087,453.45898
2025-04-05T09:00:00Z,0,0,575.8876,450.57825
2025-04-05T12:00:00Z,0,0,518.23346,454.14017
2025-04-05T15:00:00Z,0,0,508.719,451.80103
2025-04-05T18:00:00Z,0,0,503.27826,449.15982
2025-04-05T21:00:00Z,0,0,368.22052,440.9131
2025-04-06T00:00:00Z,0,0,302.98016,437.21088
2025-04-06T03:00:00Z,0,0,540.2896,454.0583
2025-04-06T06:00:00Z,0,0,578.5199,487.19122
2025-04-06T09:00:00Z,0,0,578.55273,508.79776
2025-04-06T12:00:00Z,0,0,591.04846,447.06863
2025-04-06T15:00:00Z,0,0,586.3321,437.26343
2025-04-06T18:00:00Z,0,0,249.60464,431.37122
2025-04-06T21:00:00Z,0,0,225.35052,432.67947
2025-04-07T00:00:00Z,0,0,241.54477,437.06476
2025-04-07T03:00:00Z,0,0,511.13464,440.08725
2025-04-07T06:00:00Z,0,0,641.2206,438.6248
2025-04-07T09:00:00Z,0,0,627.2254,432.63107
2025-04-07T12:00:00Z,0,0,539.37933,443.64172
2025-04-07T15:00:00Z,0,0,602.71295,444.53058
2025-04-07T18:00:00Z,0,0,438.35583,431.0291
2025-04-07T21:00:00Z,0,0,315.19565,431.07123
2025-04-08T00:00:00Z,0,0,228.5559,428.4259
2025-04-08T03:00:00Z,0,0,382.16693,432.42462
2025-04-08T06:00:00Z,0,0,614.573,437.6659
2025-04-08T09:00:00Z,0,0,599.7944,461.58105
2025-04-08T12:00:00Z,0,0,442.6693,454.76486
2025-04-08T15:00:00Z,0,0,495.66013,434.9759
2025-04-08T18:00:00Z,0,0,452.21008,433.16898
2025-04-08T21:00:00Z,0,0,478.46686,431.44186
2025-04-09T00:00:00Z,0,0,284.90012,427.50412
2025-04-09T03:00:00Z,0,0,280.37485,436.83054
2025-04-09T06:00:00Z,0,0,589.2456,435.93484
2025-04-09T09:00:00Z,0,0,666.0022,451.00076
2025-04-09T12:00:00Z,0,0,386.0579,485.66757
2025-04-09T15:00:00Z,0,0,404.35995,445.66312
2025-04-09T18:00:00Z,0,0,475.6913,437.561
2025-04-09T21:00:00Z,0,0,600.6121,428.34515
2025-04-10T00:00:00Z,0,0,250.79018,431.06042
2025-04-10T03:00:00Z,0,0,249.38106,440.20093
2025-04-10T06:00:00Z,0,0,579.4472,460.49832
2025-04-10T09:00:00Z,0,0,645.1906,456.66046
2025-04-10T12:00:00Z,0,0,337.59433,460.66885
2025-04-10T15:00:00Z,0,0,460.35913,467.74963
2025-04-10T18:00:00Z,0,0,486.21573,424.76044
2025-04-10T21:00:00Z,0,0,632.3652,437.51407
2025-04-11T00:00:00Z,0,0,249.2405,431.7385
2025-04-11T03:00:00Z,0,0,221.01125,432.57935
2025-04-11T06:00:00Z,0,0,560.73193,439.70633
2025-04-11T09:00:00Z,0,0,653.2537,435.0547
2025-04-11T12:00:00Z,0,0,340.6197,442.43616
2025-04-11T15:00:00Z,0,0,475.5403,439.98755
2025-04-11T18:00:00Z,0,0,481.91672,429.2738
2025-04-11T21:00:00Z,0,0,575.53796,428.73602
2025-04-12T00:00:00Z,0,0,276.78534,428.80984
2025-04-12T03:00:00Z,0,0,306.34897,433.57086
2025-04-12T06:00:00Z,0,0,527.8163,434.99023
2025-04-12T09:00:00Z,0,0,643.48566,437.93967
2025-04-12T12:00:00Z,0,0,661.3058,449.5147
2025-04-12T15:00:00Z,0,0,351.06775,432.29794
2025-04-12T18:00:00Z,0,0,441.0019,429.23865
2025-04-12T21:00:00Z,0,0,579.17505,429.89655
2025-04-13T00:00:00Z,0,0,605.91785,431.37653
2025-04-13T03:00:00Z,0,0,504.42175,434.2494
2025-04-13T06:00:00Z,0,0,532.1327,440.46835
2025-04-13T09:00:00Z,0,0,644.5001,445.92136
2025-04-13T12:00:00Z,0,0,670.41797,449.03757
2025-04-13T15:00:00Z,0,0,537.05597,440.377
2025-04-13T18:00:00Z,0,0,368.87833,434.66113
2025-04-13T21:00:00Z,0,0,555.8951,435.94232
2025-04-14T00:00:00Z,0,0,607.31165,432.0156
2025-04-14T03:00:00Z,0,0,351.80737,439.18658
2025-04-14T06:00:00Z,0,0,453.6334,449.47794
2025-04-14T09:00:00Z,0,0,593.9401,459.2587
2025-04-14T12:00:00Z,0,0,573.91644,451.61563
2025-04-14T15:00:00Z,0,0,404.13736,446.08862
2025-04-14T18:00:00Z,0,0,338.26498,431.92554
2025-04-14T21:00:00Z,0,0,490.70474,428.07608
2025-04-15T00:00:00Z,0,0,552.1348,425.65814
2025-04-15T03:00:00Z,0,0,239.40709,439.5206
2025-04-15T06:00:00Z,0,0,387.2165,453.95975
2025-04-15T09:00:00Z,0,0,557.1338,447.76068
2025-04-15T12:00:00Z,0,0,589.8863,448.76
2025-04-15T15:00:00Z,0,0,513.394,451.0215
2025-04-15T18:00:00Z,0,0,424.03656,430.4063
2025-04-15T21:00:00Z,0,0,447.5811,431.61792
2025-04-16T00:00:00Z,0,0,576.58997,427.1152
2025-04-16T03:00:00Z,0,0,252.72462,438.93903
2025-04-16T06:00:00Z,0,0,465.3773,452.53653
2025-04-16T09:00:00Z,0,0,461.43427,455.82343
2025-04-16T12:00:00Z,0,0,620.2887,458.23917
2025-04-16T15:00:00Z,0,0,511.7903,436.12714
2025-04-16T18:00:00Z,0,0,325.7907,429.52463
2025-04-16T21:00:00Z,0,0,290.02,429.23425
2025-04-17T00:00:00Z,0,0,550.56586,427.98865
2025-04-17T03:00:00Z,0,0,583.3105,439.11548
2025-04-17T06:00:00Z,0,0,559.47064,468.15085
2025-04-17T09:00:00Z,0,0,557.77325,458.67197
2025-04-17T12:00:00Z,0,0,578.9415,476.63724
2025-04-17T15:00:00Z,0,0,281.205,450.18607
2025-04-17T18:00:00Z,0,0,293.1343,434.07492
2025-04-17T21:00:00Z,0,0,236.1831,433.57672
2025-04-18T00:00:00Z,0,0,473.4491,431.33395
2025-04-18T03:00:00Z,0,0,526.7821,446.56323
2025-04-18T06:00:00Z,0,0,561.6538,454.0193
2025-04-18T09:00:00Z,0,0,411.0462,461.8177
2025-04-18T12:00:00Z,0,0,461.5938,510.22174
2025-04-18T15:00:00Z,0,0,271.61862,454.9994
2025-04-18T18:00:00Z,0,0,253.08173,444.20605
2025-04-18T21:00:00Z,0,0,251.58531,444.11517
2025-04-19T00:00:00Z,0,0,460.7675,424.72644
2025-04-19T03:00:00Z,0,0,510.92743,432.83292
2025-04-19T06:00:00Z,0,0,516.4729,430.96008
2025-04-19T09:00:00Z,0,0,522.1443,431.8314
2025-04-19T12:00:00Z,0,0,582.7623,436.1455
2025-04-19T15:00:00Z,0,0,561.6599,429.85666
2025-04-19T18:00:00Z,0,0,428.38263,429.45956
2025-04-19T21:00:00Z,0,0,348.32718,426.78253
2025-04-20T00:00:00Z,0,0,352.60013,429.97922
2025-04-20T03:00:00Z,0,0,457.50204,433.35397
2025-04-20T06:00:00Z,0,0,493.1871,435.41177
2025-04-20T09:00:00Z,0,0,539.1737,438.84378
2025-04-20T12:00:00Z,0,0,611.8327,443.57816
2025-04-20T15:00:00Z,0,0,583.03326,446.00452
2025-04-20T18:00:00Z,0,0,501.98624,435.69016
2025-04-20T21:00:00Z,0,0,331.69073,427.49643
2025-04-21T00:00:00Z,0,0,279.40527,429.75403
2025-04-21T03:00:00Z,0,0,540.9702,434.26492
2025-04-21T06:00:00Z,0,0,567.23816,442.7089
2025-04-21T09:00:00Z,0,0,514.9624,443.6344
2025-04-21T12:00:00Z,0,0,354.6415,444.95312
2025-04-23T00:00:00Z,0,0,253.79019,431.68262
2025-04-23T03:00:00Z,0,0,377.37683,434.2478
2025-04-23T06:00:00Z,0,0,461.48444,456.231
2025-04-23T09:00:00Z,0,0,433.418,456.76944
2025-04-23T12:00:00Z,0,0,470.58655,474.74304
2025-04-23T15:00:00Z,0,0,425.0212,448.70032
2025-04-24T00:00:00Z,0,0,247.995,427.83582
2025-04-24T03:00:00Z,0,0,266.63016,433.43292
2025-04-24T06:00:00Z,0,0,465.42844,479.35675
2025-04-24T09:00:00Z,0,0,408.69318,490.9641
2025-04-24T12:00:00Z,0,0,421.37476,473.3498
2025-04-24T15:00:00Z,0,0,286.42575,449.5176
2025-04-24T18:00:00Z,0,0,443.20364,439.62128
2025-04-24T21:00:00Z,0,0,243.34601,441.62308
2025-04-25T00:00:00Z,0,0,249.07535,433.18936
2025-04-25T03:00:00Z,0,0,280.43652,445.0089
2025-04-25T06:00:00Z,0,0,471.1702,458.88562
2025-04-25T09:00:00Z,0,0,426.96432,512.62555
2025-04-25T12:00:00Z,0,0,403.85883,491.22986
2025-04-25T15:00:00Z,0,0,363.8096,450.57706
2025-04-25T18:00:00Z,0,0,430.1259,441.33353
2025-04-25T21:00:00Z,0,0,396.87897,430.86414
2025-04-26T00:00:00Z,0,0,265.83298,427.32645
2025-04-26T03:00:00Z,0,0,266.26617,435.9045
2025-04-26T06:00:00Z,0,0,467.72046,439.18198
2025-04-26T09:00:00Z,0,0,406.73947,459.49725
2025-04-26T12:00:00Z,0,0,366.1322,464.53458
2025-04-26T15:00:00Z,0,0,356.39288,446.7401
2025-04-26T18:00:00Z,0,0,381.84186,433.82126
2025-04-26T21:00:00Z,0,0,384.75946,428.93552
2025-04-27T00:00:00Z,0,0,277.59378,425.39578
2025-04-27T03:00:00Z,0,0,330.82288,432.8099
2025-04-27T06:00:00Z,0,0,409.387,434.92862
2025-04-27T09:00:00Z,0,0,450.11804,464.6489
2025-04-27T12:00:00Z,0,0,364.06204,455.57236
2025-04-27T15:00:00Z,0,0,422.56198,436.31442
2025-04-27T18:00:00Z,0,0,357.29517,434.96426
2025-04-27T21:00:00Z,0,0,456.78522,431.38446
2025-04-28T00:00:00Z,0,0,388.5778,428.22363
2025-04-28T03:00:00Z,0,0,310.0572,432.39874
2025-04-28T06:00:00Z,0,0,491.84406,442.10626
2025-04-28T09:00:00Z,0,0,521.3201,435.64825
2025-04-28T12:00:00Z,0,0,370.11023,436.82092
2025-04-28T15:00:00Z,0,0,366.07877,436.30795
2025-04-28T18:00:00Z,0,0,343.80838,432.69238
2025-04-28T21:00:00Z,0,0,454.99146,428.68427
2025-04-29T00:00:00Z,0,0,478.32578,431.67706
2025-04-29T03:00:00Z,0,0,350.33444,439.43875
2025-04-29T06:00:00Z,0,0,326.1297,434.6048
2025-04-29T09:00:00Z,0,0,565.59784,445.67682
2025-04-29T12:00:00Z,0,0,273.6812,464.81448
2025-04-29T15:00:00Z,0,0,318.94498,439.79333
2025-04-29T18:00:00Z,0,0,393.2362,428.97318
2025-04-29T21:00:00Z,0,0,472.83627,428.9695
2025-04-30T00:00:00Z,0,0,557.1023,428.36407
2025-04-30T03:00:00Z,0,0,484.48102,432.52542
2025-04-30T06:00:00Z,0,0,503.18137,462.1644
2025-04-30T09:00:00Z,0,0,606.88403,440.5179
2025-04-30T12:00:00Z,0,0,414.04132,440.82123
2025-04-30T15:00:00Z,0,0,423.22937,433.94604
2025-04-30T18:00:00Z,0,0,387.86423,429.7299
2025-04-30T21:00:00Z,0,0,395.9235,431.95975
2025-05-01T00:00:00Z,0,0,554.0497,429.14212
2025-05-01T03:00:00Z,0,0,499.16132,433.20743
2025-05-01T06:00:00Z,0,0,454.7003,452.24945
2025-05-01T09:00:00Z,0,0,499.71112,466.04562
2025-05-01T12:00:00Z,0,0,529.4087,488.70825
2025-05-01T15:00:00Z,0,0,416.92804,439.7585
2025-05-01T18:00:00Z,0,0,381.76465,443.21683
2025-05-01T21:00:00Z,0,0,322.125,440.3054
