"time (UTC)","temperature","qc_temperature","ph","qc_ph"
"2025-05-24 00:01:22.000","11.935394287109375","0","-9999.0","1"
"2025-05-24 00:16:22.000","12.143890380859375","0","7.134099960327148","0"
"2025-05-24 00:31:22.000","12.380889892578125","0","-9999.0","1"
"2025-05-24 00:46:22.000","12.403472900390625","0","-9999.0","1"
"2025-05-24 01:01:22.000","12.403472900390625","0","-9999.0","1"
"2025-05-24 01:16:22.000","12.27362060546875","0","-9999.0","1"
"2025-05-24 01:31:22.000","12.183349609375","0","8.104393005371094","0"
"2025-05-24 01:46:22.000","12.24542236328125","0","-9999.0","1"
"2025-05-24 02:01:22.000","12.27362060546875","0","8.204201698303223","0"
"2025-05-24 02:16:22.000","12.04241943359375","0","9.950154304504395","12"
"2025-05-24 02:31:22.000","12.048065185546875","0","8.168685913085938","8"
"2025-05-24 02:46:22.000","11.609100341796875","0","8.16486644744873","0"
"2025-05-24 03:01:22.000","11.4012451171875","0","8.058732032775879","0"
"2025-05-24 03:16:22.000","11.26092529296875","0","8.095417022705078","0"
"2025-05-24 03:31:22.000","11.075897216796875","0","8.070059776306152","0"
"2025-05-24 03:46:22.000","112.4739990234375","12","8.039963722229004","0"
"2025-05-24 04:46:22.000","10.052764892578125","8","7.893502235412598","0"
"2025-05-24 05:01:22.000","10.108551025390625","0","7.868434906005859","0"
"2025-05-24 05:16:22.000","10.108551025390625","0","7.843073844909668","0"
"2025-05-24 05:31:22.000","10.052764892578125","0","7.869964599609375","0"
"2025-05-24 05:46:22.000","9.918914794921875","0","7.860666275024414","0"
"2025-05-24 06:01:22.000","9.902191162109375","0","7.803773403167725","0"
"2025-05-24 06:16:22.000","-9999.0","1","-9999.0","1"
"2025-05-24 07:46:22.000","10.024871826171875","0","7.840343952178955","0"
"2025-05-24 08:01:22.000","10.18109130859375","0","7.853335380554199","0"
"2025-05-24 08:16:22.000","10.186676025390625","0","7.913758754730225","0"
"2025-05-24 08:31:22.000","10.18109130859375","0","7.886984348297119","0"
"2025-05-24 08:46:22.000","10.14202880859375","0","7.8706865310668945","0"
"2025-05-24 09:01:22.000","10.14202880859375","0","7.866946697235107","0"
"2025-05-24 09:16:22.000","10.136444091796875","0","7.8926682472229","0"
"2025-05-24 09:31:22.000","10.3150634765625","0","-9999.0","1"
"2025-05-24 11:01:22.000","10.04718017578125","0","7.791058540344238","0"
"2025-05-24 11:16:22.000","10.052764892578125","0","7.97481107711792","0"
"2025-05-24 11:31:22.000","10.097381591796875","0","8.110434532165527","0"
"2025-05-24 11:46:22.000","10.097381591796875","0","7.721407890319824","0"
"2025-05-24 12:01:22.000","10.125274658203125","0","7.80420446395874","0"
"2025-05-24 12:16:22.000","10.10296630859375","0","7.852692604064941","0"
"2025-05-24 12:31:22.000","-9999.0","1","-9999.0","1"
"2025-05-24 14:16:22.000","10.309478759765625","0","7.927304267883301","0"
"2025-05-24 14:31:22.000","10.34857177734375","0","7.918111324310303","0"
"2025-05-24 14:46:22.000","10.39886474609375","0","7.932901859283447","0"
"2025-05-24 15:01:22.000","10.44354248046875","0","7.904584884643555","0"
"2025-05-24 15:16:22.000","10.516204833984375","0","7.940701961517334","0"
"2025-05-24 15:31:22.000","10.57769775390625","0","7.984254837036133","0"
"2025-05-24 15:46:22.000","-9999.0","1","7.641160011291504","0"
"2025-05-24 17:01:22.000","10.465911865234375","0","7.89628267288208","0"
"2025-05-24 17:16:22.000","10.342987060546875","0","7.809640407562256","0"
"2025-05-24 17:31:22.000","10.097381591796875","0","7.880539894104004","0"
"2025-05-24 17:46:22.000","10.130859375","0","7.843105792999268","0"
"2025-05-24 18:01:22.000","10.0750732421875","0","7.87186861038208","0"
"2025-05-24 18:16:22.000","10.097381591796875","0","7.752009868621826","0"
"2025-05-24 18:31:22.000","44.415924072265625","12","8.09567642211914","0"
"2025-05-24 20:01:22.000","10.18109130859375","8","7.834702014923096","0"
"2025-05-24 20:16:22.000","10.186676025390625","0","7.854492664337158","0"
"2025-05-24 20:31:22.000","10.270416259765625","0","7.777125835418701","0"
"2025-05-24 20:46:22.000","10.354156494140625","0","-9999.0","1"
"2025-05-24 21:01:22.000","10.42120361328125","0","8.018793106079102","0"
"2025-05-24 21:16:22.000","10.437957763671875","0","7.914146423339844","0"
"2025-05-24 21:31:22.000","38.676666259765625","12","-9999.0","1"
"2025-05-24 23:01:22.000","12.183349609375","8","8.096611022949219","0"
"2025-05-24 23:16:22.000","12.27362060546875","0","7.9553117752075195","0"
"2025-05-24 23:31:22.000","12.426055908203125","0","8.200411796569824","0"
"2025-05-24 23:46:22.000","12.49951171875","0","8.114302635192871","0"
"2025-05-25 00:01:20.000","12.493865966796875","0","8.066244125366211","0"
"2025-05-25 00:16:20.000","12.38653564453125","0","8.047449111938477","0"
"2025-05-25 00:31:20.000","12.47125244140625","0","7.982639312744141","0"
"2025-05-25 00:46:20.000","12.612579345703125","0","8.151598930358887","0"
"2025-05-25 01:01:20.000","12.200286865234375","0","8.042184829711914","0"
"2025-05-25 01:16:20.000","11.96356201171875","0","8.101232528686523","0"
"2025-05-25 01:31:20.000","12.465606689453125","0","8.124564170837402","0"
"2025-05-25 01:46:20.000","12.27362060546875","0","8.072799682617188","0"
"2025-05-25 02:01:20.000","12.11004638671875","0","8.128189086914062","0"
"2025-05-25 02:16:20.000","12.014251708984375","0","8.106059074401855","0"
"2025-05-25 02:31:20.000","12.00299072265625","0","8.116690635681152","0"
"2025-05-25 02:46:20.000","11.8565673828125","0","8.114553451538086","0"
"2025-05-25 03:01:20.000","12.04241943359375","0","8.054933547973633","0"
"2025-05-25 03:16:20.000","13.08270263671875","0","7.94842529296875","0"
"2025-05-25 03:31:20.000","12.66912841796875","0","8.072182655334473","0"
"2025-05-25 03:46:20.000","-9999.0","1","-9999.0","1"
"2025-05-25 04:46:20.000","10.6224365234375","0","8.006972312927246","0"
"2025-05-25 05:01:20.000","10.3653564453125","0","7.915395259857178","0"
"2025-05-25 05:16:20.000","10.259246826171875","0","7.883796215057373","0"
"2025-05-25 05:31:20.000","10.052764892578125","0","7.88694953918457","0"
"2025-05-25 05:46:20.000","9.757293701171875","0","7.846863269805908","0"
"2025-05-25 06:01:20.000","9.735015869140625","0","7.847654819488525","0"
"2025-05-25 06:16:20.000","-7.43109130859375","10","-9999.0","1"
"2025-05-25 07:46:20.000","10.236907958984375","8","7.878046035766602","0"
"2025-05-25 08:01:20.000","10.259246826171875","0","7.819991111755371","0"
"2025-05-25 08:16:20.000","10.197845458984375","0","7.8328537940979","0"
"2025-05-25 08:31:20.000","10.01373291015625","0","7.818628787994385","0"
"2025-05-25 08:46:20.000","10.069488525390625","0","7.814797401428223","0"
"2025-05-25 09:01:20.000","10.78466796875","0","8.049342155456543","0"
"2025-05-25 09:16:20.000","10.47149658203125","0","8.002921104431152","0"
"2025-05-25 09:31:20.000","11.749664306640625","0","7.739084243774414","0"
"2025-05-25 11:01:20.000","10.991851806640625","0","8.08000373840332","0"
"2025-05-25 11:16:20.000","10.846221923828125","0","8.064075469970703","0"
"2025-05-25 11:31:20.000","10.689544677734375","0","7.947293758392334","0"
"2025-05-25 11:46:20.000","10.689544677734375","0","7.957808017730713","0"
"2025-05-25 12:01:20.000","10.5888671875","0","7.9241042137146","0"
"2025-05-25 12:16:20.000","10.69512939453125","0","7.993267059326172","0"
"2025-05-25 12:31:20.000","-9999.0","1","-9999.0","1"
"2025-05-25 14:01:20.000","10.9974365234375","0","7.992946147918701","0"
"2025-05-25 14:16:20.000","10.980621337890625","0","8.02865982055664","0"
"2025-05-25 14:31:20.000","10.97503662109375","0","7.991508960723877","0"
"2025-05-25 14:46:20.000","10.97503662109375","0","7.940352439880371","0"
"2025-05-25 15:01:20.000","10.963836669921875","0","8.000181198120117","0"
"2025-05-25 15:16:20.000","10.97503662109375","0","7.999626159667969","0"
"2025-05-25 15:31:20.000","118.93344116210938","12","6.5073370933532715","10"
"2025-05-25 16:46:20.000","11.098297119140625","8","8.027894973754883","8"
"2025-05-25 17:01:20.000","11.328277587890625","0","7.926854133605957","0"
"2025-05-25 17:16:20.000","11.249725341796875","0","8.019712448120117","0"
"2025-05-25 17:31:20.000","10.779052734375","0","7.954654216766357","0"
"2025-05-25 17:46:20.000","10.891021728515625","0","8.062761306762695","0"
"2025-05-25 18:01:20.000","10.628021240234375","0","7.925331115722656","0"
"2025-05-25 18:16:20.000","-9999.0","1","-9999.0","1"
"2025-05-25 19:46:20.000","10.008148193359375","0","7.763397216796875","0"
"2025-05-25 20:01:20.000","9.92449951171875","0","7.7957048416137695","0"
"2025-05-25 20:16:20.000","9.896636962890625","0","7.835372447967529","0"
"2025-05-25 20:31:20.000","9.813018798828125","0","7.819052219390869","0"
"2025-05-25 20:46:20.000","9.918914794921875","0","7.814380645751953","0"
"2025-05-25 21:01:20.000","10.125274658203125","0","7.77974271774292","0"
"2025-05-25 21:16:20.000","114.47088623046875","12","6.811335563659668","10"
"2025-05-25 22:46:20.000","10.26483154296875","8","7.810600757598877","8"
"2025-05-25 23:01:20.000","10.2760009765625","0","7.8286309242248535","0"
"2025-05-25 23:16:20.000","11.036651611328125","0","7.9451398849487305","0"
"2025-05-25 23:31:20.000","11.952301025390625","0","7.850593090057373","0"
"2025-05-25 23:46:20.000","12.43170166015625","0","8.066632270812988","0"
"2025-05-26 00:01:20.000","12.657806396484375","0","7.927192211151123","0"
"2025-05-26 00:16:20.000","12.697418212890625","0","8.135519981384277","0"
"2025-05-26 00:31:20.000","12.505157470703125","0","8.166949272155762","0"
"2025-05-26 00:46:20.000","12.7257080078125","0","8.037075996398926","0"
"2025-05-26 01:01:20.000","12.765350341796875","0","8.110459327697754","0"
"2025-05-26 01:16:20.000","12.980621337890625","0","8.190491676330566","0"
"2025-05-26 01:31:20.000","12.99761962890625","0","8.20238971710205","0"
"2025-05-26 01:46:20.000","12.963592529296875","0","-9999.0","1"
"2025-05-26 02:01:20.000","12.963592529296875","0","8.211484909057617","0"
"2025-05-26 02:16:20.000","12.759674072265625","0","8.08969783782959","0"
"2025-05-26 02:31:20.000","12.703094482421875","0","8.169364929199219","0"
"2025-05-26 02:46:20.000","12.674774169921875","0","8.271827697753906","0"
"2025-05-26 03:01:20.000","12.646514892578125","0","8.099127769470215","0"
"2025-05-26 03:16:20.000","12.375244140625","0","8.74539852142334","8"
"2025-05-26 03:31:20.000","12.121337890625","0","8.649237632751465","0"
"2025-05-26 03:46:20.000","-9999.0","1","-9999.0","1"
"2025-05-26 04:46:20.000","11.238494873046875","0","7.934842586517334","0"
"2025-05-26 05:01:20.000","10.331817626953125","0","7.924767971038818","0"
"2025-05-26 05:16:20.000","10.08624267578125","0","7.798810005187988","0"
"2025-05-26 05:31:20.000","9.92449951171875","0","7.829273223876953","0"
"2025-05-26 05:46:20.000","9.829742431640625","0","7.817661285400391","0"
"2025-05-26 06:01:20.000","9.7684326171875","0","7.880732536315918","0"
"2025-05-26 06:16:20.000","-9999.0","1","3.85965633392334","10"
"2025-05-26 07:46:20.000","9.76287841796875","0","7.805198669433594","8"
"2025-05-26 08:01:20.000","9.818603515625","0","7.828515529632568","0"
"2025-05-26 08:16:20.000","9.813018798828125","0","7.842677116394043","0"
"2025-05-26 08:31:20.000","9.84088134765625","0","7.825401306152344","0"
"2025-05-26 08:46:20.000","10.0025634765625","0","7.830330848693848","0"
"2025-05-26 09:01:20.000","9.796295166015625","0","7.810251712799072","0"
"2025-05-26 09:16:20.000","9.78515625","0","7.823764324188232","0"
"2025-05-26 09:31:20.000","4.28424072265625","8","-9999.0","1"
"2025-05-26 11:01:20.000","10.5888671875","8","-9999.0","1"
"2025-05-26 11:16:20.000","10.49383544921875","0","7.964292526245117","0"
"2025-05-26 11:31:20.000","10.432373046875","0","8.206568717956543","0"
"2025-05-26 11:46:20.000","10.44354248046875","0","8.1475248336792","0"
"2025-05-26 12:01:20.000","10.47149658203125","0","7.9022016525268555","0"
"2025-05-26 12:16:20.000","10.465911865234375","0","8.418519973754883","8"
"2025-05-26 12:31:20.000","90.14520263671875","12","-9999.0","1"
"2025-05-26 14:01:20.000","10.54974365234375","8","7.913241386413574","0"
"2025-05-26 14:16:20.000","10.5665283203125","0","7.921838283538818","0"
"2025-05-26 14:31:20.000","10.572113037109375","0","7.91118860244751","0"
"2025-05-26 14:46:20.000","10.5665283203125","0","7.882039546966553","0"
"2025-05-26 15:01:20.000","10.57769775390625","0","7.897950649261475","0"
"2025-05-26 15:16:20.000","10.594482421875","0","7.899580001831055","0"
"2025-05-26 15:31:20.000","89.34613037109375","12","6.697507858276367","10"
"2025-05-26 17:01:20.000","10.6168212890625","8","7.967421531677246","8"
"2025-05-26 17:16:20.000","10.628021240234375","0","7.9330315589904785","0"
"2025-05-26 17:31:20.000","10.661590576171875","0","7.987042427062988","0"
"2025-05-26 17:46:20.000","10.661590576171875","0","7.974129676818848","0"
"2025-05-26 18:01:20.000","10.739898681640625","0","7.95896053314209","0"
"2025-05-26 18:16:20.000","10.723114013671875","0","7.983539581298828","0"
"2025-05-26 18:31:20.000","10.370941162109375","0","7.9521074295043945","0"
"2025-05-26 18:46:20.000","-9999.0","1","7.341876983642578","8"
"2025-05-26 20:31:20.000","9.818603515625","0","7.843774318695068","8"
"2025-05-26 20:46:20.000","9.74615478515625","0","7.858263969421387","0"
"2025-05-26 21:01:20.000","9.712738037109375","0","7.859260559082031","0"
"2025-05-26 21:16:20.000","9.65704345703125","0","7.825555801391602","0"
"2025-05-26 21:31:20.000","9.5902099609375","0","7.8211750984191895","0"
"2025-05-26 21:46:20.000","7.6971435546875","0","5.777199745178223","10"
"2025-05-26 23:01:20.000","9.90777587890625","0","7.853604316711426","8"
"2025-05-26 23:16:20.000","9.930084228515625","0","7.829180717468262","0"
"2025-05-26 23:31:20.000","9.913360595703125","0","7.843475341796875","0"
"2025-05-26 23:46:20.000","9.913360595703125","0","7.824824810028076","0"
"2025-05-27 00:01:20.000","9.902191162109375","0","7.830038547515869","0"
"2025-05-27 00:16:20.000","9.918914794921875","0","7.844449520111084","0"
"2025-05-27 00:31:20.000","10.706329345703125","0","7.921645641326904","0"
"2025-05-27 00:46:20.000","10.857421875","0","8.008896827697754","0"
"2025-05-27 01:01:20.000","10.846221923828125","0","8.00032901763916","0"
"2025-05-27 01:16:20.000","10.829437255859375","0","8.005144119262695","0"
"2025-05-27 01:31:20.000","10.773468017578125","0","7.969715118408203","0"
"2025-05-27 01:46:20.000","10.829437255859375","0","8.020296096801758","0"
"2025-05-27 02:01:20.000","10.835052490234375","0","8.003432273864746","0"
"2025-05-27 02:16:20.000","10.846221923828125","0","8.016716957092285","0"
"2025-05-27 02:31:20.000","10.87982177734375","0","8.039772033691406","0"
"2025-05-27 02:46:20.000","10.807037353515625","0","8.036437034606934","0"
"2025-05-27 03:01:20.000","10.76226806640625","0","8.023734092712402","0"
"2025-05-27 03:16:20.000","10.756683349609375","0","7.986876010894775","0"
"2025-05-27 03:31:20.000","10.5888671875","0","8.00104808807373","0"
"2025-05-27 03:46:20.000","-13.396270751953125","10","7.702193260192871","0"
"2025-05-27 05:01:20.000","10.57769775390625","8","7.963221073150635","0"
"2025-05-27 05:16:20.000","10.583282470703125","0","7.969150066375732","0"
"2025-05-27 05:31:20.000","10.5665283203125","0","7.990925312042236","0"
"2025-05-27 05:46:20.000","10.454742431640625","0","7.965263366699219","0"
"2025-05-27 06:01:20.000","10.29833984375","0","7.9419403076171875","0"
"2025-05-27 06:16:20.000","10.108551025390625","0","7.899022102355957","0"
"2025-05-27 06:31:20.000","92.00677490234375","12","-9999.0","1"
"2025-05-27 08:01:20.000","9.47332763671875","8","7.809134483337402","0"
"2025-05-27 08:16:20.000","9.467742919921875","0","7.818879127502441","0"
"2025-05-27 08:31:20.000","9.45660400390625","0","7.80588960647583","0"
"2025-05-27 08:46:20.000","9.51226806640625","0","7.811083793640137","0"
"2025-05-27 09:01:20.000","9.517852783203125","0","7.845363140106201","0"
"2025-05-27 09:16:20.000","9.545684814453125","0","7.826630115509033","0"
"2025-05-27 09:31:20.000","0.72393798828125","8","8.803956985473633","8"
"2025-05-27 10:46:20.000","10.4100341796875","8","7.916667461395264","8"
"2025-05-27 11:01:20.000","10.354156494140625","0","7.955041408538818","0"
"2025-05-27 11:16:20.000","10.49383544921875","0","7.940982341766357","0"
"2025-05-27 11:31:20.000","10.482666015625","0","7.968183517456055","0"
"2025-05-27 11:46:20.000","10.477081298828125","0","7.926929473876953","0"
"2025-05-27 12:01:20.000","10.42120361328125","0","7.997276306152344","0"
"2025-05-27 12:16:20.000","-9999.0","1","-9999.0","1"
"2025-05-27 13:31:20.000","10.320648193359375","0","7.900798320770264","0"
"2025-05-27 13:46:20.000","10.331817626953125","0","7.906521320343018","0"
"2025-05-27 14:01:20.000","10.342987060546875","0","7.91264009475708","0"
"2025-05-27 14:16:20.000","10.3876953125","0","7.924226760864258","0"
"2025-05-27 14:31:20.000","10.426788330078125","0","7.929915904998779","0"
"2025-05-27 14:46:20.000","10.4603271484375","0","7.939531326293945","0"
"2025-05-27 15:01:20.000","-6.198760986328125","10","7.476088047027588","0"
"2025-05-27 16:16:20.000","10.69512939453125","8","7.950621128082275","0"
"2025-05-27 16:31:20.000","10.76226806640625","0","7.992982387542725","0"
"2025-05-27 16:46:20.000","10.8238525390625","0","7.973182201385498","0"
"2025-05-27 17:01:20.000","10.87982177734375","0","8.000995635986328","0"
"2025-05-27 17:16:20.000","10.935821533203125","0","7.987367153167725","0"
"2025-05-27 17:31:20.000","10.958221435546875","0","8.039958000183105","0"
"2025-05-27 17:46:20.000","11.047882080078125","0","8.038202285766602","0"
"2025-05-27 19:01:20.000","11.227264404296875","0","8.094608306884766","0"
"2025-05-27 19:16:20.000","10.863037109375","0","8.00423526763916","0"
"2025-05-27 19:31:20.000","10.655975341796875","0","8.028792381286621","0"
"2025-05-27 19:46:20.000","10.773468017578125","0","7.980104446411133","0"
"2025-05-27 20:01:20.000","10.505035400390625","0","7.942318916320801","0"
"2025-05-27 20:16:20.000","10.4603271484375","0","7.953665733337402","0"
"2025-05-27 20:31:20.000","10.236907958984375","0","7.962508678436279","0"
"2025-05-27 20:46:20.000","-9999.0","1","-9999.0","1"
"2025-05-27 22:31:20.000","9.790740966796875","0","7.881842136383057","0"
"2025-05-27 22:46:20.000","10.0025634765625","0","7.859835147857666","0"
"2025-05-27 23:01:20.000","10.091796875","0","7.863053321838379","0"
"2025-05-27 23:16:20.000","10.119720458984375","0","7.882154941558838","0"
"2025-05-27 23:31:20.000","10.14202880859375","0","7.872476100921631","0"
"2025-05-27 23:46:20.000","10.164337158203125","0","7.8791728019714355","0"
"2025-05-28 00:01:20.000","10.136444091796875","0","7.895999908447266","0"
"2025-05-28 00:16:20.000","10.1141357421875","0","7.862439155578613","0"
"2025-05-28 00:31:20.000","10.069488525390625","0","7.831477642059326","0"
"2025-05-28 00:46:20.000","9.991424560546875","0","7.843000411987305","0"
"2025-05-28 01:01:20.000","10.6783447265625","0","7.842196941375732","0"
"2025-05-28 01:16:20.000","10.706329345703125","0","7.92511510848999","0"
"2025-05-28 01:31:20.000","10.644805908203125","0","7.8711395263671875","0"
"2025-05-28 01:46:20.000","10.689544677734375","0","7.926692962646484","0"
"2025-05-28 02:01:20.000","10.756683349609375","0","8.03019905090332","0"
"2025-05-28 02:16:20.000","10.723114013671875","0","7.961091995239258","0"
"2025-05-28 02:31:20.000","10.73431396484375","0","7.956221580505371","0"
"2025-05-28 02:46:20.000","10.644805908203125","0","7.981628894805908","0"
"2025-05-28 03:01:20.000","10.723114013671875","0","7.889963626861572","0"
"2025-05-28 03:16:20.000","10.69512939453125","0","7.967020034790039","0"
"2025-05-28 03:31:20.000","10.655975341796875","0","7.950435638427734","0"
"2025-05-28 03:46:20.000","81.02047729492188","12","6.063151836395264","10"
"2025-05-28 05:01:20.000","10.790252685546875","8","8.000200271606445","8"
"2025-05-28 05:16:20.000","10.829437255859375","0","7.992940902709961","0"
"2025-05-28 05:31:20.000","10.846221923828125","0","7.915865898132324","0"
"2025-05-28 05:46:20.000","10.857421875","0","8.075639724731445","0"
"2025-05-28 06:01:20.000","10.8182373046875","0","7.977743148803711","0"
"2025-05-28 06:16:20.000","10.7510986328125","0","7.897068977355957","0"
"2025-05-28 07:46:20.000","9.629180908203125","0","7.844156742095947","0"
"2025-05-28 08:01:20.000","9.551239013671875","0","7.852785110473633","0"
"2025-05-28 08:16:20.000","9.913360595703125","0","7.864199161529541","0"
"2025-05-28 08:31:20.000","9.98583984375","0","7.866546154022217","0"
"2025-05-28 08:46:20.000","10.24249267578125","0","7.808917045593262","0"
"2025-05-28 09:01:20.000","9.9691162109375","0","7.876440048217773","0"
"2025-05-28 09:16:20.000","-9999.0","1","8.151131629943848","0"
"2025-05-28 10:46:20.000","11.154388427734375","0","7.905543327331543","0"
"2025-05-28 11:01:20.000","10.941436767578125","0","8.005006790161133","0"
"2025-05-28 11:16:20.000","11.311431884765625","0","8.063315391540527","0"
"2025-05-28 11:31:20.000","11.27215576171875","0","8.139973640441895","0"
"2025-05-28 11:46:20.000","10.980621337890625","0","7.946676254272461","0"
"2025-05-28 12:01:20.000","10.896636962890625","0","7.995935440063477","0"
"2025-05-28 12:16:20.000","10.723114013671875","0","7.900007247924805","0"
"2025-05-28 12:31:20.000","-6.234527587890625","10","-9999.0","1"
"2025-05-28 14:01:20.000","10.835052490234375","8","7.9909281730651855","0"
"2025-05-28 14:16:20.000","10.829437255859375","0","8.0797119140625","0"
"2025-05-28 14:31:20.000","10.868621826171875","0","7.9769206047058105","0"
"2025-05-28 14:46:20.000","10.84063720703125","0","7.962652683258057","0"
"2025-05-28 15:01:20.000","10.863037109375","0","7.9833831787109375","0"
"2025-05-28 15:16:20.000","10.84063720703125","0","8.00857925415039","0"
"2025-05-28 15:31:20.000","-9999.0","1","-9999.0","1"
"2025-05-28 17:01:20.000","11.216064453125","0","8.059507369995117","0"
"2025-05-28 17:16:20.000","11.249725341796875","0","8.037605285644531","0"
"2025-05-28 17:31:20.000","11.300201416015625","0","8.010462760925293","0"
"2025-05-28 17:46:20.000","11.28900146484375","0","8.033138275146484","0"
"2025-05-28 18:01:20.000","11.3619384765625","0","8.036913871765137","0"
"2025-05-28 18:16:20.000","11.3787841796875","0","8.023821830749512","0"
"2025-05-28 18:46:15.000","-66.38658142089844","10","-9999.0","1"
"2025-05-28 20:16:20.000","11.4798583984375","8","8.045463562011719","0"
"2025-05-28 20:31:20.000","11.3900146484375","0","7.980154514312744","0"
"2025-05-28 20:46:20.000","11.193634033203125","0","7.9781341552734375","0"
"2025-05-28 21:01:20.000","11.070281982421875","0","7.925961971282959","0"
"2025-05-28 21:16:20.000","10.8238525390625","0","7.913109302520752","0"
"2025-05-28 21:31:20.000","10.555328369140625","0","7.924719333648682","0"
"2025-05-28 21:46:20.000","-9999.0","1","-9999.0","1"
"2025-05-28 23:16:20.000","10.342987060546875","0","7.858419418334961","0"
"2025-05-28 23:31:20.000","10.30389404296875","0","7.850372791290283","0"
"2025-05-28 23:46:20.000","10.292755126953125","0","7.919076919555664","0"
"2025-05-29 00:01:20.000","10.186676025390625","0","7.925922870635986","0"
"2025-05-29 00:16:20.000","10.14202880859375","0","7.921879768371582","0"
"2025-05-29 00:31:20.000","10.04718017578125","0","7.871346473693848","0"
"2025-05-29 00:46:20.000","10.058349609375","0","7.8591837882995605","0"
"2025-05-29 01:01:20.000","10.04718017578125","0","7.8577375411987305","0"
"2025-05-29 01:16:20.000","10.06390380859375","0","7.843967914581299","0"
"2025-05-29 01:31:20.000","10.0750732421875","0","7.852558612823486","0"
"2025-05-29 01:46:20.000","10.125274658203125","0","7.859710693359375","0"
"2025-05-29 02:01:20.000","10.236907958984375","0","7.839999198913574","0"
"2025-05-29 02:16:20.000","10.4100341796875","0","7.840731143951416","0"
"2025-05-29 02:31:20.000","10.281585693359375","0","7.8926591873168945","0"
"2025-05-29 02:46:20.000","10.20343017578125","0","7.8649702072143555","0"
"2025-05-29 03:01:20.000","10.3876953125","0","7.838042736053467","0"
"2025-05-29 03:16:20.000","10.42120361328125","0","7.8716020584106445","0"
"2025-05-29 03:31:20.000","10.3876953125","0","7.874475479125977","0"
"2025-05-29 03:46:20.000","-9999.0","1","-9999.0","1"
"2025-05-29 05:01:20.000","10.437957763671875","0","7.886631488800049","0"
"2025-05-29 05:16:20.000","10.437957763671875","0","7.882663726806641","0"
"2025-05-29 05:31:20.000","10.437957763671875","0","7.877590656280518","0"
"2025-05-29 05:46:20.000","10.454742431640625","0","7.898779392242432","0"
"2025-05-29 06:01:20.000","10.449127197265625","0","7.883607864379883","0"
"2025-05-29 06:16:20.000","10.432373046875","0","7.915641784667969","0"
"2025-05-29 06:31:20.000","26.22015380859375","8","-9999.0","1"
"2025-05-29 08:01:20.000","10.382110595703125","8","7.871642589569092","0"
"2025-05-29 08:16:20.000","10.370941162109375","0","7.8465070724487305","0"
"2025-05-29 08:31:20.000","10.22015380859375","0","7.877460479736328","0"
"2025-05-29 08:46:20.000","10.281585693359375","0","7.7753496170043945","0"
"2025-05-29 09:01:20.000","10.10296630859375","0","7.8485918045043945","0"
"2025-05-29 09:16:20.000","10.18109130859375","0","7.876756191253662","0"
"2025-05-29 09:31:20.000","10.036041259765625","0","7.830306529998779","0"
"2025-05-29 09:46:20.000","-9999.0","1","-9999.0","1"
"2025-05-29 11:31:20.000","11.0030517578125","0","8.05361270904541","0"
"2025-05-29 11:46:20.000","11.0030517578125","0","8.069605827331543","0"
"2025-05-29 12:01:20.000","11.008636474609375","0","7.961707592010498","0"
"2025-05-29 12:16:20.000","11.02545166015625","0","7.984278678894043","0"
"2025-05-29 12:31:20.000","11.1319580078125","0","8.007145881652832","0"
"2025-05-29 12:46:20.000","10.919036865234375","0","8.044553756713867","0"
"2025-05-29 13:01:20.000","-9999.0","1","-9999.0","1"
"2025-05-29 14:46:20.000","10.795867919921875","0","8.009641647338867","0"
"2025-05-29 15:01:20.000","10.739898681640625","0","7.957151412963867","0"
"2025-05-29 15:16:20.000","10.6839599609375","0","7.91790771484375","0"
"2025-05-29 15:31:20.000","10.7119140625","0","7.805412292480469","0"
"2025-05-29 15:46:20.000","10.66717529296875","0","7.948461532592773","0"
"2025-05-29 16:01:20.000","-9999.0","1","-9999.0","1"
"2025-05-29 17:46:20.000","10.6839599609375","0","7.944119453430176","0"
"2025-05-29 18:01:20.000","10.69512939453125","0","7.878113746643066","0"
"2025-05-29 18:16:20.000","10.72869873046875","0","7.994295120239258","0"
"2025-05-29 18:31:20.000","10.73431396484375","0","7.988511085510254","0"
"2025-05-29 18:46:20.000","10.779052734375","0","7.973810195922852","0"
"2025-05-29 19:01:20.000","10.795867919921875","0","7.9506659507751465","0"
"2025-05-29 19:16:20.000","10.84063720703125","0","8.005956649780273","0"
"2025-05-29 21:01:20.000","10.4603271484375","0","7.889435291290283","0"
"2025-05-29 21:16:20.000","10.32623291015625","0","7.8235273361206055","0"
"2025-05-29 21:31:20.000","10.175506591796875","0","7.909885406494141","0"
"2025-05-29 21:46:20.000","10.10296630859375","0","7.868390083312988","0"
"2025-05-29 22:01:20.000","10.041595458984375","0","7.867259502410889","0"
"2025-05-30 00:01:20.000","9.523406982421875","0","7.790168285369873","0"
"2025-05-30 00:16:20.000","9.82415771484375","0","7.795211315155029","0"
"2025-05-30 00:31:20.000","9.82415771484375","0","7.732858180999756","0"
"2025-05-30 00:46:20.000","9.8018798828125","0","7.697773456573486","0"
"2025-05-30 01:01:20.000","9.774017333984375","0","7.785882949829102","0"
"2025-05-30 01:16:20.000","9.74615478515625","0","7.887729167938232","0"
"2025-05-30 01:31:20.000","9.696014404296875","0","7.785633563995361","0"
"2025-05-30 01:46:20.000","9.651458740234375","0","7.833744049072266","0"
"2025-05-30 02:01:20.000","9.64031982421875","0","7.769796371459961","0"
"2025-05-30 02:16:20.000","9.66259765625","0","7.746648788452148","0"
"2025-05-30 02:31:20.000","9.65704345703125","0","7.829653739929199","0"
"2025-05-30 02:46:20.000","9.64031982421875","0","7.801877021789551","0"
"2025-05-30 03:01:20.000","9.629180908203125","0","7.739428520202637","0"
"2025-05-30 03:16:20.000","10.080657958984375","0","7.814149379730225","0"
"2025-05-30 03:31:20.000","10.236907958984375","0","7.873322486877441","0"
"2025-05-30 03:46:20.000","238.62652587890625","12","-9999.0","1"
"2025-05-30 05:01:20.000","10.39886474609375","8","7.865328788757324","0"
"2025-05-30 05:16:20.000","10.527374267578125","0","7.875974655151367","0"
"2025-05-30 05:31:20.000","10.49383544921875","0","7.929704189300537","0"
"2025-05-30 05:46:20.000","10.477081298828125","0","7.891683578491211","0"
"2025-05-30 06:01:20.000","10.49383544921875","0","7.893556118011475","0"
"2025-05-30 06:16:20.000","10.53857421875","0","7.945388317108154","0"
"2025-05-30 06:31:20.000","-9999.0","1","-9999.0","1"
"2025-05-30 08:01:20.000","10.611236572265625","0","7.894153118133545","0"
"2025-05-30 08:16:20.000","10.594482421875","0","7.966527462005615","0"
"2025-05-30 08:31:20.000","10.63360595703125","0","7.928815841674805","0"
"2025-05-30 08:46:20.000","10.53857421875","0","7.933839321136475","0"
"2025-05-30 09:01:20.000","10.34857177734375","0","7.893220901489258","0"
"2025-05-30 09:16:20.000","10.34857177734375","0","7.902612209320068","0"
"2025-05-30 09:31:20.000","-9999.0","1","7.767715930938721","0"
"2025-05-30 10:31:20.000","9.935638427734375","0","7.860368251800537","0"
"2025-05-30 10:46:20.000","10.24249267578125","0","7.8632612228393555","0"
"2025-05-30 11:01:20.000","10.164337158203125","0","7.842062473297119","0"
"2025-05-30 11:16:20.000","10.008148193359375","0","7.828622341156006","0"
"2025-05-30 11:31:20.000","9.751739501953125","0","7.804673671722412","0"
"2025-05-30 11:46:20.000","9.68487548828125","0","7.810056209564209","0"
"2025-05-30 12:01:20.000","-9999.0","1","8.20293140411377","0"
"2025-05-30 13:31:20.000","10.7119140625","0","8.02795124053955","0"
"2025-05-30 13:46:20.000","10.87982177734375","0","8.010263442993164","0"
"2025-05-30 14:01:20.000","10.829437255859375","0","8.022664070129395","0"
"2025-05-30 14:16:20.000","11.019866943359375","0","7.983667373657227","0"
"2025-05-30 14:31:20.000","10.891021728515625","0","7.997763156890869","0"
"2025-05-30 14:46:20.000","10.991851806640625","0","8.024741172790527","0"
"2025-05-30 15:01:20.000","13.031646728515625","0","-9999.0","1"
"2025-05-30 16:16:20.000","11.27777099609375","0","8.094404220581055","0"
"2025-05-30 16:31:20.000","11.199249267578125","0","8.059886932373047","0"
"2025-05-30 16:46:20.000","11.17120361328125","0","8.036565780639648","0"
"2025-05-30 17:01:20.000","11.17120361328125","0","8.010163307189941","0"
"2025-05-30 17:16:20.000","11.17120361328125","0","8.047780990600586","0"
"2025-05-30 17:31:20.000","11.244110107421875","0","8.074397087097168","0"
"2025-05-30 17:46:20.000","92.95736694335938","12","6.727146148681641","10"
"2025-05-30 19:16:20.000","11.7384033203125","8","8.053013801574707","8"
"2025-05-30 19:31:20.000","11.755279541015625","0","8.12203598022461","0"
"2025-05-30 19:46:20.000","11.76092529296875","0","8.108253479003906","0"
"2025-05-30 20:01:20.000","11.867828369140625","0","8.155221939086914","0"
"2025-05-30 20:16:20.000","11.9410400390625","0","8.068867683410645","0"
"2025-05-30 20:31:20.000","11.98046875","0","8.122612953186035","0"
"2025-05-30 20:46:20.000","12.0537109375","0","8.126350402832031","0"
"2025-05-30 21:01:20.000","122.92034912109375","12","-9999.0","1"
"2025-05-30 22:46:20.000","10.572113037109375","8","7.991275310516357","0"
"2025-05-30 23:01:20.000","10.527374267578125","0","7.93267822265625","0"
"2025-05-30 23:16:20.000","10.292755126953125","0","7.924015045166016","0"
"2025-05-30 23:31:20.000","10.214569091796875","0","7.875858306884766","0"
"2025-05-30 23:46:20.000","9.952392578125","0","7.88116455078125","0"
"2025-05-31 00:01:20.000","9.94122314453125","0","7.8629302978515625","0"
"2025-05-31 00:16:20.000","9.85760498046875","0","7.836388111114502","0"
"2025-05-31 00:31:20.000","9.751739501953125","0","7.82208776473999","0"
"2025-05-31 00:46:20.000","9.757293701171875","0","7.847029209136963","0"
"2025-05-31 01:01:20.000","10.225738525390625","0","7.86137580871582","0"
"2025-05-31 01:16:20.000","10.1922607421875","0","7.867431163787842","0"
"2025-05-31 01:31:20.000","10.225738525390625","0","7.85801887512207","0"
"2025-05-31 01:46:20.000","10.259246826171875","0","7.887888431549072","0"
"2025-05-31 02:01:20.000","10.270416259765625","0","7.783405303955078","0"
"2025-05-31 02:16:20.000","10.26483154296875","0","7.820167541503906","0"
"2025-05-31 02:31:20.000","10.208984375","0","7.885575771331787","0"
"2025-05-31 02:46:20.000","10.18109130859375","0","7.8341450691223145","0"
"2025-05-31 03:01:20.000","10.169921875","0","7.816039085388184","0"
"2025-05-31 03:16:20.000","10.136444091796875","0","7.850495338439941","0"
"2025-05-31 03:31:20.000","10.10296630859375","0","7.850089073181152","0"
"2025-05-31 03:46:20.000","-9999.0","1","-9999.0","1"
"2025-05-31 05:01:20.000","10.309478759765625","0","7.8678107261657715","0"
"2025-05-31 05:16:20.000","10.7454833984375","0","7.952751159667969","0"
"2025-05-31 05:31:20.000","10.980621337890625","0","7.911311149597168","0"
"2025-05-31 05:46:20.000","10.851837158203125","0","8.003929138183594","0"
"2025-05-31 06:01:20.000","10.874237060546875","0","7.989701747894287","0"
"2025-05-31 06:16:20.000","10.9078369140625","0","8.011412620544434","0"
"2025-05-31 06:31:20.000","10.30389404296875","0","-9999.0","1"
"2025-05-31 08:16:20.000","11.232879638671875","0","8.089700698852539","0"
"2025-05-31 08:31:20.000","11.25531005859375","0","8.09858512878418","0"
"2025-05-31 08:46:20.000","11.02545166015625","0","8.10483169555664","0"
"2025-05-31 09:01:20.000","11.05908203125","0","8.096061706542969","0"
"2025-05-31 09:16:20.000","11.070281982421875","0","8.193257331848145","0"
"2025-05-31 09:31:20.000","11.019866943359375","0","7.997788429260254","0"
"2025-05-31 09:46:20.000","-9999.0","1","-9999.0","1"
"2025-05-31 11:16:20.000","10.63360595703125","0","8.04439640045166","0"
"2025-05-31 11:31:20.000","10.5888671875","0","7.959930419921875","0"
"2025-05-31 11:46:20.000","10.488250732421875","0","7.978598594665527","0"
"2025-05-31 12:01:20.000","10.7119140625","0","7.897700786590576","0"
"2025-05-31 12:16:20.000","10.69512939453125","0","7.980257987976074","0"
"2025-05-31 12:31:20.000","10.756683349609375","0","7.97899055480957","0"
"2025-05-31 12:46:20.000","-9999.0","1","-9999.0","1"
"2025-05-31 14:31:20.000","11.4293212890625","0","8.116490364074707","0"
"2025-05-31 14:46:20.000","11.26654052734375","0","8.048150062561035","0"
"2025-05-31 15:01:20.000","11.27215576171875","0","8.07965087890625","0"
"2025-05-31 15:16:20.000","11.16558837890625","0","7.837220668792725","0"
"2025-05-31 15:31:20.000","11.109527587890625","0","8.075316429138184","0"
"2025-05-31 15:46:20.000","11.09271240234375","0","7.933863639831543","0"
"2025-05-31 16:01:20.000","-53.645965576171875","10","7.577491760253906","0"
"2025-05-31 17:46:20.000","11.098297119140625","8","8.20079517364502","8"
"2025-05-31 18:01:20.000","11.115142822265625","0","8.088943481445312","0"
"2025-05-31 18:16:20.000","11.036651611328125","0","8.027450561523438","0"
"2025-05-31 18:31:20.000","11.08148193359375","0","8.102910995483398","0"
"2025-05-31 18:46:20.000","11.02545166015625","0","7.9650044441223145","0"
"2025-05-31 18:54:16.000","-9999.0","1","-9999.0","1"
"2025-05-31 19:01:20.000","10.986236572265625","0","7.981448650360107","0"
"2025-05-31 21:01:20.000","11.2216796875","0","8.118244171142578","0"
"2025-05-31 21:16:20.000","11.26092529296875","0","8.130133628845215","0"
"2025-05-31 21:31:20.000","11.249725341796875","0","8.125863075256348","0"
"2025-05-31 21:46:20.000","11.27777099609375","0","8.12279987335205","0"
"2025-05-31 22:01:20.000","11.26092529296875","0","8.114800453186035","0"
"2025-05-31 22:16:20.000","-9999.0","1","-9999.0","1"
"2025-05-31 23:46:20.000","9.82415771484375","0","7.900974750518799","0"
"2025-06-01 00:01:20.000","9.7684326171875","0","7.892777919769287","0"
"2025-06-01 00:16:20.000","9.774017333984375","0","7.824336051940918","0"
"2025-06-01 00:31:20.000","9.68487548828125","0","7.886260509490967","0"
"2025-06-01 00:46:20.000","9.595794677734375","0","7.763960361480713","0"
"2025-06-01 01:01:20.000","9.490020751953125","0","7.7862701416015625","0"
"2025-06-01 01:16:20.000","9.439910888671875","0","7.834634780883789","0"
"2025-06-01 01:31:20.000","9.4788818359375","0","7.756725788116455","0"
"2025-06-01 01:46:20.000","9.490020751953125","0","7.796605110168457","0"
"2025-06-01 02:01:20.000","9.718292236328125","0","7.802301406860352","0"
"2025-06-01 02:16:20.000","9.790740966796875","0","7.789721965789795","0"
"2025-06-01 02:31:20.000","9.796295166015625","0","7.875618934631348","0"
"2025-06-01 02:46:20.000","9.829742431640625","0","7.823858737945557","0"
"2025-06-01 03:01:20.000","9.84088134765625","0","7.88127326965332","0"
"2025-06-01 03:16:20.000","9.84088134765625","0","7.801682472229004","0"
"2025-06-01 03:31:20.000","9.8353271484375","0","7.8540215492248535","0"
"2025-06-01 03:46:20.000","-6.336029052734375","10","6.846212387084961","10"
"2025-06-01 05:01:20.000","10.2760009765625","8","7.869048118591309","8"
"2025-06-01 05:16:20.000","10.3150634765625","0","7.890560150146484","0"
"2025-06-01 05:31:20.000","10.37652587890625","0","7.918576240539551","0"
"2025-06-01 05:46:20.000","10.415618896484375","0","7.922967433929443","0"
"2025-06-01 06:01:20.000","10.44354248046875","0","7.88602352142334","0"
"2025-06-01 06:16:20.000","10.47149658203125","0","7.880820274353027","0"
"2025-06-01 06:31:20.000","113.30487060546875","12","6.603610992431641","10"
"2025-06-01 08:01:20.000","10.33740234375","8","7.926971912384033","8"
"2025-06-01 08:16:20.000","10.281585693359375","0","7.848024368286133","0"
"2025-06-01 08:31:20.000","10.2760009765625","0","7.887916564941406","0"
"2025-06-01 08:46:20.000","10.24249267578125","0","7.870447635650635","0"
"2025-06-01 09:01:20.000","10.270416259765625","0","7.910417556762695","0"
"2025-06-01 09:16:20.000","10.555328369140625","0","7.984300136566162","0"
"2025-06-01 09:31:20.000","-9999.0","1","-9999.0","1"
"2025-06-01 11:01:20.000","10.49383544921875","0","7.9249067306518555","0"
"2025-06-01 11:16:20.000","10.488250732421875","0","8.027838706970215","0"
"2025-06-01 11:31:20.000","10.482666015625","0","7.975334167480469","0"
"2025-06-01 11:46:20.000","10.437957763671875","0","7.888859748840332","0"
"2025-06-01 12:01:20.000","10.505035400390625","0","7.986013889312744","0"
"2025-06-01 12:16:20.000","10.432373046875","0","7.916467189788818","0"
"2025-06-01 12:31:20.000","-9999.0","1","7.978232383728027","0"
"2025-06-01 13:46:20.000","10.3876953125","0","7.954905986785889","0"
"2025-06-01 14:01:20.000","10.437957763671875","0","7.936418056488037","0"
"2025-06-01 14:16:20.000","10.52178955078125","0","7.935510635375977","0"
"2025-06-01 14:31:20.000","10.5665283203125","0","7.938899040222168","0"
"2025-06-01 14:46:20.000","10.594482421875","0","7.986751079559326","0"
"2025-06-01 15:01:20.000","10.644805908203125","0","7.899666786193848","0"
"2025-06-01 15:16:20.000","10.73431396484375","0","7.953882694244385","0"
"2025-06-01 15:31:20.000","-9999.0","1","-9999.0","1"
"2025-06-01 17:01:20.000","10.919036865234375","0","8.029082298278809","0"
"2025-06-01 17:16:20.000","10.935821533203125","0","7.99497652053833","0"
"2025-06-01 17:31:20.000","10.986236572265625","0","8.011592864990234","0"
"2025-06-01 17:46:20.000","11.0030517578125","0","8.043800354003906","0"
"2025-06-01 18:01:20.000","11.09271240234375","0","8.015897750854492","0"
"2025-06-01 18:16:20.000","11.103912353515625","0","8.038843154907227","0"
"2025-06-01 18:31:20.000","51.8948974609375","12","-9999.0","1"
"2025-06-01 20:01:20.000","11.5135498046875","8","8.100451469421387","0"
"2025-06-01 20:16:20.000","11.59783935546875","0","8.117148399353027","0"
"2025-06-01 20:31:20.000","11.59222412109375","0","8.13330078125","0"
"2025-06-01 20:46:20.000","11.654052734375","0","8.14364242553711","0"
"2025-06-01 21:01:20.000","11.80029296875","0","8.113790512084961","0"
"2025-06-01 21:16:20.000","11.974822998046875","0","8.002774238586426","0"
"2025-06-01 21:31:20.000","12.07061767578125","0","8.0964937210083","0"
"2025-06-01 21:46:20.000","-9999.0","1","-9999.0","1"
"2025-06-01 23:31:20.000","11.710296630859375","0","8.18355941772461","0"
"2025-06-01 23:46:20.000","11.008636474609375","0","8.037775993347168","0"
"2025-06-02 00:01:20.000","10.5888671875","0","7.9866790771484375","0"
"2025-06-02 00:16:20.000","10.639190673828125","0","7.967798233032227","0"
"2025-06-02 00:31:20.000","10.4100341796875","0","7.955603122711182","0"
"2025-06-02 00:46:20.000","10.34857177734375","0","7.910703659057617","0"
"2025-06-02 01:01:20.000","10.342987060546875","0","7.8935980796813965","0"
"2025-06-02 01:16:20.000","10.29833984375","0","7.8934245109558105","0"
"2025-06-02 01:31:20.000","10.248077392578125","0","7.905241966247559","0"
"2025-06-02 01:46:20.000","10.208984375","0","7.8842549324035645","0"
"2025-06-02 02:01:20.000","10.253662109375","0","7.90053653717041","0"
"2025-06-02 02:16:20.000","10.20343017578125","0","7.867114543914795","0"
"2025-06-02 02:31:20.000","10.197845458984375","0","7.8954854011535645","0"
"2025-06-02 02:46:20.000","10.24249267578125","0","7.920157432556152","0"
"2025-06-02 03:01:20.000","10.28717041015625","0","7.893650054931641","0"
"2025-06-02 03:16:20.000","10.30389404296875","0","7.83899450302124","0"
"2025-06-02 03:31:20.000","10.3653564453125","0","7.837296009063721","0"
"2025-06-02 03:46:20.000","-6.300201416015625","10","7.380385875701904","0"
"2025-06-02 05:01:20.000","10.449127197265625","8","7.867583751678467","0"
"2025-06-02 05:16:20.000","10.49383544921875","0","7.892489433288574","0"
"2025-06-02 05:31:20.000","10.49383544921875","0","7.904374599456787","0"
"2025-06-02 05:46:20.000","10.60565185546875","0","7.898331165313721","0"
"2025-06-02 06:01:20.000","10.723114013671875","0","7.890519618988037","0"
"2025-06-02 06:16:20.000","10.650390625","0","7.84098482131958","0"
"2025-06-02 06:31:20.000","113.00042724609375","12","6.7314653396606445","10"
"2025-06-02 08:01:20.000","10.53857421875","8","7.904229164123535","8"
"2025-06-02 08:16:20.000","10.527374267578125","0","7.86201286315918","0"
"2025-06-02 08:31:20.000","10.5106201171875","0","7.901034355163574","0"
"2025-06-02 08:46:20.000","10.756683349609375","0","7.959187984466553","0"
"2025-06-02 09:01:20.000","10.7510986328125","0","7.974109649658203","0"
"2025-06-02 09:16:20.000","10.78466796875","0","7.985115051269531","0"
"2025-06-02 09:31:20.000","10.723114013671875","0","7.936628341674805","0"
"2025-06-02 09:46:20.000","-9999.0","1","-9999.0","1"
"2025-06-02 11:31:20.000","10.6783447265625","0","8.018389701843262","0"
"2025-06-02 11:46:20.000","10.6839599609375","0","8.042713165283203","0"
"2025-06-02 12:01:20.000","11.008636474609375","0","8.018590927124023","0"
"2025-06-02 12:16:20.000","11.188018798828125","0","8.137157440185547","0"
"2025-06-02 12:31:20.000","10.958221435546875","0","8.01928997039795","0"
"2025-06-02 12:46:20.000","44.817901611328125","12","8.0026216506958","0"
"2025-06-02 14:31:20.000","10.829437255859375","8","7.971538066864014","0"
"2025-06-02 14:46:20.000","10.868621826171875","0","8.005746841430664","0"
"2025-06-02 15:01:20.000","10.947021484375","0","8.009445190429688","0"
"2025-06-02 15:16:20.000","11.148773193359375","0","8.054534912109375","0"
"2025-06-02 15:31:20.000","11.27777099609375","0","8.073002815246582","0"
"2025-06-02 15:46:20.000","11.238494873046875","0","8.128296852111816","0"
"2025-06-02 16:01:20.000","-9999.0","1","-9999.0","1"
"2025-06-02 17:46:20.000","11.986083984375","0","8.187947273254395","0"
"2025-06-02 18:01:20.000","12.177734375","0","8.23204517364502","0"
"2025-06-02 18:16:20.000","12.059326171875","0","8.150672912597656","0"
"2025-06-02 18:31:20.000","12.10443115234375","0","8.096348762512207","0"
"2025-06-02 18:46:20.000","12.177734375","0","8.181267738342285","0"
"2025-06-02 19:01:20.000","12.1495361328125","0","8.156781196594238","0"
"2025-06-02 19:16:20.000","-6.09149169921875","10","8.161569595336914","0"
"2025-06-02 20:31:20.000","12.572998046875","8","8.25168228149414","0"
"2025-06-02 20:46:20.000","12.787994384765625","0","8.315784454345703","0"
"2025-06-02 21:01:20.000","12.742706298828125","0","8.234017372131348","0"
"2025-06-02 21:16:20.000","12.8162841796875","0","8.16976261138916","0"
"2025-06-02 21:31:20.000","13.218902587890625","0","8.165854454040527","0"
"2025-06-02 21:46:20.000","12.895599365234375","0","8.337719917297363","0"
"2025-06-02 22:01:20.000","43.6439208984375","12","-9999.0","1"
"2025-06-02 23:31:20.000","12.51080322265625","8","8.3152437210083","0"
"2025-06-02 23:46:20.000","11.907257080078125","0","8.185688018798828","0"
"2025-06-03 00:01:20.000","11.4293212890625","0","8.163716316223145","0"
"2025-06-03 00:16:20.000","11.317047119140625","0","8.12812614440918","0"
"2025-06-03 00:31:20.000","10.33740234375","0","8.005437850952148","0"
"2025-06-03 00:46:20.000","10.058349609375","0","7.910526752471924","0"
"2025-06-03 01:01:20.000","10.158782958984375","0","7.899951934814453","0"
"2025-06-03 01:16:20.000","10.1531982421875","0","7.951062202453613","0"
"2025-06-03 01:31:20.000","10.04718017578125","0","7.921403408050537","0"
"2025-06-03 01:46:20.000","9.95794677734375","0","7.881657600402832","0"
"2025-06-03 02:01:20.000","9.996978759765625","0","7.8510212898254395","0"
"2025-06-03 02:16:20.000","10.158782958984375","0","7.903748512268066","0"
"2025-06-03 02:31:20.000","10.320648193359375","0","7.923184394836426","0"
"2025-06-03 02:46:20.000","10.37652587890625","0","7.922834396362305","0"
"2025-06-03 03:01:20.000","10.281585693359375","0","7.9040422439575195","0"
"2025-06-03 03:16:20.000","10.1141357421875","0","7.8839030265808105","0"
"2025-06-03 03:31:20.000","9.952392578125","0","7.891221523284912","0"
"2025-06-03 03:46:20.000","107.22256469726562","12","6.624497413635254","10"
"2025-06-03 05:01:20.000","10.30389404296875","8","7.861533164978027","8"
"2025-06-03 05:16:20.000","10.437957763671875","0","7.9269022941589355","0"
"2025-06-03 05:31:20.000","10.5665283203125","0","7.916630744934082","0"
"2025-06-03 05:46:20.000","10.532958984375","0","7.885189533233643","0"
"2025-06-03 06:01:20.000","10.717529296875","0","7.916904449462891","0"
"2025-06-03 06:16:20.000","10.991851806640625","0","8.002903938293457","0"
"2025-06-03 06:31:20.000","4.372772216796875","8","9.556270599365234","12"
"2025-06-03 08:16:20.000","10.891021728515625","8","8.020292282104492","8"
"2025-06-03 08:31:20.000","10.795867919921875","0","7.984672546386719","0"
"2025-06-03 08:46:20.000","10.947021484375","0","7.961035251617432","0"
"2025-06-03 09:01:20.000","11.064697265625","0","8.047321319580078","0"
"2025-06-03 09:16:20.000","10.963836669921875","0","8.031170845031738","0"
"2025-06-03 09:31:20.000","-9999.0","1","-9999.0","1"
"2025-06-03 10:46:20.000","10.829437255859375","0","7.9416327476501465","0"
"2025-06-03 11:01:20.000","10.773468017578125","0","7.998188495635986","0"
"2025-06-03 11:16:20.000","10.795867919921875","0","8.039106369018555","0"
"2025-06-03 11:31:20.000","10.78466796875","0","7.837521076202393","0"
"2025-06-03 11:46:20.000","10.76226806640625","0","8.045586585998535","0"
"2025-06-03 12:01:20.000","10.76226806640625","0","7.976292610168457","0"
"2025-06-03 12:16:20.000","10.739898681640625","0","7.9802565574646","0"
"2025-06-03 12:31:20.000","-9999.0","1","-9999.0","1"
"2025-06-03 14:16:20.000","10.846221923828125","0","7.909101963043213","0"
"2025-06-03 14:31:20.000","10.846221923828125","0","7.9127421379089355","0"
"2025-06-03 14:46:20.000","11.87347412109375","0","8.104897499084473","0"
"2025-06-03 15:01:20.000","11.676544189453125","0","8.02746868133545","0"
"2025-06-03 15:16:20.000","11.26092529296875","0","8.128790855407715","0"
"2025-06-03 15:31:20.000","-9999.0","1","-9999.0","1"
"2025-06-03 17:16:20.000","12.04241943359375","0","8.234774589538574","0"
"2025-06-03 17:31:20.000","12.132598876953125","0","8.216197967529297","0"
"2025-06-03 17:46:20.000","12.31878662109375","0","8.114591598510742","0"
"2025-06-03 18:01:20.000","12.61822509765625","0","8.208654403686523","0"
"2025-06-03 18:16:20.000","13.42919921875","0","8.398994445800781","0"
"2025-06-03 18:31:20.000","13.46331787109375","0","8.398238182067871","0"
"2025-06-03 18:46:20.000","79.5928955078125","12","-9999.0","1"
"2025-06-03 20:31:20.000","14.376678466796875","8","8.354942321777344","0"
"2025-06-03 20:46:20.000","14.4798583984375","0","8.379314422607422","0"
"2025-06-03 21:01:20.000","15.562835693359375","0","8.265066146850586","0"
"2025-06-03 21:16:20.000","15.45867919921875","0","8.535575866699219","0"
"2025-06-03 21:31:20.000","13.446258544921875","0","8.292344093322754","0"
"2025-06-03 21:46:20.000","14.77264404296875","0","8.301464080810547","0"
"2025-06-03 22:01:20.000","-9999.0","1","8.354168891906738","0"
"2025-06-03 23:31:20.000","15.2564697265625","0","8.324851989746094","0"
"2025-06-03 23:46:20.000","13.270050048828125","0","8.308479309082031","0"
"2025-06-04 00:01:20.000","13.446258544921875","0","8.309828758239746","0"
"2025-06-04 00:16:20.000","13.343902587890625","0","8.581403732299805","0"
"2025-06-04 00:31:20.000","13.150787353515625","0","8.215555191040039","0"
"2025-06-04 00:46:20.000","12.63519287109375","0","8.25517749786377","0"
"2025-06-04 01:01:20.000","11.8509521484375","0","8.309550285339355","0"
"2025-06-04 01:16:20.000","11.28338623046875","0","8.040705680847168","0"
"2025-06-04 01:31:20.000","10.851837158203125","0","8.041495323181152","0"
"2025-06-04 01:46:20.000","10.639190673828125","0","8.048373222351074","0"
"2025-06-04 02:01:20.000","10.572113037109375","0","8.0037841796875","0"
"2025-06-04 02:16:20.000","10.66717529296875","0","7.997305870056152","0"
"2025-06-04 02:31:20.000","10.516204833984375","0","7.981309413909912","0"
"2025-06-04 02:46:20.000","10.370941162109375","0","7.957808017730713","0"
"2025-06-04 03:01:20.000","10.147613525390625","0","7.908086776733398","0"
"2025-06-04 03:16:20.000","9.980255126953125","0","7.898044109344482","0"
"2025-06-04 03:31:20.000","9.818603515625","0","7.884245872497559","0"
"2025-06-04 03:46:20.000","-12.37200927734375","10","7.775345802307129","0"
"2025-06-04 05:01:20.000","10.779052734375","8","7.951295852661133","0"
"2025-06-04 05:16:20.000","10.78466796875","0","7.914588928222656","0"
"2025-06-04 05:31:20.000","10.84063720703125","0","7.922754764556885","0"
"2025-06-04 05:46:20.000","10.835052490234375","0","7.929248809814453","0"
"2025-06-04 06:01:20.000","10.8238525390625","0","7.9428510665893555","0"
"2025-06-04 06:16:20.000","10.829437255859375","0","7.859585285186768","0"
"2025-06-04 06:31:20.000","-9999.0","1","7.229910850524902","8"
"2025-06-04 08:01:20.000","10.812652587890625","0","7.895059585571289","8"
"2025-06-04 08:16:20.000","10.807037353515625","0","7.92127799987793","0"
"2025-06-04 08:31:20.000","10.829437255859375","0","8.027414321899414","0"
"2025-06-04 08:46:20.000","10.807037353515625","0","7.944581508636475","0"
"2025-06-04 09:01:20.000","10.72869873046875","0","7.896934509277344","0"
"2025-06-04 09:16:20.000","10.723114013671875","0","7.889653205871582","0"
"2025-06-04 09:31:20.000","44.6566162109375","12","7.989596366882324","0"
"2025-06-04 10:46:20.000","11.008636474609375","8","7.907546520233154","0"
"2025-06-04 11:01:20.000","10.963836669921875","0","7.9305033683776855","0"
"2025-06-04 11:16:20.000","10.896636962890625","0","7.928232192993164","0"
"2025-06-04 11:31:20.000","10.891021728515625","0","7.946654319763184","0"
"2025-06-04 11:46:20.000","10.868621826171875","0","7.9135026931762695","0"
"2025-06-04 12:01:20.000","10.8182373046875","0","7.91345739364624","0"
"2025-06-04 12:16:20.000","33.140594482421875","12","-9999.0","1"
"2025-06-04 13:46:20.000","10.84063720703125","8","7.917407989501953","0"
"2025-06-04 14:01:20.000","11.042266845703125","0","-9999.0","1"
"2025-06-04 14:16:20.000","11.098297119140625","0","8.08096981048584","0"
"2025-06-04 14:31:20.000","11.098297119140625","0","8.002860069274902","0"
"2025-06-04 14:46:20.000","11.053466796875","0","7.96663761138916","0"
"2025-06-04 15:01:20.000","11.008636474609375","0","7.969444274902344","0"
"2025-06-04 15:16:20.000","-45.41545104980469","10","7.986641883850098","0"
"2025-06-04 17:01:20.000","10.49383544921875","8","7.856643199920654","0"
"2025-06-04 17:16:20.000","10.611236572265625","0","7.879265308380127","0"
"2025-06-04 17:31:20.000","10.689544677734375","0","7.884219646453857","0"
"2025-06-04 17:46:20.000","10.72869873046875","0","7.904384136199951","0"
"2025-06-04 18:01:20.000","10.639190673828125","0","7.906456470489502","0"
"2025-06-04 18:16:20.000","10.857421875","0","7.997030735015869","0"
"2025-06-04 18:31:20.000","-9999.0","1","-9999.0","1"
"2025-06-04 19:46:20.000","12.91259765625","0","8.186595916748047","0"
"2025-06-04 20:01:20.000","12.737030029296875","0","8.164158821105957","0"
"2025-06-04 20:16:20.000","13.349578857421875","0","8.1724214553833","0"
"2025-06-04 20:31:20.000","13.378021240234375","0","8.269259452819824","0"
"2025-06-04 20:46:20.000","13.525909423828125","0","8.25979232788086","0"
"2025-06-04 21:01:20.000","13.40643310546875","0","8.192203521728516","0"
"2025-06-04 21:16:20.000","13.451934814453125","0","8.33012580871582","0"
"2025-06-04 21:31:20.000","-9999.0","1","-9999.0","1"
"2025-06-04 22:46:20.000","15.759796142578125","0","8.20357608795166","0"
"2025-06-04 23:01:20.000","16.446319580078125","0","8.2127685546875","0"
"2025-06-04 23:16:20.000","17.137542724609375","0","8.272782325744629","0"
"2025-06-04 23:31:20.000","17.378875732421875","0","8.442927360534668","0"
"2025-06-04 23:46:20.000","17.804229736328125","0","8.22046947479248","0"
"2025-06-05 00:01:20.000","15.20452880859375","0","8.251428604125977","0"
"2025-06-05 00:16:20.000","13.856414794921875","0","8.388708114624023","0"
"2025-06-05 00:31:20.000","14.13629150390625","0","8.338939666748047","0"
"2025-06-05 00:46:20.000","15.92230224609375","0","8.143868446350098","0"
"2025-06-05 01:01:20.000","16.277191162109375","0","8.354561805725098","0"
"2025-06-05 01:16:20.000","14.4798583984375","0","8.315162658691406","0"
"2025-06-05 01:31:20.000","13.622711181640625","0","8.283312797546387","0"
"2025-06-05 01:46:20.000","13.753753662109375","0","8.243624687194824","0"
"2025-06-05 02:01:20.000","12.697418212890625","0","8.12454605102539","0"
"2025-06-05 02:16:20.000","11.912872314453125","0","8.16681957244873","0"
"2025-06-05 02:31:20.000","10.980621337890625","0","8.053934097290039","0"
"2025-06-05 02:46:20.000","10.69512939453125","0","8.073138236999512","0"
"2025-06-05 03:01:20.000","10.527374267578125","0","7.9826226234436035","0"
"2025-06-05 03:16:20.000","10.42120361328125","0","7.941026210784912","0"
"2025-06-05 03:31:20.000","10.354156494140625","0","7.907980442047119","0"
"2025-06-05 03:46:20.000","-9999.0","1","-9999.0","1"
"2025-06-05 05:01:20.000","11.137542724609375","0","7.870268821716309","0"
"2025-06-05 05:16:20.000","11.21044921875","0","7.928010940551758","0"
"2025-06-05 05:31:20.000","11.238494873046875","0","7.885451793670654","0"
"2025-06-05 05:46:20.000","11.26654052734375","0","7.900888442993164","0"
"2025-06-05 06:01:20.000","11.27215576171875","0","7.848751068115234","0"
"2025-06-05 06:16:20.000","11.244110107421875","0","7.822751522064209","0"
"2025-06-05 06:31:20.000","-9999.0","1","-9999.0","1"
"2025-06-05 08:01:20.000","11.227264404296875","0","7.7745561599731445","0"
"2025-06-05 08:16:20.000","11.227264404296875","0","7.9322896003723145","0"
"2025-06-05 08:31:20.000","11.176788330078125","0","7.870224952697754","0"
"2025-06-05 08:46:20.000","11.053466796875","0","7.888971328735352","0"
"2025-06-05 09:01:20.000","11.075897216796875","0","7.899161338806152","0"
"2025-06-05 09:16:20.000","11.0030517578125","0","7.949601173400879","0"
"2025-06-05 09:31:20.000","-2.640716552734375","10","-9999.0","1"
"2025-06-05 10:46:20.000","10.96942138671875","8","-9999.0","1"
"2025-06-05 11:01:20.000","10.986236572265625","0","-9999.0","1"
"2025-06-05 11:16:20.000","11.008636474609375","0","-9999.0","1"
"2025-06-05 11:31:20.000","11.09271240234375","0","-9999.0","1"
"2025-06-05 11:46:20.000","11.15997314453125","0","-9999.0","1"
"2025-06-05 12:01:20.000","11.08148193359375","0","-9999.0","1"
"2025-06-05 12:16:20.000","108.00021362304688","12","-9999.0","1"
"2025-06-05 13:46:20.000","12.1495361328125","8","-9999.0","1"
"2025-06-05 14:01:20.000","12.11004638671875","0","-9999.0","1"
"2025-06-05 14:16:20.000","12.284912109375","0","-9999.0","1"
"2025-06-05 14:31:20.000","12.279266357421875","0","-9999.0","1"
"2025-06-05 14:46:20.000","12.1551513671875","0","-9999.0","1"
"2025-06-05 15:01:20.000","12.674774169921875","0","-9999.0","1"
"2025-06-05 15:16:20.000","12.426055908203125","0","-9999.0","1"
"2025-06-05 15:31:20.000","-9999.0","1","-9999.0","1"
"2025-06-05 17:16:20.000","10.896636962890625","0","-9999.0","1"
"2025-06-05 17:31:20.000","10.812652587890625","0","-9999.0","1"
"2025-06-05 17:46:20.000","10.947021484375","0","-9999.0","1"
"2025-06-05 18:01:20.000","10.835052490234375","0","-9999.0","1"
"2025-06-05 18:16:20.000","11.02545166015625","0","-9999.0","1"
"2025-06-05 18:31:20.000","-9999.0","1","-9999.0","1"
"2025-06-05 19:46:20.000","11.4124755859375","0","-9999.0","1"
"2025-06-05 20:01:20.000","11.4405517578125","0","-9999.0","1"
"2025-06-05 20:16:20.000","11.4630126953125","0","-9999.0","1"
"2025-06-05 20:31:20.000","13.7879638671875","0","-9999.0","1"
"2025-06-05 20:46:20.000","13.270050048828125","0","-9999.0","1"
"2025-06-05 21:01:20.000","13.32684326171875","0","-9999.0","1"
"2025-06-05 21:16:20.000","125.958740234375","12","-9999.0","1"
"2025-06-05 22:46:20.000","14.285064697265625","8","-9999.0","1"
"2025-06-05 23:01:20.000","14.388153076171875","0","-9999.0","1"
"2025-06-05 23:16:20.000","13.816497802734375","0","-9999.0","1"
"2025-06-05 23:31:20.000","14.491302490234375","0","-9999.0","1"
"2025-06-05 23:46:20.000","15.667083740234375","0","-9999.0","1"
"2025-06-06 00:01:20.000","14.6405029296875","0","-9999.0","1"
"2025-06-06 00:16:20.000","14.720916748046875","0","-9999.0","1"
"2025-06-06 00:31:20.000","14.365234375","0","-9999.0","1"
"2025-06-06 00:46:20.000","14.079132080078125","0","-9999.0","1"
"2025-06-06 01:01:20.000","14.519989013671875","0","-9999.0","1"
"2025-06-06 01:16:20.000","14.124847412109375","0","-9999.0","1"
"2025-06-06 01:31:20.000","13.725250244140625","0","-9999.0","1"
"2025-06-06 01:46:20.000","13.63409423828125","0","-9999.0","1"
"2025-06-06 02:01:20.000","13.816497802734375","0","-9999.0","1"
"2025-06-06 02:16:20.000","13.23028564453125","0","-9999.0","1"
"2025-06-06 02:31:20.000","12.91827392578125","0","-9999.0","1"
"2025-06-06 02:46:20.000","12.68609619140625","0","-9999.0","1"
"2025-06-06 03:01:20.000","12.301849365234375","0","-9999.0","1"
"2025-06-06 03:16:20.000","12.256683349609375","0","-9999.0","1"
"2025-06-06 03:31:20.000","12.0255126953125","0","-9999.0","1"
"2025-06-06 03:46:20.000","-9999.0","1","-9999.0","1"
"2025-06-06 05:01:20.000","11.935394287109375","0","-9999.0","1"
"2025-06-06 05:16:20.000","12.014251708984375","0","-9999.0","1"
"2025-06-06 05:31:20.000","12.1495361328125","0","-9999.0","1"
"2025-06-06 05:46:20.000","12.031158447265625","0","-9999.0","1"
"2025-06-06 06:01:20.000","11.997344970703125","0","-9999.0","1"
"2025-06-06 06:16:20.000","11.87347412109375","0","-9999.0","1"
"2025-06-06 06:31:20.000","-9999.0","1","-9999.0","1"
"2025-06-06 08:16:20.000","11.862213134765625","0","-9999.0","1"
"2025-06-06 08:31:20.000","11.862213134765625","0","-9999.0","1"
"2025-06-06 08:46:20.000","11.845306396484375","0","-9999.0","1"
"2025-06-06 09:01:20.000","11.912872314453125","0","-9999.0","1"
"2025-06-06 09:16:20.000","11.92413330078125","0","-9999.0","1"
"2025-06-06 09:31:20.000","11.82281494140625","0","-9999.0","1"
"2025-06-06 09:46:20.000","-9999.0","1","-9999.0","1"
"2025-06-06 11:16:20.000","11.682159423828125","0","-9999.0","1"
"2025-06-06 11:31:20.000","11.744049072265625","0","-9999.0","1"
"2025-06-06 11:46:20.000","11.749664306640625","0","-9999.0","1"
"2025-06-06 12:01:20.000","12.172088623046875","0","-9999.0","1"
"2025-06-06 12:16:20.000","12.234130859375","0","-9999.0","1"
"2025-06-06 12:31:20.000","38.55560302734375","12","-9999.0","1"
"2025-06-06 14:01:20.000","12.65216064453125","8","-9999.0","1"
"2025-06-06 14:16:20.000","12.867279052734375","0","-9999.0","1"
"2025-06-06 14:31:20.000","12.787994384765625","0","-9999.0","1"
"2025-06-06 14:46:20.000","12.708740234375","0","-9999.0","1"
"2025-06-06 15:01:20.000","12.663482666015625","0","-9999.0","1"
"2025-06-06 15:16:20.000","12.60125732421875","0","-9999.0","1"
"2025-06-06 15:31:20.000","-9999.0","1","-9999.0","1"
"2025-06-06 17:16:20.000","11.60345458984375","0","7.94365930557251","0"
"2025-06-06 17:31:20.000","11.59783935546875","0","7.950567722320557","0"
"2025-06-06 17:46:20.000","11.57537841796875","0","7.917869567871094","0"
"2025-06-06 18:01:20.000","11.4349365234375","0","7.923129558563232","0"
"2025-06-06 18:16:20.000","11.4124755859375","0","7.9952778816223145","0"
"2025-06-06 18:31:20.000","11.5023193359375","0","7.957671642303467","0"
"2025-06-06 18:46:20.000","-9999.0","1","-9999.0","1"
"2025-06-06 19:46:20.000","11.997344970703125","0","7.945574760437012","0"
"2025-06-06 20:01:20.000","11.986083984375","0","8.044957160949707","0"
"2025-06-06 20:16:20.000","11.997344970703125","0","7.93425989151001","0"
"2025-06-06 20:31:20.000","11.991729736328125","0","8.016441345214844","0"
"2025-06-06 20:46:20.000","11.997344970703125","0","7.9721574783325195","0"
"2025-06-06 21:01:20.000","12.07623291015625","0","7.917665481567383","0"
"2025-06-06 21:16:20.000","12.132598876953125","0","7.972586631774902","0"
"2025-06-06 21:31:20.000","12.1495361328125","0","7.957502841949463","0"
"2025-06-06 21:46:20.000","12.11004638671875","0","7.991276264190674","0"
"2025-06-06 22:01:20.000","12.855926513671875","0","8.006251335144043","0"
"2025-06-06 22:16:20.000","12.335723876953125","0","7.971471786499023","0"
"2025-06-06 22:31:20.000","12.493865966796875","0","7.960107803344727","0"
"2025-06-06 22:46:20.000","12.561676025390625","0","7.968188285827637","0"
"2025-06-06 23:01:20.000","12.56732177734375","0","8.010891914367676","0"
"2025-06-06 23:16:20.000","12.5390625","0","8.038202285766602","0"
"2025-06-06 23:31:20.000","-9999.0","1","-9999.0","1"
"2025-06-07 00:01:23.000","12.8446044921875","0","8.007094383239746","0"
"2025-06-07 00:16:23.000","12.703094482421875","0","7.971662998199463","0"
"2025-06-07 00:31:23.000","12.8162841796875","0","8.016950607299805","0"
"2025-06-07 00:46:23.000","12.861602783203125","0","8.019242286682129","0"
"2025-06-07 01:01:23.000","12.94091796875","0","7.996589183807373","0"
"2025-06-07 01:16:23.000","12.85028076171875","0","7.976187705993652","0"
"2025-06-07 01:31:23.000","12.77099609375","0","8.021203994750977","0"
"2025-06-07 01:46:23.000","13.05999755859375","0","8.060734748840332","0"
"2025-06-07 02:01:23.000","13.167816162109375","0","8.197096824645996","0"
"2025-06-07 02:16:23.000","13.162139892578125","0","8.161572456359863","0"
"2025-06-07 02:31:23.000","13.54296875","0","8.111409187316895","0"
"2025-06-07 02:46:23.000","13.68536376953125","0","8.162605285644531","0"
"2025-06-07 03:01:23.000","13.79937744140625","0","8.155906677246094","0"
"2025-06-07 03:16:23.000","13.145111083984375","0","8.094706535339355","0"
"2025-06-07 03:31:23.000","12.94659423828125","0","8.145743370056152","0"
"2025-06-07 03:46:23.000","-9999.0","1","-9999.0","1"
"2025-06-07 05:01:23.000","12.00860595703125","0","8.058377265930176","0"
"2025-06-07 05:16:23.000","12.13824462890625","0","7.991601943969727","0"
"2025-06-07 05:31:23.000","12.10443115234375","0","7.958839416503906","0"
"2025-06-07 05:46:23.000","12.2059326171875","0","-9999.0","1"
"2025-06-07 06:01:23.000","12.19464111328125","0","-9999.0","1"
"2025-06-07 06:16:23.000","12.183349609375","0","-9999.0","1"
"2025-06-07 06:31:23.000","-9999.0","1","-9999.0","1"
"2025-06-07 08:16:23.000","12.855926513671875","0","-9999.0","1"
"2025-06-07 08:31:23.000","12.56732177734375","0","-9999.0","1"
"2025-06-07 08:46:23.000","12.5390625","0","-9999.0","1"
"2025-06-07 09:01:23.000","12.578643798828125","0","-9999.0","1"
"2025-06-07 09:16:23.000","12.465606689453125","0","-9999.0","1"
"2025-06-07 09:31:23.000","12.550384521484375","0","-9999.0","1"
"2025-06-07 09:46:23.000","-9999.0","1","-9999.0","1"
"2025-06-07 11:01:23.000","12.7540283203125","0","-9999.0","1"
"2025-06-07 11:16:23.000","12.759674072265625","0","-9999.0","1"
"2025-06-07 11:31:23.000","12.7540283203125","0","-9999.0","1"
"2025-06-07 11:46:23.000","12.680450439453125","0","-9999.0","1"
"2025-06-07 12:01:23.000","12.595611572265625","0","-9999.0","1"
"2025-06-07 12:16:23.000","12.5390625","0","-9999.0","1"
"2025-06-07 12:31:23.000","-9999.0","1","-9999.0","1"
"2025-06-07 14:01:23.000","12.680450439453125","0","-9999.0","1"
"2025-06-07 14:16:23.000","12.6917724609375","0","-9999.0","1"
"2025-06-07 14:31:23.000","12.79364013671875","0","-9999.0","1"
"2025-06-07 14:46:23.000","12.90692138671875","0","-9999.0","1"
"2025-06-07 15:01:23.000","12.8446044921875","0","-9999.0","1"
"2025-06-07 15:16:23.000","12.889923095703125","0","-9999.0","1"
"2025-06-07 15:31:23.000","-9999.0","1","-9999.0","1"
"2025-06-07 17:16:23.000","12.47125244140625","0","-9999.0","1"
"2025-06-07 17:31:23.000","12.234130859375","0","-9999.0","1"
"2025-06-07 17:46:23.000","11.96917724609375","0","-9999.0","1"
"2025-06-07 18:01:23.000","11.952301025390625","0","-9999.0","1"
"2025-06-07 18:16:23.000","11.789031982421875","0","-9999.0","1"
"2025-06-07 18:31:23.000","11.4068603515625","0","-9999.0","1"
"2025-06-07 18:46:23.000","32.225372314453125","12","-9999.0","1"
"2025-06-07 20:01:23.000","12.177734375","8","-9999.0","1"
"2025-06-07 20:16:23.000","12.313140869140625","0","-9999.0","1"
"2025-06-07 20:31:23.000","12.313140869140625","0","-9999.0","1"
"2025-06-07 20:46:23.000","12.132598876953125","0","-9999.0","1"
"2025-06-07 21:01:23.000","12.143890380859375","0","-9999.0","1"
"2025-06-07 21:16:23.000","12.07623291015625","0","-9999.0","1"
"2025-06-07 21:31:23.000","12.0537109375","0","-9999.0","1"
"2025-06-07 21:46:23.000","-9999.0","1","8.317389488220215","0"
"2025-06-07 23:31:23.000","13.0543212890625","0","-9999.0","1"
"2025-06-07 23:46:23.000","13.3211669921875","0","-9999.0","1"
"2025-06-08 00:01:20.000","13.133758544921875","0","-9999.0","1"
"2025-06-08 00:16:20.000","13.05999755859375","0","-9999.0","1"
"2025-06-08 00:31:20.000","13.179168701171875","0","-9999.0","1"
"2025-06-08 00:46:20.000","13.8963623046875","0","-9999.0","1"
"2025-06-08 01:01:20.000","13.65118408203125","0","-9999.0","1"
"2025-06-08 01:16:20.000","13.5145263671875","0","-9999.0","1"
"2025-06-08 01:31:20.000","13.09405517578125","0","-9999.0","1"
"2025-06-08 01:46:20.000","13.412139892578125","0","-9999.0","1"
"2025-06-08 02:01:20.000","13.201873779296875","0","-9999.0","1"
"2025-06-08 02:16:20.000","13.105377197265625","0","-9999.0","1"
"2025-06-08 02:31:20.000","13.156463623046875","0","-9999.0","1"
"2025-06-08 02:46:20.000","14.307952880859375","0","-9999.0","1"
"2025-06-08 03:01:20.000","14.4683837890625","0","-9999.0","1"
"2025-06-08 03:16:20.000","14.525726318359375","0","-9999.0","1"
"2025-06-08 03:31:20.000","14.119140625","0","-9999.0","1"
"2025-06-08 03:46:20.000","-28.1407470703125","10","-9999.0","1"
"2025-06-08 05:01:20.000","14.03912353515625","8","-9999.0","1"
"2025-06-08 05:16:20.000","13.628387451171875","0","-9999.0","1"
"2025-06-08 05:31:20.000","13.548675537109375","0","-9999.0","1"
"2025-06-08 05:46:20.000","13.52020263671875","0","-9999.0","1"
"2025-06-08 06:01:20.000","13.480377197265625","0","-9999.0","1"
"2025-06-08 06:16:20.000","13.349578857421875","0","-9999.0","1"
"2025-06-08 06:31:20.000","-9999.0","1","-9999.0","1"
"2025-06-08 08:16:20.000","13.156463623046875","0","-9999.0","1"
"2025-06-08 08:31:20.000","13.09405517578125","0","-9999.0","1"
"2025-06-08 08:46:20.000","13.150787353515625","0","-9999.0","1"
"2025-06-08 09:01:20.000","13.2586669921875","0","-9999.0","1"
"2025-06-08 09:16:20.000","13.298431396484375","0","-9999.0","1"
"2025-06-08 09:31:20.000","13.343902587890625","0","-9999.0","1"
"2025-06-08 09:46:20.000","94.6783447265625","12","-9999.0","1"
"2025-06-08 11:16:20.000","13.36663818359375","8","8.11397933959961","0"
"2025-06-08 11:31:20.000","13.287078857421875","0","8.09245491027832","0"
"2025-06-08 11:46:20.000","13.474700927734375","0","8.158625602722168","0"
"2025-06-08 12:01:20.000","13.224609375","0","8.195870399475098","0"
"2025-06-08 12:16:20.000","13.133758544921875","0","7.828890323638916","0"
"2025-06-08 12:31:20.000","13.2586669921875","0","8.148001670837402","0"
"2025-06-08 12:46:20.000","125.5240478515625","12","6.42886209487915","10"
"2025-06-08 14:31:20.000","13.474700927734375","8","8.243802070617676","8"
"2025-06-08 14:46:20.000","13.49176025390625","0","8.144437789916992","0"
"2025-06-08 15:01:20.000","13.50885009765625","0","8.125055313110352","0"
"2025-06-08 15:16:20.000","13.53729248046875","0","8.18058967590332","0"
"2025-06-08 15:31:20.000","13.531585693359375","0","8.225622177124023","0"
"2025-06-08 15:46:20.000","13.6397705078125","0","8.183411598205566","0"
"2025-06-08 16:01:20.000","-9999.0","1","-9999.0","1"
"2025-06-08 17:31:20.000","13.55438232421875","0","8.262544631958008","0"
"2025-06-08 17:46:20.000","13.173492431640625","0","8.141032218933105","0"
"2025-06-08 18:01:20.000","12.014251708984375","0","7.990725994110107","0"
"2025-06-08 18:16:20.000","11.70465087890625","0","7.9761176109313965","0"
"2025-06-08 18:31:20.000","11.57537841796875","0","8.009852409362793","0"
"2025-06-08 18:46:20.000","11.552886962890625","0","7.942899227142334","0"
"2025-06-08 19:01:20.000","15.968780517578125","0","-9999.0","1"
"2025-06-08 20:46:20.000","12.1495361328125","0","7.935236930847168","0"
"2025-06-08 21:01:20.000","12.143890380859375","0","7.954199314117432","0"
"2025-06-08 21:16:20.000","12.16644287109375","0","7.994625568389893","0"
"2025-06-08 21:31:20.000","12.1551513671875","0","7.931087017059326","0"
"2025-06-08 21:46:20.000","12.11004638671875","0","7.967187881469727","0"
"2025-06-08 22:01:20.000","12.239776611328125","0","-9999.0","1"
"2025-06-08 22:16:20.000","-9999.0","1","-9999.0","1"
"2025-06-09 00:01:20.000","15.40087890625","0","-9999.0","1"
"2025-06-09 00:16:20.000","14.663482666015625","0","-9999.0","1"
"2025-06-09 00:31:20.000","15.0430908203125","0","-9999.0","1"
"2025-06-09 00:46:20.000","15.24493408203125","0","-9999.0","1"
"2025-06-09 01:01:20.000","15.100738525390625","0","7.663215637207031","0"
"2025-06-09 01:16:20.000","15.557037353515625","0","-9999.0","1"
"2025-06-09 01:31:20.000","15.533905029296875","0","-9999.0","1"
"2025-06-09 01:46:20.000","15.591766357421875","0","-9999.0","1"
"2025-06-09 02:01:20.000","15.337310791015625","0","-9999.0","1"
"2025-06-09 02:16:20.000","15.262237548828125","0","-9999.0","1"
"2025-06-09 02:31:20.000","14.4683837890625","0","8.824987411499023","0"
"2025-06-09 02:46:20.000","14.88189697265625","0","-9999.0","1"
"2025-06-09 03:01:20.000","14.61181640625","0","8.727100372314453","0"
"2025-06-09 03:16:20.000","15.389312744140625","0","-9999.0","1"
"2025-06-09 03:31:20.000","15.008544921875","0","-9999.0","1"
"2025-06-09 03:46:20.000","-9999.0","1","-9999.0","1"
"2025-06-09 05:01:20.000","14.623291015625","0","-9999.0","1"
"2025-06-09 05:16:20.000","14.342315673828125","0","-9999.0","1"
"2025-06-09 05:31:20.000","13.497467041015625","0","-9999.0","1"
"2025-06-09 05:46:20.000","13.247314453125","0","-9999.0","1"
"2025-06-09 06:01:20.000","12.980621337890625","0","7.928247928619385","0"
"2025-06-09 06:16:20.000","12.895599365234375","0","8.03913688659668","0"
"2025-06-09 06:31:20.000","106.52493286132812","12","6.486879825592041","10"
"2025-06-09 08:16:20.000","15.72503662109375","8","8.156160354614258","8"
"2025-06-09 08:31:20.000","15.5396728515625","0","8.140010833740234","0"
"2025-06-09 08:46:20.000","15.603363037109375","0","8.127572059631348","0"
"2025-06-09 09:01:20.000","15.4818115234375","0","8.152046203613281","0"
"2025-06-09 09:16:20.000","16.0152587890625","0","8.153203964233398","0"
"2025-06-09 09:31:20.000","15.7772216796875","0","8.335014343261719","0"
"2025-06-09 09:46:20.000","-9999.0","1","7.814123630523682","8"
"2025-06-09 11:31:20.000","13.90777587890625","0","7.761451721191406","0"
"2025-06-09 11:46:20.000","13.86212158203125","0","-9999.0","1"
"2025-06-09 12:01:20.000","13.6739501953125","0","-9999.0","1"
"2025-06-09 12:16:20.000","13.40643310546875","0","-9999.0","1"
"2025-06-09 12:31:20.000","13.3609619140625","0","-9999.0","1"
"2025-06-09 12:46:20.000","13.372314453125","0","-9999.0","1"
"2025-06-09 13:01:20.000","-12.096221923828125","10","-9999.0","1"
"2025-06-09 14:46:20.000","13.42919921875","8","-9999.0","1"
"2025-06-09 15:01:20.000","13.417816162109375","0","-9999.0","1"
"2025-06-09 15:16:20.000","13.531585693359375","0","-9999.0","1"
"2025-06-09 15:31:20.000","13.63409423828125","0","-9999.0","1"
"2025-06-09 15:46:20.000","13.73095703125","0","-9999.0","1"
"2025-06-09 16:01:20.000","13.810791015625","0","-9999.0","1"
"2025-06-09 16:16:20.000","-34.451141357421875","10","-9999.0","1"
"2025-06-09 17:46:20.000","14.17059326171875","8","-9999.0","1"
"2025-06-09 18:01:20.000","14.141998291015625","0","-9999.0","1"
"2025-06-09 18:16:20.000","13.020294189453125","0","-9999.0","1"
"2025-06-09 18:31:20.000","12.61822509765625","0","-9999.0","1"
"2025-06-09 18:46:20.000","12.290557861328125","0","-9999.0","1"
"2025-06-09 19:01:20.000","12.121337890625","0","-9999.0","1"
"2025-06-09 19:16:20.000","29.20355224609375","8","-9999.0","1"
"2025-06-09 21:01:20.000","12.03680419921875","8","-9999.0","1"
"2025-06-09 21:16:20.000","12.160797119140625","0","-9999.0","1"
"2025-06-09 21:31:20.000","12.1495361328125","0","-9999.0","1"
"2025-06-09 21:46:20.000","12.064971923828125","0","-9999.0","1"
"2025-06-09 22:01:20.000","11.991729736328125","0","-9999.0","1"
"2025-06-09 22:16:20.000","11.862213134765625","0","-9999.0","1"
"2025-06-09 22:31:20.000","-9999.0","1","-9999.0","1"
"2025-06-10 00:01:20.000","13.531585693359375","0","-9999.0","1"
"2025-06-10 00:16:20.000","13.987701416015625","0","-9999.0","1"
"2025-06-10 00:31:20.000","13.468994140625","0","-9999.0","1"
"2025-06-10 00:46:20.000","14.927947998046875","0","-9999.0","1"
"2025-06-10 01:01:20.000","14.130584716796875","0","-9999.0","1"
"2025-06-10 01:16:20.000","15.279571533203125","0","-9999.0","1"
"2025-06-10 01:31:20.000","14.21636962890625","0","-9999.0","1"
"2025-06-10 01:46:20.000","14.0562744140625","0","-9999.0","1"
"2025-06-10 02:01:20.000","13.63409423828125","0","-9999.0","1"
"2025-06-10 02:16:20.000","13.924896240234375","0","-9999.0","1"
"2025-06-10 02:31:20.000","14.6405029296875","0","-9999.0","1"
"2025-06-10 02:46:20.000","14.588836669921875","0","-9999.0","1"
"2025-06-10 03:01:20.000","14.985504150390625","0","-9999.0","1"
"2025-06-10 03:16:20.000","15.603363037109375","0","-9999.0","1"
"2025-06-10 03:31:20.000","15.643890380859375","0","-9999.0","1"
"2025-06-10 03:46:20.000","-9999.0","1","-9999.0","1"
"2025-06-10 05:01:20.000","14.3594970703125","0","-9999.0","1"
"2025-06-10 05:16:20.000","12.90692138671875","0","-9999.0","1"
"2025-06-10 05:31:20.000","14.1534423828125","0","-9999.0","1"
"2025-06-10 05:46:20.000","13.26434326171875","0","-9999.0","1"
"2025-06-10 06:01:20.000","13.338226318359375","0","8.690577507019043","0"
"2025-06-10 06:16:20.000","13.09405517578125","0","8.04134750366211","8"
"2025-06-10 06:31:20.000","-9999.0","1","-9999.0","1"
"2025-06-10 08:16:20.000","15.060394287109375","0","8.769628524780273","0"
"2025-06-10 08:31:20.000","15.002777099609375","0","-9999.0","1"
"2025-06-10 08:46:20.000","14.96246337890625","0","8.083904266357422","0"
"2025-06-10 09:01:20.000","15.060394287109375","0","8.244712829589844","0"
"2025-06-10 09:16:20.000","14.910675048828125","0","-9999.0","1"
"2025-06-10 09:31:20.000","14.7496337890625","0","7.785157680511475","0"
"2025-06-10 09:46:20.000","14.227813720703125","0","-9999.0","1"
"2025-06-10 11:16:20.000","13.53729248046875","0","8.086167335510254","0"
"2025-06-10 11:31:20.000","13.525909423828125","0","8.066508293151855","0"
"2025-06-10 11:46:20.000","13.50885009765625","0","8.161371231079102","0"
"2025-06-10 12:01:20.000","13.59991455078125","0","8.12939167022705","0"
"2025-06-10 12:16:20.000","13.49176025390625","0","8.085466384887695","0"
"2025-06-10 12:31:20.000","-6.0557861328125","10","7.63200044631958","0"
"2025-06-10 14:01:20.000","13.46331787109375","8","8.311248779296875","8"
"2025-06-10 14:16:20.000","13.525909423828125","0","8.216848373413086","0"
"2025-06-10 14:31:20.000","13.4405517578125","0","8.190038681030273","0"
"2025-06-10 14:46:20.000","13.56005859375","0","7.961022853851318","0"
"2025-06-10 15:01:20.000","13.5145263671875","0","8.18582534790039","0"
"2025-06-10 15:16:20.000","13.468994140625","0","8.362900733947754","0"
"2025-06-10 15:31:20.000","-6.026031494140625","10","-9999.0","1"
"2025-06-10 17:16:20.000","14.004852294921875","8","7.972745418548584","0"
"2025-06-10 17:31:20.000","14.107696533203125","0","8.336417198181152","0"
"2025-06-10 17:46:20.000","14.210662841796875","0","9.064878463745117","12"
"2025-06-10 18:01:20.000","14.8013916015625","0","-9999.0","1"
"2025-06-10 18:16:20.000","14.21636962890625","0","-9999.0","1"
"2025-06-10 18:31:20.000","14.147735595703125","0","-9999.0","1"
"2025-06-10 18:46:20.000","-0.8182373046875","10","-9999.0","1"
"2025-06-10 20:31:20.000","12.29620361328125","8","-9999.0","1"
"2025-06-10 20:46:20.000","12.143890380859375","0","-9999.0","1"
"2025-06-10 21:01:20.000","11.744049072265625","0","-9999.0","1"
"2025-06-10 21:16:20.000","11.789031982421875","0","-9999.0","1"
"2025-06-10 21:31:20.000","11.69903564453125","0","-9999.0","1"
"2025-06-10 21:46:20.000","11.77215576171875","0","-9999.0","1"
"2025-06-10 22:01:20.000","-9999.0","1","-9999.0","1"
"2025-06-10 23:46:20.000","11.4573974609375","0","-9999.0","1"
"2025-06-11 00:01:20.000","11.710296630859375","0","-9999.0","1"
"2025-06-11 00:16:20.000","12.974945068359375","0","-9999.0","1"
"2025-06-11 00:31:20.000","12.8729248046875","0","-9999.0","1"
"2025-06-11 00:46:20.000","13.167816162109375","0","-9999.0","1"
"2025-06-11 01:01:20.000","13.833587646484375","0","-9999.0","1"
"2025-06-11 01:16:20.000","13.662567138671875","0","-9999.0","1"
"2025-06-11 01:31:20.000","13.9991455078125","0","-9999.0","1"
"2025-06-11 01:46:20.000","13.679656982421875","0","-9999.0","1"
"2025-06-11 02:01:20.000","13.6397705078125","0","-9999.0","1"
"2025-06-11 02:16:20.000","13.9420166015625","0","-9999.0","1"
"2025-06-11 02:31:20.000","13.66827392578125","0","-9999.0","1"
"2025-06-11 02:46:20.000","13.68536376953125","0","-9999.0","1"
"2025-06-11 03:01:20.000","13.765167236328125","0","-9999.0","1"
"2025-06-11 03:16:20.000","13.5771484375","0","-9999.0","1"
"2025-06-11 03:31:20.000","13.468994140625","0","8.180919647216797","0"
"2025-06-11 03:46:20.000","-9999.0","1","-9999.0","1"
"2025-06-11 05:01:20.000","13.446258544921875","0","7.822986125946045","0"
"2025-06-11 05:16:20.000","13.679656982421875","0","-9999.0","1"
"2025-06-11 05:31:20.000","13.66827392578125","0","-9999.0","1"
"2025-06-11 05:46:20.000","13.46331787109375","0","-9999.0","1"
"2025-06-11 06:01:20.000","13.0543212890625","0","-9999.0","1"
"2025-06-11 06:16:20.000","13.014617919921875","0","-9999.0","1"
"2025-06-11 06:31:20.000","100.23898315429688","12","-9999.0","1"
"2025-06-11 08:16:20.000","12.7540283203125","8","7.914980411529541","0"
"2025-06-11 08:31:20.000","13.919189453125","0","8.155723571777344","0"
"2025-06-11 08:46:20.000","14.33087158203125","0","8.566803932189941","0"
"2025-06-11 09:01:20.000","14.307952880859375","0","-9999.0","1"
"2025-06-11 09:16:20.000","14.279327392578125","0","-9999.0","1"
"2025-06-11 09:31:20.000","14.17059326171875","0","-9999.0","1"
"2025-06-11 09:46:20.000","-9999.0","1","-9999.0","1"
"2025-06-11 11:01:20.000","13.913482666015625","0","-9999.0","1"
"2025-06-11 11:16:20.000","13.5145263671875","0","-9999.0","1"
"2025-06-11 11:31:20.000","13.503143310546875","0","-9999.0","1"
"2025-06-11 11:46:20.000","13.75946044921875","0","-9999.0","1"
"2025-06-11 12:01:20.000","13.6568603515625","0","-9999.0","1"
"2025-06-11 12:16:20.000","13.5771484375","0","14.484665870666504","4"
"2025-06-11 12:31:20.000","-13.308990478515625","10","-9999.0","1"
"2025-06-11 14:16:20.000","14.26788330078125","8","8.283309936523438","0"
"2025-06-11 14:31:20.000","13.95916748046875","0","8.25570011138916","0"
"2025-06-11 14:46:20.000","14.113433837890625","0","8.095120429992676","0"
"2025-06-11 15:01:20.000","14.03912353515625","0","8.17119026184082","0"
"2025-06-11 15:16:20.000","13.70245361328125","0","8.073665618896484","0"
"2025-06-11 15:31:20.000","13.611297607421875","0","8.432807922363281","0"
"2025-06-11 15:46:20.000","114.15609741210938","12","-9999.0","1"
"2025-06-11 17:31:20.000","14.050537109375","8","-9999.0","1"
"2025-06-11 17:46:20.000","14.1534423828125","0","-9999.0","1"
"2025-06-11 18:01:20.000","14.4569091796875","0","-9999.0","1"
"2025-06-11 18:16:20.000","14.428253173828125","0","-9999.0","1"
"2025-06-11 18:31:20.000","14.336578369140625","0","-9999.0","1"
"2025-06-11 18:46:20.000","14.21636962890625","0","-9999.0","1"
"2025-06-11 19:01:20.000","14.646240234375","0","-9999.0","1"
"2025-06-11 20:31:20.000","12.60125732421875","0","-9999.0","1"
"2025-06-11 20:46:20.000","12.578643798828125","0","-9999.0","1"
"2025-06-11 21:01:20.000","12.380889892578125","0","-9999.0","1"
"2025-06-11 21:16:20.000","12.2623291015625","0","-9999.0","1"
"2025-06-11 21:31:20.000","11.957916259765625","0","-9999.0","1"
"2025-06-11 21:46:20.000","12.1551513671875","0","-9999.0","1"
"2025-06-11 22:01:20.000","-9999.0","1","-9999.0","1"
"2025-06-11 23:46:20.000","11.991729736328125","0","-9999.0","1"
"2025-06-12 00:01:20.000","12.00299072265625","0","-9999.0","1"
"2025-06-12 00:16:20.000","11.96356201171875","0","-9999.0","1"
"2025-06-12 00:31:20.000","11.87347412109375","0","-9999.0","1"
"2025-06-12 00:46:20.000","11.9410400390625","0","-9999.0","1"
"2025-06-12 01:01:20.000","12.11004638671875","0","-9999.0","1"
"2025-06-12 01:16:20.000","12.132598876953125","0","-9999.0","1"
"2025-06-12 01:31:20.000","12.16644287109375","0","-9999.0","1"
"2025-06-12 01:46:20.000","12.804962158203125","0","-9999.0","1"
"2025-06-12 02:01:20.000","12.895599365234375","0","-9999.0","1"
"2025-06-12 02:16:20.000","13.122406005859375","0","-9999.0","1"
"2025-06-12 02:31:20.000","12.646514892578125","0","-9999.0","1"
"2025-06-12 02:46:20.000","12.476898193359375","0","-9999.0","1"
"2025-06-12 03:01:20.000","12.493865966796875","0","-9999.0","1"
"2025-06-12 03:16:20.000","12.465606689453125","0","-9999.0","1"
"2025-06-12 03:31:20.000","12.290557861328125","0","-9999.0","1"
"2025-06-12 03:46:20.000","-9999.0","1","-9999.0","1"
"2025-06-12 04:46:20.000","12.34136962890625","0","-9999.0","1"
"2025-06-12 05:01:20.000","12.301849365234375","0","-9999.0","1"
"2025-06-12 05:16:20.000","12.313140869140625","0","-9999.0","1"
"2025-06-12 05:31:20.000","12.313140869140625","0","-9999.0","1"
"2025-06-12 05:46:20.000","12.330078125","0","-9999.0","1"
"2025-06-12 06:01:20.000","12.284912109375","0","-9999.0","1"
"2025-06-12 06:16:20.000","-9999.0","1","-9999.0","1"
"2025-06-12 07:46:20.000","11.957916259765625","0","-9999.0","1"
"2025-06-12 08:01:20.000","11.805938720703125","0","-9999.0","1"
"2025-06-12 08:16:20.000","11.59222412109375","0","-9999.0","1"
"2025-06-12 08:31:20.000","11.69903564453125","0","-9999.0","1"
"2025-06-12 08:46:20.000","11.744049072265625","0","-9999.0","1"
"2025-06-12 09:01:20.000","11.744049072265625","0","-9999.0","1"
"2025-06-12 09:16:20.000","-9999.0","1","-9999.0","1"
"2025-06-12 10:31:20.000","13.75946044921875","0","-9999.0","1"
"2025-06-12 10:46:20.000","13.662567138671875","0","-9999.0","1"
"2025-06-12 11:01:20.000","13.565765380859375","0","-9999.0","1"
"2025-06-12 11:16:20.000","13.679656982421875","0","-9999.0","1"
"2025-06-12 11:31:20.000","13.3211669921875","0","-9999.0","1"
"2025-06-12 11:46:20.000","12.991943359375","0","-9999.0","1"
"2025-06-12 12:01:20.000","-9999.0","1","-9999.0","1"
"2025-06-12 13:31:20.000","12.380889892578125","0","-9999.0","1"
"2025-06-12 13:46:20.000","12.31878662109375","0","-9999.0","1"
"2025-06-12 14:01:20.000","12.358306884765625","0","-9999.0","1"
"2025-06-12 14:16:20.000","12.335723876953125","0","-9999.0","1"
"2025-06-12 14:31:20.000","12.42041015625","0","-9999.0","1"
"2025-06-12 14:46:20.000","12.465606689453125","0","-9999.0","1"
"2025-06-12 15:01:20.000","12.43170166015625","0","-9999.0","1"
"2025-06-12 15:16:20.000","45.997802734375","12","-9999.0","1"
"2025-06-12 16:46:20.000","12.8729248046875","8","-9999.0","1"
"2025-06-12 17:01:20.000","12.77667236328125","0","7.927867889404297","0"
"2025-06-12 17:16:20.000","12.714385986328125","0","7.958354949951172","0"
"2025-06-12 17:31:20.000","12.6917724609375","0","8.128700256347656","0"
"2025-06-12 17:46:20.000","12.74835205078125","0","7.9160027503967285","0"
"2025-06-12 18:01:20.000","12.810638427734375","0","8.087485313415527","0"
"2025-06-12 18:16:20.000","-9999.0","1","-9999.0","1"
"2025-06-12 19:46:20.000","12.963592529296875","0","8.153000831604004","0"
"2025-06-12 20:01:20.000","11.80029296875","0","8.11698055267334","0"
"2025-06-12 20:16:20.000","12.048065185546875","0","8.028608322143555","0"
"2025-06-12 20:31:20.000","11.530426025390625","0","8.048372268676758","0"
"2025-06-12 20:46:20.000","11.5079345703125","0","8.021119117736816","0"
"2025-06-12 21:01:20.000","11.4237060546875","0","8.02603530883789","0"
"2025-06-12 21:16:20.000","-9999.0","1","-9999.0","1"
"2025-06-12 22:46:20.000","11.154388427734375","0","7.980274677276611","0"
"2025-06-12 23:01:20.000","11.238494873046875","0","7.816119194030762","0"
"2025-06-12 23:16:20.000","11.154388427734375","0","7.978410243988037","0"
"2025-06-12 23:31:20.000","11.09271240234375","0","8.00140380859375","0"
"2025-06-12 23:46:20.000","11.109527587890625","0","7.878139495849609","0"
"2025-06-13 00:01:20.000","11.09271240234375","0","7.945826530456543","0"
"2025-06-13 00:16:20.000","11.053466796875","0","7.958255290985107","0"
"2025-06-13 00:31:20.000","11.047882080078125","0","7.924850940704346","0"
"2025-06-13 00:46:20.000","11.05908203125","0","7.914586544036865","0"
"2025-06-13 01:01:20.000","11.064697265625","0","7.883936882019043","0"
"2025-06-13 01:16:20.000","11.064697265625","0","7.913698673248291","0"
"2025-06-13 01:31:20.000","11.098297119140625","0","7.955631256103516","0"
"2025-06-13 01:46:20.000","11.27777099609375","0","8.005162239074707","0"
"2025-06-13 02:01:20.000","11.530426025390625","0","7.980020046234131","0"
"2025-06-13 02:16:20.000","11.4854736328125","0","7.95936918258667","0"
"2025-06-13 02:31:20.000","11.58099365234375","0","8.029269218444824","0"
"2025-06-13 02:46:20.000","11.541656494140625","0","7.933021545410156","0"
"2025-06-13 03:01:20.000","11.58660888671875","0","7.877928256988525","0"
"2025-06-13 03:16:20.000","11.58660888671875","0","7.9475884437561035","0"
"2025-06-13 03:31:20.000","11.59222412109375","0","7.98485803604126","0"
"2025-06-13 03:46:20.000","45.224151611328125","12","8.266178131103516","0"
"2025-06-13 04:46:20.000","11.552886962890625","8","8.032958984375","0"
"2025-06-13 05:01:20.000","11.558502197265625","0","7.992044448852539","0"
"2025-06-13 05:16:20.000","11.5191650390625","0","7.9682817459106445","0"
"2025-06-13 05:31:20.000","11.530426025390625","0","7.939126491546631","0"
"2025-06-13 05:46:20.000","11.552886962890625","0","8.0654296875","0"
"2025-06-13 06:01:20.000","11.558502197265625","0","8.971694946289062","8"
"2025-06-13 06:16:20.000","-15.724273681640625","10","-9999.0","1"
"2025-06-13 07:46:20.000","11.620330810546875","8","7.97582483291626","0"
"2025-06-13 08:01:20.000","11.620330810546875","0","7.916042327880859","0"
"2025-06-13 08:16:20.000","11.5191650390625","0","8.051755905151367","0"
"2025-06-13 08:31:20.000","11.3956298828125","0","7.889042377471924","0"
"2025-06-13 08:46:20.000","11.238494873046875","0","7.947536468505859","0"
"2025-06-13 09:01:20.000","11.227264404296875","0","7.936991214752197","0"
"2025-06-13 09:16:20.000","-9999.0","1","-9999.0","1"
"2025-06-13 10:46:20.000","12.00860595703125","0","8.043997764587402","0"
"2025-06-13 11:01:20.000","12.0255126953125","0","8.024704933166504","0"
"2025-06-13 11:16:20.000","11.867828369140625","0","8.022198677062988","0"
"2025-06-13 11:31:20.000","11.77215576171875","0","7.958011627197266","0"
"2025-06-13 11:46:20.000","11.87347412109375","0","7.991870880126953","0"
"2025-06-13 12:01:20.000","12.0931396484375","0","7.968931674957275","0"
"2025-06-13 12:16:20.000","13.031646728515625","0","7.993228912353516","0"
"2025-06-13 13:46:20.000","12.172088623046875","0","7.981696128845215","0"
"2025-06-13 14:01:20.000","12.228485107421875","0","8.01458740234375","0"
"2025-06-13 14:16:20.000","12.31878662109375","0","7.964476585388184","0"
"2025-06-13 14:31:20.000","12.34136962890625","0","8.067464828491211","0"
"2025-06-13 14:46:20.000","12.3074951171875","0","8.10604476928711","0"
"2025-06-13 15:01:20.000","12.2623291015625","0","8.098374366760254","0"
"2025-06-13 15:16:20.000","12.16644287109375","0","8.055573463439941","0"
"2025-06-13 15:31:20.000","-9999.0","1","-9999.0","1"
"2025-06-13 17:01:20.000","12.392181396484375","0","8.113673210144043","0"
"2025-06-13 17:16:20.000","12.42041015625","0","8.06291675567627","0"
"2025-06-13 17:31:20.000","12.4599609375","0","8.128567695617676","0"
"2025-06-13 17:46:20.000","12.4825439453125","0","8.103455543518066","0"
"2025-06-13 18:01:20.000","12.533416748046875","0","8.136948585510254","0"
"2025-06-13 18:16:20.000","12.589935302734375","0","7.998651027679443","0"
"2025-06-13 18:31:20.000","-9999.0","1","-9999.0","1"
"2025-06-13 20:01:20.000","12.7257080078125","0","8.19815731048584","0"
"2025-06-13 20:16:20.000","12.737030029296875","0","8.140813827514648","0"
"2025-06-13 20:31:20.000","11.890350341796875","0","8.151989936828613","0"
"2025-06-13 20:46:20.000","11.929779052734375","0","8.148594856262207","0"
"2025-06-13 21:01:20.000","11.620330810546875","0","8.082684516906738","0"
"2025-06-13 21:16:20.000","11.4798583984375","0","8.004199981689453","0"
"2025-06-13 21:31:20.000","-9999.0","1","6.907851219177246","10"
"2025-06-13 23:01:20.000","11.244110107421875","0","8.014670372009277","8"
"2025-06-13 23:16:20.000","11.103912353515625","0","7.983835220336914","0"
"2025-06-13 23:31:20.000","10.835052490234375","0","7.931645393371582","0"
"2025-06-13 23:46:20.000","10.795867919921875","0","7.939090728759766","0"
"2025-06-14 00:01:20.000","10.9078369140625","0","7.892913341522217","0"
"2025-06-14 00:16:20.000","10.980621337890625","0","8.01352596282959","0"
"2025-06-14 00:31:20.000","10.97503662109375","0","7.960508823394775","0"
"2025-06-14 00:46:20.000","10.986236572265625","0","7.946375846862793","0"
"2025-06-14 01:01:20.000","10.980621337890625","0","7.972712993621826","0"
"2025-06-14 01:16:20.000","11.02545166015625","0","7.986411094665527","0"
"2025-06-14 01:31:20.000","11.008636474609375","0","8.012044906616211","0"
"2025-06-14 01:46:20.000","11.0030517578125","0","7.941762447357178","0"
"2025-06-14 02:01:20.000","11.0030517578125","0","8.095853805541992","0"
"2025-06-14 02:16:20.000","10.9974365234375","0","8.119467735290527","0"
"2025-06-14 02:31:20.000","10.9974365234375","0","7.988422393798828","0"
"2025-06-14 02:46:20.000","11.7384033203125","0","8.067489624023438","0"
"2025-06-14 03:01:20.000","11.7327880859375","0","8.134015083312988","0"
"2025-06-14 03:16:20.000","12.51080322265625","0","8.170452117919922","0"
"2025-06-14 03:31:20.000","12.9522705078125","0","8.167339324951172","0"
"2025-06-14 03:46:20.000","-9999.0","1","7.126744747161865","8"
"2025-06-14 04:46:20.000","12.47125244140625","0","8.127535820007324","8"
"2025-06-14 05:01:20.000","12.629547119140625","0","8.178581237792969","0"
"2025-06-14 05:16:20.000","12.56732177734375","0","8.251017570495605","0"
"2025-06-14 05:31:20.000","12.708740234375","0","8.344841003417969","0"
"2025-06-14 05:46:20.000","12.8446044921875","0","8.301570892333984","0"
"2025-06-14 06:01:20.000","12.737030029296875","0","8.416106224060059","0"
"2025-06-14 06:16:20.000","-9999.0","1","-9999.0","1"
"2025-06-14 07:46:20.000","12.47125244140625","0","8.237876892089844","0"
"2025-06-14 08:01:20.000","12.267974853515625","0","8.177398681640625","0"
"2025-06-14 08:16:20.000","12.0875244140625","0","8.187666893005371","0"
"2025-06-14 08:31:20.000","11.991729736328125","0","8.114847183227539","0"
"2025-06-14 08:46:20.000","11.991729736328125","0","8.107779502868652","0"
"2025-06-14 09:01:20.000","11.9466552734375","0","8.158061981201172","0"
"2025-06-14 09:16:20.000","11.642822265625","0","8.128381729125977","0"
"2025-06-14 09:31:20.000","45.275238037109375","12","7.274306297302246","8"
"2025-06-14 10:46:20.000","11.552886962890625","8","8.016579627990723","8"
"2025-06-14 11:01:20.000","11.715911865234375","0","8.03154468536377","0"
"2025-06-14 11:16:20.000","12.00860595703125","0","8.170814514160156","0"
"2025-06-14 11:31:20.000","12.16644287109375","0","8.109219551086426","0"
"2025-06-14 11:46:20.000","12.183349609375","0","8.143539428710938","0"
"2025-06-14 12:01:20.000","-9999.0","1","-9999.0","1"
"2025-06-14 13:31:20.000","12.183349609375","0","8.147682189941406","0"
"2025-06-14 13:46:20.000","12.27362060546875","0","8.125238418579102","0"
"2025-06-14 14:01:20.000","12.177734375","0","8.061164855957031","0"
"2025-06-14 14:16:20.000","12.34136962890625","0","8.05325984954834","0"
"2025-06-14 14:31:20.000","12.43170166015625","0","8.174174308776855","0"
"2025-06-14 14:46:20.000","12.49951171875","0","8.19434642791748","0"
"2025-06-14 15:01:20.000","12.612579345703125","0","8.215340614318848","0"
"2025-06-14 15:16:20.000","144.83340454101562","12","5.707378387451172","10"
"2025-06-14 16:46:20.000","12.63519287109375","8","8.191685676574707","8"
"2025-06-14 17:01:20.000","12.61822509765625","0","8.180578231811523","0"
"2025-06-14 17:16:20.000","12.56732177734375","0","8.146419525146484","0"
"2025-06-14 17:31:20.000","12.578643798828125","0","8.261068344116211","0"
"2025-06-14 17:46:20.000","12.5560302734375","0","8.171640396118164","0"
"2025-06-14 18:01:20.000","12.533416748046875","0","8.180351257324219","0"
"2025-06-14 18:16:20.000","-9999.0","1","7.837757110595703","0"
"2025-06-14 19:46:20.000","12.929595947265625","0","8.186078071594238","0"
"2025-06-14 20:01:20.000","13.0543212890625","0","8.175095558166504","0"
"2025-06-14 20:16:20.000","12.88427734375","0","8.183961868286133","0"
"2025-06-14 20:31:20.000","12.88427734375","0","8.223523139953613","0"
"2025-06-14 20:46:20.000","12.867279052734375","0","8.149924278259277","0"
"2025-06-14 21:01:20.000","12.8162841796875","0","8.071748733520508","0"
"2025-06-14 21:16:20.000","-9999.0","1","7.643073558807373","0"
"2025-06-14 22:46:20.000","11.4349365234375","0","7.84226131439209","0"
"2025-06-14 23:01:20.000","11.3507080078125","0","8.03235912322998","0"
"2025-06-14 23:16:20.000","11.3843994140625","0","7.875138282775879","0"
"2025-06-14 23:31:20.000","11.4461669921875","0","8.053329467773438","0"
"2025-06-14 23:46:20.000","11.317047119140625","0","7.935036659240723","0"
"2025-06-15 00:01:21.000","11.176788330078125","0","7.997334957122803","0"
"2025-06-15 00:16:21.000","10.991851806640625","0","8.03707218170166","0"
"2025-06-15 00:31:21.000","10.88543701171875","0","7.844540596008301","0"
"2025-06-15 00:46:21.000","10.812652587890625","0","7.898685455322266","0"
"2025-06-15 01:01:21.000","10.544158935546875","0","7.871493339538574","0"
"2025-06-15 01:16:21.000","10.527374267578125","0","7.942515850067139","0"
"2025-06-15 01:31:21.000","10.488250732421875","0","7.895850658416748","0"
"2025-06-15 01:46:21.000","10.516204833984375","0","7.873159408569336","0"
"2025-06-15 02:01:21.000","10.57769775390625","0","7.787756443023682","0"
"2025-06-15 02:16:21.000","10.689544677734375","0","7.913593292236328","0"
"2025-06-15 02:31:21.000","10.63360595703125","0","7.912383079528809","0"
"2025-06-15 02:46:21.000","10.628021240234375","0","7.966513156890869","0"
"2025-06-15 03:01:21.000","11.17120361328125","0","7.933528900146484","0"
"2025-06-15 03:16:21.000","11.294586181640625","0","6.838581562042236","10"
"2025-06-15 03:31:21.000","11.27777099609375","0","8.41251277923584","8"
"2025-06-15 03:46:21.000","37.104339599609375","12","-9999.0","1"
"2025-06-15 04:46:21.000","11.625946044921875","8","7.925095081329346","0"
"2025-06-15 05:01:21.000","11.4854736328125","0","7.929892063140869","0"
"2025-06-15 05:16:21.000","11.4967041015625","0","7.957208156585693","0"
"2025-06-15 05:31:21.000","11.4967041015625","0","8.006357192993164","0"
"2025-06-15 05:46:21.000","11.4742431640625","0","7.969931125640869","0"
"2025-06-15 06:01:21.000","11.244110107421875","0","7.991053581237793","0"
"2025-06-15 06:16:21.000","-9999.0","1","-9999.0","1"
"2025-06-15 07:46:21.000","11.4686279296875","0","7.9682416915893555","0"
"2025-06-15 08:01:21.000","11.4854736328125","0","8.052695274353027","0"
"2025-06-15 08:16:21.000","11.4686279296875","0","7.789184093475342","0"
"2025-06-15 08:31:21.000","11.4910888671875","0","8.026382446289062","0"
"2025-06-15 08:46:21.000","11.5023193359375","0","7.996419429779053","0"
"2025-06-15 09:01:21.000","11.5079345703125","0","7.970085620880127","0"
"2025-06-15 09:16:21.000","11.5135498046875","0","8.01543140411377","0"
"2025-06-15 10:13:54.000","-9999.0","1","-9999.0","1"
"2025-06-15 10:46:21.000","11.322662353515625","0","7.9778828620910645","0"
"2025-06-15 11:01:21.000","11.26092529296875","0","7.890435695648193","0"
"2025-06-15 11:16:21.000","11.227264404296875","0","7.945260524749756","0"
"2025-06-15 11:31:21.000","11.204833984375","0","7.914453506469727","0"
"2025-06-15 11:46:21.000","11.305816650390625","0","7.890716552734375","0"
"2025-06-15 12:01:21.000","11.3563232421875","0","7.973883152008057","0"
"2025-06-15 13:31:21.000","11.87908935546875","0","8.087657928466797","0"
"2025-06-15 13:46:21.000","11.80029296875","0","8.149646759033203","0"
"2025-06-15 14:01:21.000","11.755279541015625","0","8.05614185333252","0"
"2025-06-15 14:16:21.000","11.744049072265625","0","8.06669807434082","0"
"2025-06-15 14:31:21.000","11.76092529296875","0","8.07072925567627","0"
"2025-06-15 14:46:21.000","11.77215576171875","0","8.012027740478516","0"
"2025-06-15 15:01:21.000","11.794677734375","0","8.029047012329102","0"
"2025-06-15 16:31:21.000","12.335723876953125","0","8.076135635375977","0"
"2025-06-15 16:46:21.000","12.578643798828125","0","8.197381973266602","0"
"2025-06-15 17:01:21.000","12.663482666015625","0","8.147717475891113","0"
"2025-06-15 17:16:21.000","12.60125732421875","0","8.06584358215332","0"
"2025-06-15 17:31:21.000","12.488189697265625","0","8.041986465454102","0"
"2025-06-15 17:46:21.000","12.488189697265625","0","8.254343032836914","0"
"2025-06-15 18:01:21.000","12.646514892578125","0","8.230223655700684","0"
"2025-06-15 18:16:21.000","37.137725830078125","12","-9999.0","1"
"2025-06-15 19:46:21.000","13.07135009765625","8","8.168993949890137","0"
"2025-06-15 20:01:21.000","13.179168701171875","0","8.556201934814453","0"
"2025-06-15 20:16:21.000","13.23028564453125","0","8.172871589660645","0"
"2025-06-15 20:31:21.000","13.389373779296875","0","8.247297286987305","0"
"2025-06-15 20:46:21.000","13.503143310546875","0","8.368509292602539","0"
"2025-06-15 21:01:21.000","13.66827392578125","0","8.09698486328125","0"
"2025-06-15 21:16:21.000","-9999.0","1","-9999.0","1"
"2025-06-15 22:46:21.000","12.143890380859375","0","7.959929466247559","0"
"2025-06-15 23:01:21.000","12.04241943359375","0","8.053041458129883","0"
"2025-06-15 23:16:21.000","11.70465087890625","0","8.1231107711792","0"
"2025-06-15 23:31:21.000","11.569732666015625","0","8.08147144317627","0"
"2025-06-15 23:46:21.000","11.614715576171875","0","8.090770721435547","0"
"2025-06-16 00:01:20.000","11.625946044921875","0","8.021332740783691","0"
"2025-06-16 00:16:20.000","11.524810791015625","0","7.941028118133545","0"
"2025-06-16 00:31:20.000","11.4854736328125","0","8.013236045837402","0"
"2025-06-16 00:46:20.000","11.4630126953125","0","8.021076202392578","0"
"2025-06-16 01:01:20.000","11.4124755859375","0","8.045202255249023","0"
"2025-06-16 01:16:20.000","11.3507080078125","0","8.026446342468262","0"
"2025-06-16 01:31:20.000","11.311431884765625","0","8.121920585632324","0"
"2025-06-16 01:46:20.000","11.300201416015625","0","8.017666816711426","0"
"2025-06-16 02:01:20.000","11.25531005859375","0","8.035859107971191","0"
"2025-06-16 02:16:20.000","11.244110107421875","0","7.985353469848633","0"
"2025-06-16 02:31:20.000","11.216064453125","0","8.02192211151123","0"
"2025-06-16 02:46:20.000","11.154388427734375","0","8.063606262207031","0"
"2025-06-16 03:01:20.000","11.154388427734375","0","8.045917510986328","0"
"2025-06-16 03:16:20.000","11.1263427734375","0","7.932524681091309","0"
"2025-06-16 03:31:20.000","11.098297119140625","0","8.041370391845703","0"
"2025-06-16 03:46:20.000","-9999.0","1","-9999.0","1"
"2025-06-16 04:46:20.000","11.530426025390625","0","8.136630058288574","0"
"2025-06-16 05:01:20.000","11.3619384765625","0","8.022858619689941","0"
"2025-06-16 05:16:20.000","11.5079345703125","0","8.243101119995117","0"
"2025-06-16 05:31:20.000","11.28900146484375","0","7.923965930938721","0"
"2025-06-16 05:46:20.000","11.3507080078125","0","8.083295822143555","0"
"2025-06-16 06:01:20.000","11.3731689453125","0","7.935957431793213","0"
"2025-06-16 06:16:20.000","30.32989501953125","12","7.57442045211792","0"
"2025-06-16 07:46:20.000","11.58099365234375","8","8.075153350830078","8"
"2025-06-16 08:01:20.000","11.4967041015625","0","8.062582969665527","0"
"2025-06-16 08:16:20.000","11.4967041015625","0","7.936175346374512","0"
"2025-06-16 08:31:20.000","11.5135498046875","0","7.9726104736328125","0"
"2025-06-16 08:46:20.000","11.682159423828125","0","8.072863578796387","0"
"2025-06-16 09:01:20.000","11.68780517578125","0","7.987462997436523","0"
"2025-06-16 09:16:20.000","11.4967041015625","0","8.026178359985352","0"
"2025-06-16 09:31:20.000","156.88302612304688","12","-9999.0","1"
"2025-06-16 11:01:20.000","11.4517822265625","8","7.952037811279297","0"
"2025-06-16 11:16:20.000","11.5191650390625","0","8.064746856689453","0"
"2025-06-16 11:31:20.000","11.5023193359375","0","8.038558959960938","0"
"2025-06-16 11:46:20.000","11.4012451171875","0","7.970367431640625","0"
"2025-06-16 12:01:20.000","11.4630126953125","0","8.061393737792969","0"
"2025-06-16 12:16:20.000","11.4630126953125","0","7.962148666381836","0"
"2025-06-16 12:31:20.000","128.68276977539062","12","-9999.0","1"
"2025-06-16 14:01:20.000","12.66912841796875","8","8.214716911315918","0"
"2025-06-16 14:16:20.000","12.58428955078125","0","8.221965789794922","0"
"2025-06-16 14:31:20.000","12.3074951171875","0","8.195140838623047","0"
"2025-06-16 14:46:20.000","12.3074951171875","0","8.045273780822754","0"
"2025-06-16 15:01:20.000","12.448638916015625","0","8.179523468017578","0"
"2025-06-16 15:16:20.000","12.29620361328125","0","8.185343742370605","0"
"2025-06-16 15:31:20.000","101.46017456054688","12","-9999.0","1"
"2025-06-16 17:01:20.000","12.414764404296875","8","8.326080322265625","0"
"2025-06-16 17:16:20.000","12.4599609375","0","8.29343032836914","0"
"2025-06-16 17:31:20.000","12.488189697265625","0","8.14135456085205","0"
"2025-06-16 17:46:20.000","12.60125732421875","0","8.361556053161621","0"
"2025-06-16 18:01:20.000","12.629547119140625","0","8.155946731567383","0"
"2025-06-16 18:16:20.000","12.674774169921875","0","8.175408363342285","0"
"2025-06-16 18:31:20.000","-9999.0","1","-9999.0","1"
"2025-06-16 20:01:20.000","13.184844970703125","0","8.307040214538574","0"
"2025-06-16 20:16:20.000","13.173492431640625","0","7.425978183746338","8"
"2025-06-16 20:31:20.000","13.201873779296875","0","8.195172309875488","8"
"2025-06-16 20:46:20.000","13.2359619140625","0","8.162073135375977","0"
"2025-06-16 21:01:20.000","13.30413818359375","0","8.160456657409668","0"
"2025-06-16 21:16:20.000","13.32684326171875","0","8.106698989868164","0"
"2025-06-16 21:31:20.000","13.338226318359375","0","8.175172805786133","0"
"2025-06-16 21:46:20.000","45.7381591796875","12","-9999.0","1"
"2025-06-16 23:16:20.000","11.199249267578125","8","8.08743953704834","0"
"2025-06-16 23:31:20.000","10.868621826171875","0","8.037276268005371","0"
"2025-06-16 23:46:20.000","10.655975341796875","0","7.917757511138916","0"
"2025-06-17 00:01:20.000","10.70074462890625","0","8.065207481384277","0"
"2025-06-17 00:16:20.000","10.76788330078125","0","7.958413600921631","0"
"2025-06-17 00:31:20.000","10.795867919921875","0","8.004293441772461","0"
"2025-06-17 00:46:20.000","10.756683349609375","0","8.025762557983398","0"
"2025-06-17 01:01:20.000","10.717529296875","0","7.9492950439453125","0"
"2025-06-17 01:16:20.000","10.655975341796875","0","7.876927852630615","0"
"2025-06-17 01:31:20.000","10.6224365234375","0","7.912613391876221","0"
"2025-06-17 01:46:20.000","10.6168212890625","0","7.968513011932373","0"
"2025-06-17 02:01:20.000","10.706329345703125","0","8.019577980041504","0"
"2025-06-17 02:16:20.000","10.72869873046875","0","7.980668067932129","0"
"2025-06-17 02:31:20.000","10.76788330078125","0","7.9227375984191895","0"
"2025-06-17 02:46:20.000","10.807037353515625","0","8.020334243774414","0"
"2025-06-17 03:01:20.000","10.812652587890625","0","7.93034029006958","0"
"2025-06-17 03:16:20.000","10.8238525390625","0","7.952252388000488","0"
"2025-06-17 03:31:20.000","10.835052490234375","0","8.010210037231445","0"
"2025-06-17 03:46:20.000","-9999.0","1","-9999.0","1"
"2025-06-17 05:01:20.000","10.947021484375","0","7.898637294769287","0"
"2025-06-17 05:16:20.000","10.958221435546875","0","7.939964771270752","0"
"2025-06-17 05:31:20.000","11.09271240234375","0","7.856992721557617","0"
"2025-06-17 05:46:20.000","11.03106689453125","0","7.877882480621338","0"
"2025-06-17 06:01:20.000","11.042266845703125","0","7.824033737182617","0"
"2025-06-17 06:16:20.000","11.042266845703125","0","7.951531887054443","0"
"2025-06-17 06:31:20.000","-9999.0","1","-9999.0","1"
"2025-06-17 08:01:20.000","11.536041259765625","0","8.020554542541504","0"
"2025-06-17 08:16:20.000","11.4854736328125","0","7.971596717834473","0"
"2025-06-17 08:31:20.000","11.552886962890625","0","8.079341888427734","0"
"2025-06-17 08:46:20.000","11.4573974609375","0","7.954754829406738","0"
"2025-06-17 09:01:20.000","11.3956298828125","0","7.976475238800049","0"
"2025-06-17 09:16:20.000","11.3900146484375","0","8.068387031555176","0"
"2025-06-17 09:31:20.000","173.44601440429688","12","5.947175979614258","10"
"2025-06-17 11:01:20.000","11.68780517578125","8","7.97003173828125","8"
"2025-06-17 11:16:20.000","11.676544189453125","0","8.06885051727295","0"
"2025-06-17 11:31:20.000","11.654052734375","0","7.974399566650391","0"
"2025-06-17 11:46:20.000","11.63720703125","0","7.9109649658203125","0"
"2025-06-17 12:01:20.000","11.670928955078125","0","8.022626876831055","0"
"2025-06-17 12:16:20.000","11.620330810546875","0","7.936118125915527","0"
"2025-06-17 12:31:20.000","-6.002227783203125","10","7.511628150939941","0"
"2025-06-17 14:01:20.000","11.564117431640625","8","8.006308555603027","0"
"2025-06-17 14:16:20.000","11.676544189453125","0","8.077869415283203","0"
"2025-06-17 14:31:20.000","12.098785400390625","0","8.086756706237793","0"
"2025-06-17 14:46:20.000","12.935272216796875","0","8.197590827941895","0"
"2025-06-17 15:01:20.000","13.43487548828125","0","8.225020408630371","0"
"2025-06-17 15:16:20.000","13.480377197265625","0","8.185294151306152","0"
"2025-06-17 15:31:20.000","13.58282470703125","0","8.20061206817627","0"
"2025-06-17 15:46:20.000","-13.3291015625","10","-9999.0","1"
"2025-06-17 17:01:20.000","13.07135009765625","8","8.179320335388184","0"
"2025-06-17 17:16:20.000","13.042999267578125","0","8.26816463470459","0"
"2025-06-17 17:31:20.000","13.025970458984375","0","8.060384750366211","0"
"2025-06-17 17:46:20.000","13.05999755859375","0","8.271709442138672","0"
"2025-06-17 18:01:20.000","13.270050048828125","0","8.331546783447266","0"
"2025-06-17 18:16:20.000","13.224609375","0","8.149347305297852","0"
"2025-06-17 18:31:20.000","-9999.0","1","7.8189311027526855","0"
"2025-06-17 20:01:20.000","13.68536376953125","0","7.995124340057373","0"
"2025-06-17 20:16:20.000","13.691070556640625","0","8.049704551696777","0"
"2025-06-17 20:31:20.000","13.70245361328125","0","8.606573104858398","8"
"2025-06-17 20:46:20.000","13.822174072265625","0","8.231215476989746","0"
"2025-06-17 21:01:20.000","14.571624755859375","0","8.213784217834473","0"
"2025-06-17 21:16:20.000","14.583099365234375","0","8.317808151245117","0"
"2025-06-17 21:31:20.000","-9999.0","1","-9999.0","1"
"2025-06-17 23:01:20.000","13.423492431640625","0","8.166069984436035","0"
"2025-06-17 23:16:20.000","12.606903076171875","0","8.121983528137207","0"
"2025-06-17 23:31:20.000","12.27362060546875","0","8.122098922729492","0"
"2025-06-17 23:46:20.000","12.115692138671875","0","8.060650825500488","0"
"2025-06-18 00:01:20.000","11.794677734375","0","8.02973461151123","0"
"2025-06-18 00:16:20.000","11.1263427734375","0","7.9381208419799805","0"
"2025-06-18 00:31:20.000","11.182403564453125","0","7.92041015625","0"
"2025-06-18 00:46:20.000","11.1319580078125","0","7.982460975646973","0"
"2025-06-18 01:01:20.000","11.09271240234375","0","8.007918357849121","0"
"2025-06-18 01:16:20.000","11.036651611328125","0","7.938305854797363","0"
"2025-06-18 01:31:20.000","11.08148193359375","0","8.007180213928223","0"
"2025-06-18 01:46:20.000","11.115142822265625","0","8.0928373336792","0"
"2025-06-18 02:01:20.000","11.15997314453125","0","7.918951988220215","0"
"2025-06-18 02:16:20.000","11.05908203125","0","7.930388927459717","0"
"2025-06-18 02:31:20.000","11.098297119140625","0","8.006091117858887","0"
"2025-06-18 02:46:20.000","11.103912353515625","0","8.024519920349121","0"
"2025-06-18 03:01:20.000","11.098297119140625","0","7.868752956390381","0"
"2025-06-18 03:16:20.000","11.17120361328125","0","7.958125114440918","0"
"2025-06-18 03:31:20.000","11.188018798828125","0","7.937048435211182","0"
"2025-06-18 03:46:20.000","-9999.0","1","-0.878575325012207","10"
"2025-06-18 04:46:20.000","11.536041259765625","0","7.97391414642334","8"
"2025-06-18 05:01:20.000","11.524810791015625","0","7.867428302764893","0"
"2025-06-18 05:16:20.000","11.58099365234375","0","7.839995384216309","0"
"2025-06-18 05:31:20.000","11.63720703125","0","7.976083755493164","0"
"2025-06-18 05:46:20.000","12.1551513671875","0","8.038386344909668","0"
"2025-06-18 06:01:20.000","11.952301025390625","0","7.97335958480835","0"
"2025-06-18 06:16:20.000","-9999.0","1","-9999.0","1"
"2025-06-18 07:46:20.000","12.11004638671875","0","7.786761283874512","0"
"2025-06-18 08:01:20.000","12.3074951171875","0","8.055363655090332","0"
"2025-06-18 08:16:20.000","12.279266357421875","0","8.11467456817627","0"
"2025-06-18 08:31:20.000","12.126983642578125","0","8.415034294128418","0"
"2025-06-18 08:46:20.000","11.96356201171875","0","8.180294036865234","0"
"2025-06-18 09:01:20.000","11.952301025390625","0","-9999.0","1"
"2025-06-18 09:16:20.000","-9999.0","1","-9999.0","1"
"2025-06-18 10:31:20.000","12.375244140625","0","8.099908828735352","0"
"2025-06-18 10:46:20.000","12.34136962890625","0","8.012728691101074","0"
"2025-06-18 11:01:20.000","12.414764404296875","0","8.125175476074219","0"
"2025-06-18 11:16:20.000","12.4429931640625","0","8.100499153137207","0"
"2025-06-18 11:31:20.000","12.4429931640625","0","8.049610137939453","0"
"2025-06-18 11:46:20.000","12.680450439453125","0","8.062102317810059","0"
"2025-06-18 12:01:20.000","-9999.0","1","8.968459129333496","8"
"2025-06-18 13:31:20.000","12.126983642578125","0","7.896983623504639","8"
"2025-06-18 13:46:20.000","12.07061767578125","0","8.136188507080078","0"
"2025-06-18 14:01:20.000","12.07623291015625","0","8.32906436920166","0"
"2025-06-18 14:16:20.000","11.82843017578125","0","8.409276962280273","0"
"2025-06-18 14:31:20.000","11.862213134765625","0","7.9289960861206055","0"
"2025-06-18 14:46:20.000","11.564117431640625","0","-9999.0","1"
"2025-06-18 15:01:20.000","11.57537841796875","0","-9999.0","1"
"2025-06-18 15:16:20.000","-9999.0","1","8.815862655639648","0"
"2025-06-18 16:46:20.000","13.497467041015625","0","8.097622871398926","8"
"2025-06-18 17:01:20.000","13.423492431640625","0","8.468840599060059","0"
"2025-06-18 17:16:20.000","13.52020263671875","0","-9999.0","1"
"2025-06-18 17:31:20.000","13.725250244140625","0","-9999.0","1"
"2025-06-18 17:46:20.000","13.782257080078125","0","8.822319984436035","0"
"2025-06-18 18:01:20.000","13.86212158203125","0","8.374016761779785","0"
"2025-06-18 18:16:20.000","-9999.0","1","-9999.0","1"
"2025-06-18 19:46:20.000","13.07135009765625","0","-9999.0","1"
"2025-06-18 20:01:20.000","12.94091796875","0","-9999.0","1"
"2025-06-18 20:16:20.000","12.91259765625","0","-9999.0","1"
"2025-06-18 20:31:20.000","12.765350341796875","0","-9999.0","1"
"2025-06-18 20:46:20.000","12.810638427734375","0","-9999.0","1"
"2025-06-18 21:01:20.000","12.7257080078125","0","-9999.0","1"
"2025-06-18 21:16:20.000","-9999.0","1","-9999.0","1"
"2025-06-19 00:01:20.000","12.04241943359375","0","3.846219062805176","2"
"2025-06-19 00:16:20.000","11.569732666015625","0","-9999.0","1"
"2025-06-19 00:31:20.000","10.95263671875","0","-9999.0","1"
"2025-06-19 00:46:20.000","10.76226806640625","0","-9999.0","1"
"2025-06-19 01:01:20.000","10.650390625","0","-9999.0","1"
"2025-06-19 01:16:20.000","10.532958984375","0","-9999.0","1"
"2025-06-19 01:31:20.000","10.437957763671875","0","-9999.0","1"
"2025-06-19 01:46:20.000","10.426788330078125","0","-9999.0","1"
"2025-06-19 02:01:20.000","10.4100341796875","0","-9999.0","1"
"2025-06-19 02:16:20.000","10.44354248046875","0","-9999.0","1"
"2025-06-19 02:31:20.000","10.583282470703125","0","-9999.0","1"
"2025-06-19 02:46:20.000","10.5888671875","0","-9999.0","1"
"2025-06-19 03:01:20.000","10.60565185546875","0","-9999.0","1"
"2025-06-19 03:16:20.000","10.6224365234375","0","-9999.0","1"
"2025-06-19 03:31:20.000","10.6224365234375","0","-9999.0","1"
"2025-06-19 03:46:20.000","-9999.0","1","-9999.0","1"
"2025-06-19 04:46:20.000","10.628021240234375","0","-9999.0","1"
"2025-06-19 05:01:20.000","10.650390625","0","-9999.0","1"
"2025-06-19 05:16:20.000","10.73431396484375","0","-9999.0","1"
"2025-06-19 05:31:20.000","11.199249267578125","0","-9999.0","1"
"2025-06-19 05:46:20.000","11.3787841796875","0","-9999.0","1"
"2025-06-19 06:01:20.000","11.4798583984375","0","-9999.0","1"
"2025-06-19 06:16:20.000","-9999.0","1","-9999.0","1"
"2025-06-19 07:46:20.000","11.3619384765625","0","-9999.0","1"
"2025-06-19 08:01:20.000","11.3956298828125","0","-9999.0","1"
"2025-06-19 08:16:20.000","11.783416748046875","0","-9999.0","1"
"2025-06-19 08:31:20.000","11.76654052734375","0","-9999.0","1"
"2025-06-19 08:46:20.000","11.817169189453125","0","-9999.0","1"
"2025-06-19 09:01:20.000","11.991729736328125","0","-9999.0","1"
"2025-06-19 09:16:20.000","-12.08966064453125","10","-9999.0","1"
"2025-06-19 10:31:20.000","12.2059326171875","8","-9999.0","1"
"2025-06-19 10:46:20.000","12.13824462890625","0","-9999.0","1"
"2025-06-19 11:01:20.000","12.19464111328125","0","-9999.0","1"
"2025-06-19 11:16:20.000","12.183349609375","0","-9999.0","1"
"2025-06-19 11:31:20.000","12.1495361328125","0","-9999.0","1"
"2025-06-19 11:46:20.000","12.07061767578125","0","-9999.0","1"
"2025-06-19 12:01:20.000","-9999.0","1","-9999.0","1"
"2025-06-19 13:31:20.000","11.8565673828125","0","-9999.0","1"
"2025-06-19 13:46:20.000","11.82843017578125","0","-9999.0","1"
"2025-06-19 14:01:20.000","11.7327880859375","0","-9999.0","1"
"2025-06-19 14:16:20.000","11.654052734375","0","-9999.0","1"
"2025-06-19 14:31:20.000","11.4068603515625","0","-9999.0","1"
"2025-06-19 14:46:20.000","11.28900146484375","0","-9999.0","1"
"2025-06-19 15:01:20.000","11.137542724609375","0","-9999.0","1"
"2025-06-19 15:16:20.000","-9999.0","1","-9999.0","1"
"2025-06-19 16:46:20.000","10.846221923828125","0","-9999.0","1"
"2025-06-19 17:01:20.000","10.779052734375","0","-9999.0","1"
"2025-06-19 17:16:20.000","10.863037109375","0","-9999.0","1"
"2025-06-19 17:31:20.000","11.070281982421875","0","-9999.0","1"
"2025-06-19 17:46:20.000","10.896636962890625","0","-9999.0","1"
"2025-06-19 18:01:20.000","11.05908203125","0","-9999.0","1"
"2025-06-19 18:16:20.000","-9999.0","1","-9999.0","1"
"2025-06-20 00:01:20.000","12.426055908203125","0","-9999.0","1"
"2025-06-20 00:16:20.000","12.064971923828125","0","-9999.0","1"
"2025-06-20 00:31:20.000","11.96917724609375","0","-9999.0","1"
"2025-06-20 00:46:20.000","11.777801513671875","0","-9999.0","1"
"2025-06-20 01:01:20.000","11.749664306640625","0","-9999.0","1"
"2025-06-20 01:16:20.000","11.4573974609375","0","-9999.0","1"
"2025-06-20 01:31:20.000","11.3507080078125","0","-9999.0","1"
"2025-06-20 01:46:20.000","10.76788330078125","0","-9999.0","1"
"2025-06-20 02:01:20.000","10.72869873046875","0","-9999.0","1"
"2025-06-20 02:16:20.000","10.594482421875","0","-9999.0","1"
"2025-06-20 02:31:20.000","10.477081298828125","0","-9999.0","1"
"2025-06-20 02:46:20.000","10.404449462890625","0","-9999.0","1"
"2025-06-20 03:01:20.000","10.404449462890625","0","-9999.0","1"
"2025-06-20 03:16:20.000","10.382110595703125","0","7.252945423126221","0"
"2025-06-20 03:31:20.000","10.5106201171875","0","7.602425575256348","0"
"2025-06-20 03:46:20.000","10.87982177734375","0","7.623204708099365","0"
"2025-06-20 04:31:20.000","10.958221435546875","0","8.26828670501709","8"
"2025-06-20 04:46:20.000","10.9974365234375","0","-9999.0","1"
"2025-06-20 05:01:20.000","11.008636474609375","0","-9999.0","1"
"2025-06-20 05:16:20.000","11.036651611328125","0","-9999.0","1"
"2025-06-20 05:31:20.000","11.03106689453125","0","8.115589141845703","0"
"2025-06-20 05:46:20.000","11.047882080078125","0","-9999.0","1"
"2025-06-20 06:01:20.000","11.036651611328125","0","-9999.0","1"
"2025-06-20 06:16:20.000","-9999.0","1","-9999.0","1"
"2025-06-20 07:46:20.000","11.042266845703125","0","-9999.0","1"
"2025-06-20 08:01:20.000","11.047882080078125","0","-9999.0","1"
"2025-06-20 08:16:20.000","11.075897216796875","0","-9999.0","1"
"2025-06-20 08:31:20.000","11.182403564453125","0","-9999.0","1"
"2025-06-20 08:46:20.000","11.3956298828125","0","-9999.0","1"
"2025-06-20 09:01:20.000","11.665313720703125","0","-9999.0","1"
"2025-06-20 09:16:20.000","11.82281494140625","0","-9999.0","1"
"2025-06-20 09:31:20.000","233.02508544921875","12","-9999.0","1"
"2025-06-20 10:46:20.000","12.4429931640625","8","-9999.0","1"
"2025-06-20 11:01:20.000","12.36395263671875","0","-9999.0","1"
"2025-06-20 11:16:20.000","12.228485107421875","0","-9999.0","1"
"2025-06-20 11:31:20.000","12.1551513671875","0","6.458702087402344","2"
"2025-06-20 11:46:20.000","12.10443115234375","0","-9999.0","1"
"2025-06-20 12:01:20.000","12.10443115234375","0","-9999.0","1"
"2025-06-20 12:16:20.000","-9999.0","1","-9999.0","1"
"2025-06-20 13:46:20.000","12.0537109375","0","-9999.0","1"
"2025-06-20 14:01:20.000","12.00860595703125","0","-9999.0","1"
"2025-06-20 14:16:20.000","11.974822998046875","0","-9999.0","1"
"2025-06-20 14:31:20.000","11.935394287109375","0","-9999.0","1"
"2025-06-20 14:46:20.000","11.862213134765625","0","-9999.0","1"
"2025-06-20 15:01:20.000","11.783416748046875","0","-9999.0","1"
"2025-06-20 15:16:20.000","-63.65821838378906","10","-9999.0","1"
"2025-06-20 16:46:20.000","10.9974365234375","8","-9999.0","1"
"2025-06-20 17:01:20.000","10.980621337890625","0","-9999.0","1"
"2025-06-20 17:16:20.000","10.9078369140625","0","-9999.0","1"
"2025-06-20 17:31:20.000","10.723114013671875","0","-9999.0","1"
"2025-06-20 17:46:20.000","10.661590576171875","0","-9999.0","1"
"2025-06-20 18:01:20.000","10.611236572265625","0","-9999.0","1"
"2025-06-20 18:16:20.000","97.58322143554688","12","-9999.0","1"
"2025-06-20 19:46:20.000","11.036651611328125","8","-9999.0","1"
"2025-06-20 20:01:20.000","13.190521240234375","0","-9999.0","1"
"2025-06-20 20:16:20.000","13.2359619140625","0","-9999.0","1"
"2025-06-20 20:31:20.000","13.4576416015625","0","-9999.0","1"
"2025-06-20 20:46:20.000","13.5145263671875","0","-9999.0","1"
"2025-06-20 21:01:20.000","13.6568603515625","0","-2.083991050720215","2"
"2025-06-20 21:16:20.000","36.75531005859375","12","-9999.0","1"
"2025-06-20 22:46:20.000","14.233551025390625","8","-9999.0","1"
"2025-06-20 23:01:20.000","13.412139892578125","0","-9999.0","1"
"2025-06-20 23:16:20.000","13.247314453125","0","-9999.0","1"
"2025-06-20 23:31:20.000","14.715179443359375","0","6.710918426513672","2"
"2025-06-20 23:46:20.000","14.795623779296875","0","-9999.0","1"
"2025-06-21 00:01:21.000","14.870391845703125","0","-9999.0","1"
"2025-06-21 00:16:21.000","14.96246337890625","0","-9999.0","1"
"2025-06-21 00:31:21.000","14.69793701171875","0","5.650082111358643","2"
"2025-06-21 00:46:21.000","13.753753662109375","0","-9999.0","1"
"2025-06-21 01:01:21.000","12.974945068359375","0","-9999.0","1"
"2025-06-21 01:16:21.000","12.07061767578125","0","-9999.0","1"
"2025-06-21 01:31:21.000","12.13824462890625","0","-9999.0","1"
"2025-06-21 01:46:21.000","12.00299072265625","0","-9999.0","1"
"2025-06-21 02:01:21.000","11.530426025390625","0","-9999.0","1"
"2025-06-21 02:16:21.000","10.84063720703125","0","-9999.0","1"
"2025-06-21 02:31:21.000","10.76226806640625","0","-9999.0","1"
"2025-06-21 02:46:21.000","10.779052734375","0","-9999.0","1"
"2025-06-21 03:01:21.000","10.991851806640625","0","-9999.0","1"
"2025-06-21 03:16:21.000","11.02545166015625","0","8.30320930480957","0"
"2025-06-21 03:31:21.000","11.008636474609375","0","-9999.0","1"
"2025-06-21 03:46:21.000","-9999.0","1","-9999.0","1"
"2025-06-21 04:46:21.000","10.963836669921875","0","-9999.0","1"
"2025-06-21 05:01:21.000","10.980621337890625","0","-9999.0","1"
"2025-06-21 05:16:21.000","10.963836669921875","0","7.320594310760498","0"
"2025-06-21 05:31:21.000","10.96942138671875","0","6.385241508483887","10"
"2025-06-21 05:46:21.000","10.963836669921875","0","7.115375518798828","8"
"2025-06-21 06:01:21.000","11.008636474609375","0","8.03783130645752","8"
"2025-06-21 06:16:21.000","140.86703491210938","12","-9999.0","1"
"2025-06-21 07:46:21.000","11.08148193359375","8","-7.209607124328613","2"
"2025-06-21 08:01:21.000","11.109527587890625","0","-9999.0","1"
"2025-06-21 08:16:21.000","11.098297119140625","0","7.556020259857178","0"
"2025-06-21 08:31:21.000","11.15997314453125","0","6.505864143371582","10"
"2025-06-21 08:46:21.000","11.137542724609375","0","7.346465587615967","8"
"2025-06-21 09:01:21.000","11.1263427734375","0","8.266246795654297","8"
"2025-06-21 09:16:21.000","11.3787841796875","0","6.818748950958252","10"
"2025-06-21 09:31:21.000","45.244598388671875","12","-9999.0","1"
"2025-06-21 11:01:21.000","11.4910888671875","8","7.180990219116211","0"
"2025-06-21 11:16:21.000","11.4854736328125","0","-9999.0","1"
"2025-06-21 11:31:21.000","11.3619384765625","0","-9999.0","1"
"2025-06-21 11:46:21.000","11.4517822265625","0","-9999.0","1"
"2025-06-21 12:01:21.000","11.3619384765625","0","-9999.0","1"
"2025-06-21 12:16:21.000","11.333892822265625","0","-9999.0","1"
"2025-06-21 12:31:21.000","695.078125","12","-3.528787851333618","2"
"2025-06-21 14:01:21.000","11.4068603515625","8","-9999.0","1"
"2025-06-21 14:16:21.000","11.4910888671875","0","-9999.0","1"
"2025-06-21 14:31:21.000","11.547271728515625","0","-9999.0","1"
"2025-06-21 14:46:21.000","11.614715576171875","0","-9999.0","1"
"2025-06-21 15:01:21.000","12.098785400390625","0","-9999.0","1"
"2025-06-21 15:16:21.000","11.845306396484375","0","8.042035102844238","0"
"2025-06-21 15:31:21.000","122.62026977539062","12","-9999.0","1"
"2025-06-21 17:01:21.000","10.980621337890625","8","-9999.0","1"
"2025-06-21 17:16:21.000","10.92462158203125","0","-9999.0","1"
"2025-06-21 17:31:21.000","10.93023681640625","0","-9999.0","1"
"2025-06-21 17:46:21.000","10.863037109375","0","-9999.0","1"
"2025-06-21 18:01:21.000","10.84063720703125","0","-9999.0","1"
"2025-06-21 18:16:21.000","10.80145263671875","0","-9999.0","1"
"2025-06-21 18:31:21.000","-9999.0","1","-9999.0","1"
"2025-06-21 20:01:21.000","11.042266845703125","0","-9999.0","1"
"2025-06-21 20:16:21.000","11.053466796875","0","-9999.0","1"
"2025-06-21 20:31:21.000","11.05908203125","0","-9999.0","1"
"2025-06-21 20:46:21.000","11.064697265625","0","-9999.0","1"
"2025-06-21 21:01:21.000","11.143157958984375","0","-9999.0","1"
"2025-06-21 21:16:21.000","11.143157958984375","0","-9999.0","1"
"2025-06-21 21:31:21.000","-21.301467895507812","10","-9999.0","1"
"2025-06-21 23:01:21.000","13.6397705078125","8","-9999.0","1"
"2025-06-21 23:16:21.000","13.6397705078125","0","-9999.0","1"
"2025-06-21 23:31:21.000","13.201873779296875","0","-9999.0","1"
"2025-06-21 23:46:21.000","13.605621337890625","0","-9999.0","1"
"2025-06-22 00:01:20.000","13.52020263671875","0","-9999.0","1"
"2025-06-22 00:16:20.000","13.6739501953125","0","-9999.0","1"
"2025-06-22 00:31:20.000","13.66827392578125","0","-9999.0","1"
"2025-06-22 00:46:20.000","13.736663818359375","0","-9999.0","1"
"2025-06-22 01:01:20.000","13.7879638671875","0","-9999.0","1"
"2025-06-22 01:16:20.000","13.611297607421875","0","-9999.0","1"
"2025-06-22 01:31:20.000","13.531585693359375","0","-9999.0","1"
"2025-06-22 01:46:20.000","13.4576416015625","0","-9999.0","1"
"2025-06-22 02:01:20.000","13.275726318359375","0","-9999.0","1"
"2025-06-22 02:16:20.000","12.8446044921875","0","-9999.0","1"
"2025-06-22 02:31:20.000","12.369598388671875","0","-9999.0","1"
"2025-06-22 02:46:20.000","11.98046875","0","-9999.0","1"
"2025-06-22 03:01:20.000","11.3675537109375","0","4.068942070007324","2"
"2025-06-22 03:16:20.000","11.1319580078125","0","-9999.0","1"
"2025-06-22 03:31:20.000","11.08709716796875","0","-9999.0","1"
"2025-06-22 03:46:20.000","169.55856323242188","12","-9999.0","1"
"2025-06-22 04:46:20.000","10.896636962890625","8","-9999.0","1"
"2025-06-22 05:01:20.000","10.8238525390625","0","-9999.0","1"
"2025-06-22 05:16:20.000","10.672760009765625","0","-9999.0","1"
"2025-06-22 05:31:20.000","10.7454833984375","0","-9999.0","1"
"2025-06-22 05:46:20.000","10.6168212890625","0","-9999.0","1"
"2025-06-22 06:01:20.000","10.6168212890625","0","-9999.0","1"
"2025-06-22 06:16:20.000","-9999.0","1","-9999.0","1"
"2025-06-22 07:46:20.000","12.014251708984375","0","-9999.0","1"
"2025-06-22 08:01:20.000","11.103912353515625","0","-9999.0","1"
"2025-06-22 08:16:20.000","12.34136962890625","0","-9999.0","1"
"2025-06-22 08:31:20.000","12.251068115234375","0","-9999.0","1"
"2025-06-22 08:46:20.000","12.4825439453125","0","-9999.0","1"
"2025-06-22 09:01:20.000","12.115692138671875","0","-9999.0","1"
"2025-06-22 09:16:20.000","-41.40791320800781","10","-9999.0","1"
"2025-06-22 10:31:20.000","12.1495361328125","8","-9999.0","1"
"2025-06-22 10:46:20.000","12.256683349609375","0","-9999.0","1"
"2025-06-22 11:01:20.000","12.1551513671875","0","-9999.0","1"
"2025-06-22 11:16:20.000","12.014251708984375","0","-9999.0","1"
"2025-06-22 11:31:20.000","11.867828369140625","0","-9999.0","1"
"2025-06-22 11:46:20.000","11.76092529296875","0","-9999.0","1"
"2025-06-22 12:01:20.000","87.66064453125","12","-9999.0","1"
"2025-06-22 13:31:20.000","11.654052734375","8","-9999.0","1"
"2025-06-22 13:46:20.000","11.710296630859375","0","-9999.0","1"
"2025-06-22 14:01:20.000","11.710296630859375","0","-9999.0","1"
"2025-06-22 14:16:20.000","11.755279541015625","0","-9999.0","1"
"2025-06-22 14:31:20.000","11.783416748046875","0","-9999.0","1"
"2025-06-22 14:46:20.000","11.845306396484375","0","-9999.0","1"
"2025-06-22 15:01:20.000","162.44497680664062","12","-9999.0","1"
"2025-06-22 16:16:20.000","11.96356201171875","8","-9999.0","1"
"2025-06-22 16:31:20.000","11.530426025390625","0","-9999.0","1"
"2025-06-22 16:46:20.000","11.5023193359375","0","-9999.0","1"
"2025-06-22 17:01:20.000","11.3731689453125","0","-9999.0","1"
"2025-06-22 17:16:20.000","10.986236572265625","0","-9999.0","1"
"2025-06-22 17:31:20.000","10.773468017578125","0","-9999.0","1"
"2025-06-22 17:46:20.000","52.227020263671875","12","-9999.0","1"
"2025-06-22 19:16:20.000","11.019866943359375","8","-9999.0","1"
"2025-06-22 19:31:20.000","11.047882080078125","0","-9999.0","1"
"2025-06-22 19:46:20.000","11.075897216796875","0","-9999.0","1"
"2025-06-22 20:01:20.000","11.064697265625","0","-9999.0","1"
"2025-06-22 20:16:20.000","11.053466796875","0","-9999.0","1"
"2025-06-22 20:31:20.000","11.053466796875","0","-9999.0","1"
"2025-06-22 20:46:20.000","52.227020263671875","12","-9999.0","1"
"2025-06-22 22:16:20.000","11.098297119140625","8","7.375284671783447","0"
"2025-06-22 22:31:20.000","11.137542724609375","0","8.095686912536621","8"
"2025-06-22 22:46:20.000","11.143157958984375","0","7.780421733856201","0"
"2025-06-22 23:01:20.000","11.1319580078125","0","-9999.0","1"
"2025-06-22 23:16:20.000","11.143157958984375","0","-9999.0","1"
"2025-06-22 23:31:20.000","11.1263427734375","0","8.339435577392578","0"
"2025-06-22 23:46:20.000","-9999.0","1","-9999.0","1"
"2025-06-23 00:01:21.000","11.4854736328125","0","-9999.0","1"
"2025-06-23 00:16:21.000","11.7271728515625","0","8.224557876586914","0"
"2025-06-23 00:31:21.000","13.07135009765625","0","-9999.0","1"
"2025-06-23 00:46:21.000","12.703094482421875","0","10.273921966552734","4"
"2025-06-23 01:01:21.000","12.833282470703125","0","-9999.0","1"
"2025-06-23 01:16:21.000","12.6917724609375","0","-9999.0","1"
"2025-06-23 01:31:21.000","12.838958740234375","0","-9999.0","1"
"2025-06-23 01:46:21.000","13.014617919921875","0","-9999.0","1"
"2025-06-23 02:01:21.000","13.08270263671875","0","-9999.0","1"
"2025-06-23 02:16:21.000","13.145111083984375","0","8.79362964630127","0"
"2025-06-23 02:31:21.000","13.105377197265625","0","-9999.0","1"
"2025-06-23 02:46:21.000","13.0543212890625","0","-9999.0","1"
"2025-06-23 03:01:21.000","12.79931640625","0","-9999.0","1"
"2025-06-23 03:16:21.000","12.43170166015625","0","8.41031265258789","0"
"2025-06-23 03:31:21.000","11.839691162109375","0","-9999.0","1"
"2025-06-23 03:46:21.000","-9999.0","1","-9999.0","1"
"2025-06-23 04:46:21.000","10.639190673828125","0","-9999.0","1"
"2025-06-23 05:01:21.000","10.6839599609375","0","-9999.0","1"
"2025-06-23 05:16:21.000","10.600067138671875","0","-9999.0","1"
"2025-06-23 05:31:21.000","10.7119140625","0","-9999.0","1"
"2025-06-23 05:46:21.000","11.02545166015625","0","-9999.0","1"
"2025-06-23 06:01:21.000","11.014251708984375","0","-9999.0","1"
"2025-06-23 06:16:21.000","-9999.0","1","-9999.0","1"
"2025-06-23 07:46:21.000","11.25531005859375","0","-9999.0","1"
"2025-06-23 08:01:21.000","11.59783935546875","0","-9999.0","1"
"2025-06-23 08:16:21.000","11.4124755859375","0","-9999.0","1"
"2025-06-23 08:31:21.000","11.4180908203125","0","-9999.0","1"
"2025-06-23 08:46:21.000","11.4293212890625","0","-9999.0","1"
"2025-06-23 09:01:21.000","11.665313720703125","0","-9999.0","1"
"2025-06-23 09:16:21.000","168.88900756835938","12","-9999.0","1"
"2025-06-23 10:46:21.000","11.884735107421875","8","-9999.0","1"
"2025-06-23 11:01:21.000","11.82281494140625","0","-9999.0","1"
"2025-06-23 11:16:21.000","11.76092529296875","0","-9999.0","1"
"2025-06-23 11:31:21.000","11.794677734375","0","-9999.0","1"
"2025-06-23 11:46:21.000","11.89599609375","0","-9999.0","1"
"2025-06-23 12:01:21.000","11.92413330078125","0","-9999.0","1"
"2025-06-23 12:16:21.000","11.935394287109375","0","-9999.0","1"
"2025-06-23 12:31:21.000","45.55230712890625","12","8.475695610046387","0"
"2025-06-23 14:01:21.000","12.0875244140625","8","-9999.0","1"
"2025-06-23 14:16:21.000","12.0931396484375","0","-9999.0","1"
"2025-06-23 14:31:21.000","12.0931396484375","0","-9999.0","1"
"2025-06-23 14:46:21.000","12.0537109375","0","-9999.0","1"
"2025-06-23 15:01:21.000","12.0537109375","0","-9999.0","1"
"2025-06-23 15:16:21.000","12.048065185546875","0","-9999.0","1"
"2025-06-23 15:31:21.000","-9999.0","1","-9999.0","1"
"2025-06-23 17:01:21.000","12.24542236328125","0","-9999.0","1"
"2025-06-23 17:16:21.000","12.098785400390625","0","-9999.0","1"
"2025-06-23 17:31:21.000","11.77215576171875","0","-9999.0","1"
"2025-06-23 17:46:21.000","11.58099365234375","0","-9999.0","1"
"2025-06-23 18:01:21.000","11.4237060546875","0","-9999.0","1"
"2025-06-23 18:16:21.000","10.980621337890625","0","-9999.0","1"
"2025-06-23 18:31:21.000","107.3509521484375","12","-9999.0","1"
"2025-06-23 20:16:21.000","10.655975341796875","8","-9999.0","1"
"2025-06-23 20:31:21.000","10.600067138671875","0","-9999.0","1"
"2025-06-23 20:46:21.000","10.57769775390625","0","-9999.0","1"
"2025-06-23 21:01:21.000","10.600067138671875","0","-9999.0","1"
"2025-06-23 21:16:21.000","10.600067138671875","0","-9999.0","1"
"2025-06-23 21:31:21.000","10.60565185546875","0","-9999.0","1"
"2025-06-23 21:46:21.000","-9999.0","1","-9999.0","1"
"2025-06-23 23:16:21.000","11.053466796875","0","-9999.0","1"
"2025-06-23 23:31:21.000","11.3507080078125","0","-9999.0","1"
"2025-06-23 23:46:21.000","11.59783935546875","0","-9999.0","1"
"2025-06-24 00:01:20.000","11.5023193359375","0","-9999.0","1"
"2025-06-24 00:16:20.000","11.530426025390625","0","-9999.0","1"
"2025-06-24 00:31:20.000","11.811553955078125","0","-9999.0","1"
"2025-06-24 00:46:20.000","13.122406005859375","0","-9999.0","1"
"2025-06-24 01:01:20.000","12.787994384765625","0","-9999.0","1"
"2025-06-24 01:16:20.000","12.8446044921875","0","-9999.0","1"
"2025-06-24 01:31:20.000","12.94091796875","0","-9999.0","1"
"2025-06-24 01:46:20.000","12.969268798828125","0","-9999.0","1"
"2025-06-24 02:01:20.000","12.9522705078125","0","-9999.0","1"
"2025-06-24 02:16:20.000","12.901275634765625","0","-9999.0","1"
"2025-06-24 02:31:20.000","12.88427734375","0","-9999.0","1"
"2025-06-24 02:46:20.000","12.82196044921875","0","-9999.0","1"
"2025-06-24 03:01:20.000","12.838958740234375","0","-9999.0","1"
"2025-06-24 03:16:20.000","12.787994384765625","0","-9999.0","1"
"2025-06-24 03:31:20.000","12.77667236328125","0","-9999.0","1"
"2025-06-24 03:46:20.000","45.779571533203125","12","8.134255409240723","0"
"2025-06-24 04:46:20.000","11.777801513671875","8","6.756209373474121","10"
"2025-06-24 05:01:20.000","11.15997314453125","0","-9999.0","1"
"2025-06-24 05:16:20.000","11.014251708984375","0","-9999.0","1"
"2025-06-24 05:31:20.000","11.328277587890625","0","-9999.0","1"
"2025-06-24 05:46:20.000","11.070281982421875","0","7.4387664794921875","0"
"2025-06-24 06:01:20.000","11.1319580078125","0","-9999.0","1"
"2025-06-24 06:16:20.000","-9999.0","1","-9999.0","1"
"2025-06-24 07:46:20.000","10.6783447265625","0","-20.609220504760742","2"
"2025-06-24 08:01:20.000","10.706329345703125","0","-9999.0","1"
"2025-06-24 08:16:20.000","11.3619384765625","0","-9999.0","1"
"2025-06-24 08:31:20.000","11.4180908203125","0","-9999.0","1"
"2025-06-24 08:46:20.000","12.0931396484375","0","-9999.0","1"
"2025-06-24 09:01:20.000","11.96917724609375","0","-9999.0","1"
"2025-06-24 09:16:20.000","-9999.0","1","-9999.0","1"
"2025-06-24 10:46:20.000","11.9410400390625","0","-9999.0","1"
"2025-06-24 11:01:20.000","11.935394287109375","0","-9999.0","1"
"2025-06-24 11:16:20.000","11.991729736328125","0","-9999.0","1"
"2025-06-24 11:31:20.000","11.9466552734375","0","-9999.0","1"
"2025-06-24 11:46:20.000","11.8565673828125","0","-9999.0","1"
"2025-06-24 12:01:20.000","11.794677734375","0","-9999.0","1"
"2025-06-24 12:16:20.000","11.7327880859375","0","-9999.0","1"
"2025-06-24 12:31:20.000","-13.3626708984375","10","7.2717976570129395","0"
"2025-06-24 14:01:20.000","11.609100341796875","8","-9999.0","1"
"2025-06-24 14:16:20.000","11.59783935546875","0","-9999.0","1"
"2025-06-24 14:31:20.000","11.59783935546875","0","-9999.0","1"
"2025-06-24 14:46:20.000","11.614715576171875","0","-9999.0","1"
"2025-06-24 15:01:20.000","11.60345458984375","0","-9999.0","1"
"2025-06-24 15:16:20.000","11.614715576171875","0","-9999.0","1"
"2025-06-24 15:31:20.000","0.202117919921875","8","-9999.0","1"
"2025-06-24 17:01:20.000","11.901611328125","8","-9999.0","1"
"2025-06-24 17:16:20.000","11.997344970703125","0","-9999.0","1"
"2025-06-24 17:31:20.000","12.172088623046875","0","-9999.0","1"
"2025-06-24 17:46:20.000","12.279266357421875","0","-9999.0","1"
"2025-06-24 18:01:20.000","11.986083984375","0","-9999.0","1"
"2025-06-24 18:16:20.000","12.014251708984375","0","-9999.0","1"
"2025-06-24 18:31:20.000","-9999.0","1","-9999.0","1"
"2025-06-24 20:01:20.000","10.644805908203125","0","-9999.0","1"
"2025-06-24 20:16:20.000","10.6783447265625","0","-9999.0","1"
"2025-06-24 20:31:20.000","10.76226806640625","0","-9999.0","1"
"2025-06-24 20:46:20.000","10.868621826171875","0","-9999.0","1"
"2025-06-24 21:01:20.000","10.863037109375","0","-9999.0","1"
"2025-06-24 21:16:20.000","10.851837158203125","0","-9999.0","1"
"2025-06-24 21:31:20.000","-9999.0","1","-9999.0","1"
"2025-06-24 23:01:20.000","10.739898681640625","0","-9999.0","1"
"2025-06-24 23:16:20.000","10.69512939453125","0","-9999.0","1"
"2025-06-24 23:31:20.000","10.739898681640625","0","-9999.0","1"
"2025-06-24 23:46:20.000","10.572113037109375","0","-9999.0","1"
"2025-06-25 00:01:21.000","10.57769775390625","0","-9999.0","1"
"2025-06-25 00:16:21.000","10.6224365234375","0","-9999.0","1"
"2025-06-25 00:31:21.000","12.465606689453125","0","-9999.0","1"
"2025-06-25 00:46:21.000","12.759674072265625","0","-9999.0","1"
"2025-06-25 01:01:21.000","12.256683349609375","0","-9999.0","1"
"2025-06-25 01:16:21.000","11.4068603515625","0","-9999.0","1"
"2025-06-25 01:31:21.000","12.403472900390625","0","-9999.0","1"
"2025-06-25 01:46:21.000","12.098785400390625","0","-9999.0","1"
"2025-06-25 02:01:21.000","12.7540283203125","0","-9999.0","1"
"2025-06-25 02:16:21.000","12.974945068359375","0","-9999.0","1"
"2025-06-25 02:31:21.000","13.07135009765625","0","-9999.0","1"
"2025-06-25 02:46:21.000","13.09405517578125","0","-9999.0","1"
"2025-06-25 03:01:21.000","13.150787353515625","0","-9999.0","1"
"2025-06-25 03:16:21.000","13.133758544921875","0","8.087016105651855","0"
"2025-06-25 03:31:21.000","13.162139892578125","0","-9999.0","1"
"2025-06-25 03:46:21.000","-9999.0","1","-9999.0","1"
"2025-06-25 04:46:21.000","12.895599365234375","0","-9999.0","1"
"2025-06-25 05:01:21.000","12.703094482421875","0","-9999.0","1"
"2025-06-25 05:16:21.000","11.9410400390625","0","-9999.0","1"
"2025-06-25 05:31:21.000","11.884735107421875","0","-9999.0","1"
"2025-06-25 05:46:21.000","11.665313720703125","0","-9999.0","1"
"2025-06-25 06:01:21.000","11.564117431640625","0","-9999.0","1"
"2025-06-25 06:16:21.000","-9999.0","1","-9999.0","1"
"2025-06-25 07:46:21.000","11.620330810546875","0","8.063313484191895","0"
"2025-06-25 08:01:21.000","11.789031982421875","0","-9999.0","1"
"2025-06-25 08:16:21.000","11.59222412109375","0","-9999.0","1"
"2025-06-25 08:31:21.000","10.96942138671875","0","-9999.0","1"
"2025-06-25 08:46:21.000","10.92462158203125","0","-9999.0","1"
"2025-06-25 09:01:21.000","11.28900146484375","0","-9999.0","1"
"2025-06-25 09:16:21.000","11.28900146484375","0","-9999.0","1"
"2025-06-25 09:31:21.000","-9999.0","1","-9999.0","1"
"2025-06-25 11:01:21.000","12.0255126953125","0","-9999.0","1"
"2025-06-25 11:16:21.000","12.00299072265625","0","-9999.0","1"
"2025-06-25 11:31:21.000","11.9466552734375","0","-9999.0","1"
"2025-06-25 11:46:21.000","11.9410400390625","0","-9999.0","1"
"2025-06-25 12:01:21.000","11.986083984375","0","-9999.0","1"
"2025-06-25 12:16:21.000","12.014251708984375","0","-9999.0","1"
"2025-06-25 12:31:21.000","-15.41436767578125","10","-9999.0","1"
"2025-06-25 14:01:21.000","12.014251708984375","8","-9999.0","1"
"2025-06-25 14:16:21.000","11.929779052734375","0","-9999.0","1"
"2025-06-25 14:31:21.000","11.901611328125","0","-9999.0","1"
"2025-06-25 14:46:21.000","11.8565673828125","0","-9999.0","1"
"2025-06-25 15:01:21.000","11.817169189453125","0","6.305314540863037","2"
"2025-06-25 15:16:21.000","11.794677734375","0","-9999.0","1"
"2025-06-25 15:31:21.000","11.935394287109375","0","-9999.0","1"
"2025-06-25 16:46:21.000","11.935394287109375","0","-9999.0","1"
"2025-06-25 17:01:21.000","11.935394287109375","0","-9999.0","1"
"2025-06-25 17:16:21.000","11.952301025390625","0","-9999.0","1"
"2025-06-25 17:31:21.000","11.96917724609375","0","12.367748260498047","4"
"2025-06-25 17:46:21.000","11.997344970703125","0","-9999.0","1"
"2025-06-25 18:01:21.000","12.0537109375","0","-9999.0","1"
"2025-06-25 18:16:21.000","12.160797119140625","0","-9999.0","1"
"2025-06-25 18:31:21.000","12.19464111328125","0","11.94670295715332","4"
"2025-06-25 18:46:21.000","72.73544311523438","12","-9999.0","1"
"2025-06-25 20:31:21.000","10.6783447265625","8","-9999.0","1"
"2025-06-25 20:46:21.000","10.639190673828125","0","-9999.0","1"
"2025-06-25 21:01:21.000","10.482666015625","0","-9999.0","1"
"2025-06-25 21:16:21.000","10.4603271484375","0","-9999.0","1"
"2025-06-25 21:31:21.000","10.49383544921875","0","-9999.0","1"
"2025-06-25 21:46:21.000","73.44580078125","12","-9999.0","1"
"2025-06-25 23:01:21.000","10.06390380859375","8","-9999.0","1"
"2025-06-25 23:16:21.000","10.024871826171875","0","-9999.0","1"
"2025-06-25 23:31:21.000","9.996978759765625","0","6.513540267944336","2"
"2025-06-25 23:46:21.000","9.98583984375","0","-9999.0","1"
"2025-06-26 00:01:20.000","9.963531494140625","0","8.495094299316406","0"
"2025-06-26 00:16:20.000","9.98583984375","0","-9999.0","1"
"2025-06-26 00:31:20.000","9.98583984375","0","-9999.0","1"
"2025-06-26 00:46:20.000","9.97467041015625","0","-9999.0","1"
"2025-06-26 01:01:20.000","11.69342041015625","0","-9999.0","1"
"2025-06-26 01:16:20.000","11.901611328125","0","-9999.0","1"
"2025-06-26 01:31:20.000","12.04241943359375","0","8.367645263671875","0"
"2025-06-26 01:46:20.000","12.048065185546875","0","-9999.0","1"
"2025-06-26 02:01:20.000","12.098785400390625","0","-9999.0","1"
"2025-06-26 02:16:20.000","11.82281494140625","0","-9999.0","1"
"2025-06-26 02:31:20.000","12.07623291015625","0","-9999.0","1"
"2025-06-26 02:46:20.000","12.03680419921875","0","-9999.0","1"
"2025-06-26 03:01:20.000","12.048065185546875","0","-9999.0","1"
"2025-06-26 03:16:20.000","12.0255126953125","0","-9999.0","1"
"2025-06-26 03:31:20.000","11.957916259765625","0","5.094103813171387","2"
"2025-06-26 03:46:20.000","-9999.0","1","-9999.0","1"
"2025-06-26 04:46:20.000","12.00860595703125","0","-9999.0","1"
"2025-06-26 05:01:20.000","11.96917724609375","0","53.399391174316406","4"
"2025-06-26 05:16:20.000","11.907257080078125","0","-9999.0","1"
"2025-06-26 05:31:20.000","11.9410400390625","0","-9999.0","1"
"2025-06-26 05:46:20.000","11.929779052734375","0","-9999.0","1"
"2025-06-26 06:01:20.000","11.884735107421875","0","-9999.0","1"
"2025-06-26 06:16:20.000","20.542144775390625","8","-9999.0","1"
"2025-06-26 07:46:20.000","10.868621826171875","8","-9999.0","1"
"2025-06-26 08:01:20.000","10.92462158203125","0","-9999.0","1"
"2025-06-26 08:16:20.000","10.874237060546875","0","-9999.0","1"
"2025-06-26 08:31:20.000","10.857421875","0","-5.218725681304932","2"
"2025-06-26 08:46:20.000","10.896636962890625","0","-9999.0","1"
"2025-06-26 09:01:20.000","11.28338623046875","0","-9999.0","1"
"2025-06-26 09:16:20.000","-9999.0","1","-9999.0","1"
"2025-06-26 10:46:20.000","11.57537841796875","0","-9999.0","1"
"2025-06-26 11:01:20.000","11.58660888671875","0","-9999.0","1"
"2025-06-26 11:16:20.000","11.558502197265625","0","10.20388412475586","4"
"2025-06-26 11:31:20.000","11.58660888671875","0","-9999.0","1"
"2025-06-26 11:46:20.000","11.76654052734375","0","7.854365825653076","0"
"2025-06-26 12:01:20.000","11.82281494140625","0","5.116560935974121","10"
"2025-06-26 12:16:20.000","110.5859375","12","-9999.0","1"
"2025-06-26 13:46:20.000","12.00860595703125","8","-9999.0","1"
"2025-06-26 14:01:20.000","11.935394287109375","0","-9999.0","1"
"2025-06-26 14:16:20.000","11.92413330078125","0","-9999.0","1"
"2025-06-26 14:31:20.000","11.89599609375","0","-9999.0","1"
"2025-06-26 14:46:20.000","11.867828369140625","0","-9999.0","1"
"2025-06-26 15:01:20.000","11.82281494140625","0","-9999.0","1"
"2025-06-26 15:16:20.000","11.789031982421875","0","6.751485824584961","2"
"2025-06-26 15:31:20.000","3.131561279296875","8","-9999.0","1"
"2025-06-26 17:01:20.000","11.744049072265625","8","2.599133014678955","2"
"2025-06-26 17:16:20.000","11.77215576171875","0","-9999.0","1"
"2025-06-26 17:31:20.000","11.789031982421875","0","-9999.0","1"
"2025-06-26 17:46:20.000","11.8565673828125","0","-9999.0","1"
"2025-06-26 18:01:20.000","11.901611328125","0","-9999.0","1"
"2025-06-26 18:16:20.000","11.98046875","0","-9999.0","1"
"2025-06-26 18:31:20.000","-21.720108032226562","10","-9999.0","1"
"2025-06-26 20:16:20.000","11.193634033203125","8","8.633864402770996","0"
"2025-06-26 20:31:20.000","11.03106689453125","0","-9999.0","1"
"2025-06-26 20:46:20.000","10.739898681640625","0","-9999.0","1"
"2025-06-26 21:01:20.000","10.706329345703125","0","7.494051933288574","0"
"2025-06-26 21:16:20.000","10.52178955078125","0","-9999.0","1"
"2025-06-26 21:31:20.000","198.23336791992188","12","-9999.0","1"
"2025-06-26 23:01:20.000","10.32623291015625","8","-9999.0","1"
"2025-06-26 23:16:20.000","10.342987060546875","0","-9999.0","1"
"2025-06-26 23:31:20.000","10.342987060546875","0","-9999.0","1"
"2025-06-26 23:46:20.000","10.30389404296875","0","11.959726333618164","4"
"2025-06-27 00:01:20.000","10.236907958984375","0","-9999.0","1"
"2025-06-27 00:16:20.000","10.1922607421875","0","-9999.0","1"
"2025-06-27 00:31:20.000","10.1531982421875","0","-9999.0","1"
"2025-06-27 00:46:20.000","10.175506591796875","0","-9999.0","1"
"2025-06-27 01:01:20.000","10.164337158203125","0","-9999.0","1"
"2025-06-27 01:16:20.000","10.186676025390625","0","-3.675654888153076","2"
"2025-06-27 01:31:20.000","10.706329345703125","0","-9999.0","1"
"2025-06-27 01:46:20.000","11.80029296875","0","5.412853717803955","2"
"2025-06-27 02:01:20.000","11.530426025390625","0","-9999.0","1"
"2025-06-27 02:16:20.000","11.541656494140625","0","-9999.0","1"
"2025-06-27 02:31:20.000","11.322662353515625","0","-9999.0","1"
"2025-06-27 02:46:20.000","10.600067138671875","0","-9999.0","1"
"2025-06-27 03:01:20.000","11.193634033203125","0","-9999.0","1"
"2025-06-27 03:16:20.000","11.238494873046875","0","-9999.0","1"
"2025-06-27 03:31:20.000","11.58099365234375","0","-9999.0","1"
"2025-06-27 03:46:20.000","77.7989501953125","12","-9999.0","1"
"2025-06-27 04:46:20.000","11.82843017578125","8","-9999.0","1"
"2025-06-27 05:01:20.000","11.70465087890625","0","-9999.0","1"
"2025-06-27 05:16:20.000","11.552886962890625","0","-9999.0","1"
"2025-06-27 05:31:20.000","11.749664306640625","0","7.237401485443115","0"
"2025-06-27 05:46:20.000","11.69342041015625","0","6.547080993652344","10"
"2025-06-27 06:01:20.000","11.715911865234375","0","-9999.0","1"
"2025-06-27 06:16:20.000","-9999.0","1","-9999.0","1"
"2025-06-27 07:46:20.000","11.3450927734375","0","-9999.0","1"
"2025-06-27 08:01:20.000","11.036651611328125","0","-50.41474533081055","2"
"2025-06-27 08:16:20.000","10.73431396484375","0","8.734673500061035","8"
"2025-06-27 08:31:20.000","10.829437255859375","0","5.991632461547852","10"
"2025-06-27 08:46:20.000","10.3876953125","0","-9999.0","1"
"2025-06-27 09:01:20.000","10.655975341796875","0","-9999.0","1"
"2025-06-27 09:16:20.000","27.122100830078125","8","-9999.0","1"
"2025-06-27 10:46:20.000","10.807037353515625","8","7.090906620025635","0"
"2025-06-27 11:01:20.000","11.053466796875","0","6.35700798034668","10"
"2025-06-27 11:16:20.000","11.26092529296875","0","-9999.0","1"
"2025-06-27 11:31:20.000","11.3843994140625","0","-9999.0","1"
"2025-06-27 11:46:20.000","11.59222412109375","0","-9999.0","1"
"2025-06-27 12:01:20.000","11.558502197265625","0","-9999.0","1"
"2025-06-27 12:16:20.000","-5.806182861328125","10","-9999.0","1"
"2025-06-27 13:46:20.000","11.721527099609375","8","-9999.0","1"
"2025-06-27 14:01:20.000","11.676544189453125","0","-9999.0","1"
"2025-06-27 14:16:20.000","11.620330810546875","0","-9999.0","1"
"2025-06-27 14:31:20.000","11.654052734375","0","-9999.0","1"
"2025-06-27 14:46:20.000","11.69903564453125","0","7.637423992156982","0"
"2025-06-27 15:01:20.000","11.811553955078125","0","6.966619491577148","10"
"2025-06-27 15:16:20.000","11.69903564453125","0","-9999.0","1"
"2025-06-27 15:31:20.000","-9999.0","1","-9999.0","1"
"2025-06-27 17:01:20.000","11.524810791015625","0","-9999.0","1"
"2025-06-27 17:16:20.000","11.530426025390625","0","-9999.0","1"
"2025-06-27 17:31:20.000","11.5191650390625","0","-9999.0","1"
"2025-06-27 17:46:20.000","11.4854736328125","0","-9999.0","1"
"2025-06-27 18:01:20.000","11.5023193359375","0","-9999.0","1"
"2025-06-27 18:16:20.000","11.536041259765625","0","-9999.0","1"
"2025-06-27 18:31:20.000","-9999.0","1","-9999.0","1"
"2025-06-27 19:46:20.000","11.89599609375","0","7.295689582824707","0"
"2025-06-27 20:01:20.000","12.0198974609375","0","5.901602745056152","10"
"2025-06-27 20:16:20.000","11.8509521484375","0","6.809192657470703","10"
"2025-06-27 20:31:20.000","10.88543701171875","0","-9999.0","1"
"2025-06-27 20:46:20.000","10.97503662109375","0","-9999.0","1"
"2025-06-27 21:01:20.000","11.15997314453125","0","-9999.0","1"
"2025-06-27 21:16:20.000","-9999.0","1","7.337388038635254","0"
"2025-06-27 22:46:20.000","9.946807861328125","0","4.941398620605469","10"
"2025-06-27 23:01:20.000","9.87432861328125","0","-9999.0","1"
"2025-06-27 23:16:20.000","9.87432861328125","0","7.521948337554932","0"
"2025-06-27 23:31:20.000","9.7684326171875","0","-9999.0","1"
"2025-06-27 23:46:20.000","9.77960205078125","0","10.509133338928223","4"
"2025-06-28 00:01:20.000","10.024871826171875","0","-9999.0","1"
"2025-06-28 00:16:20.000","10.186676025390625","0","5.934962272644043","2"
"2025-06-28 00:31:20.000","10.197845458984375","0","-9999.0","1"
"2025-06-28 00:46:20.000","10.1922607421875","0","-9999.0","1"
"2025-06-28 01:01:20.000","10.22015380859375","0","-9999.0","1"
"2025-06-28 01:16:20.000","10.158782958984375","0","-9999.0","1"
"2025-06-28 01:31:20.000","10.175506591796875","0","-9999.0","1"
"2025-06-28 01:46:20.000","10.119720458984375","0","-9999.0","1"
"2025-06-28 02:01:20.000","10.097381591796875","0","-9999.0","1"
"2025-06-28 02:16:20.000","10.3150634765625","0","-9999.0","1"
"2025-06-28 02:31:20.000","11.794677734375","0","-9999.0","1"
"2025-06-28 02:46:20.000","11.811553955078125","0","-9999.0","1"
"2025-06-28 03:01:20.000","11.957916259765625","0","-9999.0","1"
"2025-06-28 03:16:20.000","12.284912109375","0","-9999.0","1"
"2025-06-28 03:31:20.000","12.40911865234375","0","-9999.0","1"
"2025-06-28 03:46:20.000","38.885009765625","12","-9999.0","1"
"2025-06-28 04:46:20.000","11.834075927734375","8","-9999.0","1"
"2025-06-28 05:01:20.000","11.609100341796875","0","-9999.0","1"
"2025-06-28 05:16:20.000","11.7271728515625","0","-9999.0","1"
"2025-06-28 05:31:20.000","11.952301025390625","0","13.394887924194336","4"
"2025-06-28 05:46:20.000","11.721527099609375","0","-9999.0","1"
"2025-06-28 06:01:20.000","12.132598876953125","0","-9999.0","1"
"2025-06-28 06:16:20.000","22.1263427734375","8","-9999.0","1"
"2025-06-28 07:46:20.000","11.69342041015625","8","-9999.0","1"
"2025-06-28 08:01:20.000","11.682159423828125","0","5.573962211608887","2"
"2025-06-28 08:16:20.000","11.631561279296875","0","-9999.0","1"
"2025-06-28 08:31:20.000","11.665313720703125","0","-9999.0","1"
"2025-06-28 08:46:20.000","11.676544189453125","0","-9999.0","1"
"2025-06-28 09:01:20.000","11.70465087890625","0","-9999.0","1"
"2025-06-28 09:16:20.000","11.3956298828125","0","-9999.0","1"
"2025-06-28 09:31:20.000","-9999.0","1","-9999.0","1"
"2025-06-28 11:01:20.000","11.5079345703125","0","-9999.0","1"
"2025-06-28 11:16:20.000","11.4630126953125","0","-9999.0","1"
"2025-06-28 11:31:20.000","11.4854736328125","0","-9999.0","1"
"2025-06-28 11:46:20.000","11.5079345703125","0","-9999.0","1"
"2025-06-28 12:01:20.000","11.3956298828125","0","-9999.0","1"
"2025-06-28 12:16:20.000","10.868621826171875","0","-9999.0","1"
"2025-06-28 12:31:20.000","45.449462890625","12","7.999428749084473","0"
"2025-06-28 14:01:20.000","11.620330810546875","8","-9999.0","1"
"2025-06-28 14:16:20.000","11.609100341796875","0","-9999.0","1"
"2025-06-28 14:31:20.000","11.63720703125","0","-9999.0","1"
"2025-06-28 14:46:20.000","11.665313720703125","0","-9999.0","1"
"2025-06-28 15:01:20.000","11.80029296875","0","-9999.0","1"
"2025-06-28 15:16:20.000","11.839691162109375","0","-9999.0","1"
"2025-06-28 15:31:20.000","-9999.0","1","-9999.0","1"
"2025-06-28 17:01:20.000","12.04241943359375","0","-9999.0","1"
"2025-06-28 17:16:20.000","11.92413330078125","0","8.622355461120605","0"
"2025-06-28 17:31:20.000","11.867828369140625","0","-9999.0","1"
"2025-06-28 17:46:20.000","11.82281494140625","0","7.9344587326049805","0"
"2025-06-28 18:01:20.000","11.794677734375","0","-9999.0","1"
"2025-06-28 18:16:20.000","11.901611328125","0","-9999.0","1"
"2025-06-28 18:31:20.000","275.1340637207031","12","-9999.0","1"
"2025-06-28 20:01:20.000","11.974822998046875","8","7.1417317390441895","0"
"2025-06-28 20:16:20.000","12.0255126953125","0","-9999.0","1"
"2025-06-28 20:31:20.000","12.217193603515625","0","-9999.0","1"
"2025-06-28 20:46:20.000","12.03680419921875","0","-9999.0","1"
"2025-06-28 21:01:20.000","11.92413330078125","0","-9999.0","1"
"2025-06-28 21:16:20.000","11.536041259765625","0","-9999.0","1"
"2025-06-28 21:31:20.000","114.15609741210938","12","-9999.0","1"
"2025-06-28 23:01:20.000","10.4100341796875","8","-9999.0","1"
"2025-06-28 23:16:20.000","10.3150634765625","0","-9999.0","1"
"2025-06-28 23:31:20.000","10.097381591796875","0","7.388858795166016","0"
"2025-06-28 23:46:20.000","10.080657958984375","0","3.4525504112243652","10"
"2025-06-29 00:01:21.000","10.06390380859375","0","-8.865663528442383","2"
"2025-06-29 00:16:21.000","9.918914794921875","0","-9999.0","1"
"2025-06-29 00:31:21.000","10.214569091796875","0","-9999.0","1"
"2025-06-29 00:46:21.000","10.426788330078125","0","-9999.0","1"
"2025-06-29 01:01:21.000","10.47149658203125","0","-9999.0","1"
"2025-06-29 01:16:21.000","10.532958984375","0","-9999.0","1"
"2025-06-29 01:31:21.000","10.5106201171875","0","-9999.0","1"
"2025-06-29 01:46:21.000","10.5106201171875","0","-9999.0","1"
"2025-06-29 02:01:21.000","10.426788330078125","0","-9999.0","1"
"2025-06-29 02:16:21.000","10.3876953125","0","-9999.0","1"
"2025-06-29 02:31:21.000","10.259246826171875","0","-9999.0","1"
"2025-06-29 02:46:21.000","10.225738525390625","0","-9999.0","1"
"2025-06-29 03:01:21.000","10.208984375","0","-9999.0","1"
"2025-06-29 03:16:21.000","11.26092529296875","0","-9999.0","1"
"2025-06-29 03:31:21.000","11.15997314453125","0","-9999.0","1"
"2025-06-29 03:46:21.000","-9999.0","1","-9999.0","1"
"2025-06-29 04:46:21.000","11.749664306640625","0","-9999.0","1"
"2025-06-29 05:01:21.000","11.4910888671875","0","-9999.0","1"
"2025-06-29 05:16:21.000","11.28900146484375","0","-1.1194252967834473","2"
"2025-06-29 05:31:21.000","11.244110107421875","0","-9999.0","1"
"2025-06-29 05:46:21.000","11.26092529296875","0","-9999.0","1"
"2025-06-29 06:01:21.000","11.249725341796875","0","-9999.0","1"
"2025-06-29 06:16:21.000","-2.62921142578125","10","-9999.0","1"
"2025-06-29 07:46:21.000","11.27777099609375","8","-9999.0","1"
"2025-06-29 08:01:21.000","11.305816650390625","0","-9999.0","1"
"2025-06-29 08:16:21.000","11.300201416015625","0","-9999.0","1"
"2025-06-29 08:31:21.000","11.249725341796875","0","-9999.0","1"
"2025-06-29 08:46:21.000","11.27215576171875","0","-9999.0","1"
"2025-06-29 09:01:21.000","11.27215576171875","0","-9999.0","1"
"2025-06-29 09:16:21.000","11.28338623046875","0","-9999.0","1"
"2025-06-29 09:31:21.000","-9999.0","1","-9999.0","1"
"2025-06-29 11:01:21.000","10.6168212890625","0","-9999.0","1"
"2025-06-29 11:16:21.000","10.60565185546875","0","-9999.0","1"
"2025-06-29 11:31:21.000","10.650390625","0","7.667122840881348","0"
"2025-06-29 11:46:21.000","10.6224365234375","0","-9999.0","1"
"2025-06-29 12:01:21.000","10.3597412109375","0","7.259765625","0"
"2025-06-29 12:16:21.000","10.7510986328125","0","-9999.0","1"
"2025-06-29 12:31:21.000","-9999.0","1","-9999.0","1"
"2025-06-29 14:01:21.000","11.008636474609375","0","-9999.0","1"
"2025-06-29 14:16:21.000","11.098297119140625","0","-9999.0","1"
"2025-06-29 14:31:21.000","11.216064453125","0","4.974992752075195","2"
"2025-06-29 14:46:21.000","11.2216796875","0","-9999.0","1"
"2025-06-29 15:01:21.000","11.300201416015625","0","-9999.0","1"
"2025-06-29 15:16:21.000","11.3450927734375","0","-9999.0","1"
"2025-06-29 15:31:21.000","-5.86553955078125","10","-9999.0","1"
"2025-06-29 17:01:21.000","11.68780517578125","8","-9999.0","1"
"2025-06-29 17:16:21.000","11.721527099609375","0","-9999.0","1"
"2025-06-29 17:31:21.000","11.710296630859375","0","9.010880470275879","4"
"2025-06-29 17:46:21.000","11.710296630859375","0","-9999.0","1"
"2025-06-29 18:01:21.000","11.789031982421875","0","-9999.0","1"
"2025-06-29 18:16:21.000","11.783416748046875","0","7.251319885253906","0"
"2025-06-29 18:31:21.000","-5.776519775390625","10","18.579864501953125","12"
"2025-06-29 20:01:21.000","12.301849365234375","8","-9999.0","1"
"2025-06-29 20:16:21.000","12.324432373046875","0","-9999.0","1"
"2025-06-29 20:31:21.000","12.465606689453125","0","-9999.0","1"
"2025-06-29 20:46:21.000","12.51080322265625","0","-9999.0","1"
"2025-06-29 21:01:21.000","12.663482666015625","0","-9999.0","1"
"2025-06-29 21:16:21.000","12.561676025390625","0","-9999.0","1"
"2025-06-29 21:31:21.000","114.15609741210938","12","-9999.0","1"
"2025-06-29 23:01:21.000","11.317047119140625","8","11.854386329650879","4"
"2025-06-29 23:16:21.000","11.216064453125","0","7.886086463928223","8"
"2025-06-29 23:31:21.000","10.96942138671875","0","-9999.0","1"
"2025-06-29 23:46:21.000","10.891021728515625","0","-9999.0","1"
"2025-06-30 00:01:20.000","10.505035400390625","0","-9999.0","1"
"2025-06-30 00:16:20.000","10.572113037109375","0","-9999.0","1"
"2025-06-30 00:31:20.000","10.270416259765625","0","-9999.0","1"
"2025-06-30 00:46:20.000","10.18109130859375","0","-9999.0","1"
"2025-06-30 01:01:20.000","10.04718017578125","0","-9999.0","1"
"2025-06-30 01:16:20.000","10.26483154296875","0","-9999.0","1"
"2025-06-30 01:31:20.000","10.4603271484375","0","8.309030532836914","0"
"2025-06-30 01:46:20.000","10.69512939453125","0","8.534783363342285","0"
"2025-06-30 02:01:20.000","10.779052734375","0","-9999.0","1"
"2025-06-30 02:16:20.000","10.846221923828125","0","10.989130020141602","4"
"2025-06-30 02:31:20.000","10.874237060546875","0","-9999.0","1"
"2025-06-30 02:46:20.000","10.9022216796875","0","7.12009859085083","0"
"2025-06-30 03:01:20.000","10.868621826171875","0","3.091609477996826","10"
"2025-06-30 03:16:20.000","10.80145263671875","0","-9999.0","1"
"2025-06-30 03:31:20.000","10.76788330078125","0","4.236310958862305","2"
"2025-06-30 03:46:20.000","115.4326171875","12","7.027974605560303","8"
"2025-06-30 04:46:20.000","11.524810791015625","8","-9999.0","1"
"2025-06-30 05:01:20.000","11.682159423828125","0","7.5752644538879395","0"
"2025-06-30 05:16:20.000","11.749664306640625","0","-9999.0","1"
"2025-06-30 05:31:20.000","11.710296630859375","0","-9999.0","1"
"2025-06-30 05:46:20.000","11.5135498046875","0","2.336350440979004","2"
"2025-06-30 06:01:20.000","11.58099365234375","0","-9999.0","1"
"2025-06-30 06:16:20.000","-9999.0","1","-9999.0","1"
"2025-06-30 07:46:20.000","11.805938720703125","0","-9999.0","1"
"2025-06-30 08:01:20.000","11.642822265625","0","-9999.0","1"
"2025-06-30 08:16:20.000","11.69342041015625","0","-9999.0","1"
"2025-06-30 08:31:20.000","12.13824462890625","0","-9999.0","1"
"2025-06-30 08:46:20.000","12.65216064453125","0","-9999.0","1"
"2025-06-30 09:01:20.000","12.56732177734375","0","-9999.0","1"
"2025-06-30 09:16:20.000","11.89599609375","0","7.681987285614014","0"
"2025-06-30 09:31:20.000","56.87078857421875","12","4.520349502563477","10"
"2025-06-30 10:46:20.000","11.862213134765625","8","-9999.0","1"
"2025-06-30 11:01:20.000","11.890350341796875","0","-9999.0","1"
"2025-06-30 11:16:20.000","11.862213134765625","0","-9999.0","1"
"2025-06-30 11:31:20.000","11.614715576171875","0","-9999.0","1"
"2025-06-30 11:46:20.000","11.16558837890625","0","-9999.0","1"
"2025-06-30 12:01:20.000","11.09271240234375","0","7.7109694480896","0"
"2025-06-30 12:16:20.000","238.62652587890625","12","-9999.0","1"
"2025-06-30 13:46:20.000","10.935821533203125","8","7.9188103675842285","0"
"2025-06-30 14:01:20.000","10.9078369140625","0","7.928446292877197","0"
"2025-06-30 14:16:20.000","10.7119140625","0","7.963712692260742","0"
"2025-06-30 14:31:20.000","11.884735107421875","0","7.723758697509766","0"
"2025-06-30 14:46:20.000","13.145111083984375","0","7.927178859710693","0"
"2025-06-30 15:01:20.000","12.82196044921875","0","7.960032939910889","0"
"2025-06-30 15:16:20.000","-9999.0","1","-9999.0","1"
"2025-06-30 16:46:20.000","13.70245361328125","0","7.405133247375488","0"
"2025-06-30 17:01:20.000","13.389373779296875","0","8.08161735534668","8"
"2025-06-30 17:16:20.000","13.3211669921875","0","-9999.0","1"
"2025-06-30 17:31:20.000","13.611297607421875","0","8.462868690490723","0"
"2025-06-30 17:46:20.000","13.56005859375","0","-9999.0","1"
"2025-06-30 18:01:20.000","13.611297607421875","0","-9999.0","1"
"2025-06-30 18:16:20.000","-5.60467529296875","10","-9999.0","1"
"2025-06-30 19:46:20.000","14.233551025390625","8","-9999.0","1"
"2025-06-30 20:01:20.000","14.290771484375","0","8.423604011535645","0"
"2025-06-30 20:16:20.000","14.6175537109375","0","7.98473596572876","0"
"2025-06-30 20:31:20.000","14.353759765625","0","7.828680038452148","0"
"2025-06-30 20:46:20.000","13.90777587890625","0","7.9614715576171875","0"
"2025-06-30 21:01:20.000","13.822174072265625","0","8.248536109924316","0"
"2025-06-30 21:16:20.000","2.8873291015625","8","-9999.0","1"
"2025-06-30 22:46:20.000","11.564117431640625","8","8.164122581481934","0"
"2025-06-30 23:01:20.000","10.8182373046875","0","-9999.0","1"
"2025-06-30 23:16:20.000","10.600067138671875","0","7.913760662078857","0"
"2025-06-30 23:31:20.000","10.779052734375","0","7.903172969818115","0"
"2025-06-30 23:46:20.000","10.947021484375","0","8.127545356750488","0"
"2025-07-01 00:01:20.000","10.9974365234375","0","-9999.0","1"
"2025-07-01 00:16:20.000","11.182403564453125","0","-9999.0","1"
"2025-07-01 00:31:20.000","11.188018798828125","0","7.890393257141113","0"
"2025-07-01 00:46:20.000","10.941436767578125","0","-9999.0","1"
"2025-07-01 01:01:20.000","10.78466796875","0","7.8982439041137695","0"
"2025-07-01 01:16:20.000","10.5665283203125","0","7.684959411621094","0"
"2025-07-01 01:31:20.000","10.24249267578125","0","-9999.0","1"
"2025-07-01 01:46:20.000","10.281585693359375","0","-9999.0","1"
"2025-07-01 02:01:20.000","10.019287109375","0","-9999.0","1"
"2025-07-01 02:16:20.000","10.147613525390625","0","8.03249740600586","0"
"2025-07-01 02:31:20.000","10.5665283203125","0","8.004061698913574","0"
"2025-07-01 02:46:20.000","10.7454833984375","0","7.780502796173096","0"
"2025-07-01 03:01:20.000","10.896636962890625","0","7.817715167999268","0"
"2025-07-01 03:16:20.000","11.019866943359375","0","7.793344497680664","0"
"2025-07-01 03:31:20.000","11.03106689453125","0","7.978465557098389","0"
"2025-07-01 03:46:20.000","-5.806182861328125","10","-9999.0","1"
"2025-07-01 04:46:20.000","11.69903564453125","8","8.003457069396973","0"
"2025-07-01 05:01:20.000","11.536041259765625","0","7.79939079284668","0"
"2025-07-01 05:16:20.000","11.541656494140625","0","-9999.0","1"
"2025-07-01 05:31:20.000","11.805938720703125","0","8.362743377685547","0"
"2025-07-01 05:46:20.000","11.4573974609375","0","-9999.0","1"
"2025-07-01 06:01:20.000","11.333892822265625","0","-9999.0","1"
"2025-07-01 06:16:20.000","-10.305389404296875","10","-9999.0","1"
"2025-07-01 07:46:20.000","11.912872314453125","8","-9999.0","1"
"2025-07-01 08:01:20.000","11.96917724609375","0","-9999.0","1"
"2025-07-01 08:16:20.000","11.935394287109375","0","-9999.0","1"
"2025-07-01 08:31:20.000","11.9410400390625","0","-9999.0","1"
"2025-07-01 08:46:20.000","11.890350341796875","0","-9999.0","1"
"2025-07-01 09:01:20.000","11.8565673828125","0","-9999.0","1"
"2025-07-01 09:16:20.000","-9999.0","1","-9999.0","1"
"2025-07-01 10:46:20.000","11.676544189453125","0","-9999.0","1"
"2025-07-01 11:01:20.000","11.63720703125","0","-9999.0","1"
"2025-07-01 11:16:20.000","11.68780517578125","0","7.783187389373779","0"
"2025-07-01 11:31:20.000","11.665313720703125","0","8.010509490966797","0"
"2025-07-01 11:46:20.000","11.63720703125","0","7.994492530822754","0"
"2025-07-01 12:01:20.000","11.59783935546875","0","7.857336521148682","0"
"2025-07-01 12:16:20.000","11.631561279296875","0","7.9362897872924805","0"
"2025-07-01 12:31:20.000","37.137725830078125","12","-9999.0","1"
"2025-07-01 14:01:20.000","10.97503662109375","8","7.882009506225586","0"
"2025-07-01 14:16:20.000","10.947021484375","0","7.843621730804443","0"
"2025-07-01 14:31:20.000","10.868621826171875","0","7.903465747833252","0"
"2025-07-01 14:46:20.000","10.857421875","0","7.91278076171875","0"
"2025-07-01 15:01:20.000","10.874237060546875","0","7.761892318725586","0"
"2025-07-01 15:16:20.000","10.88543701171875","0","7.992462158203125","0"
"2025-07-01 15:31:20.000","154.02053833007812","12","6.751397609710693","10"
"2025-07-01 17:01:20.000","14.124847412109375","8","7.92733097076416","8"
"2025-07-01 17:16:20.000","14.187774658203125","0","8.530120849609375","8"
"2025-07-01 17:31:20.000","14.273590087890625","0","8.15678596496582","0"
"2025-07-01 17:46:20.000","14.4569091796875","0","8.367569923400879","0"
"2025-07-01 18:01:20.000","14.715179443359375","0","8.447312355041504","0"
"2025-07-01 18:16:20.000","14.233551025390625","0","8.260737419128418","0"
"2025-07-01 18:31:20.000","-9999.0","1","-9999.0","1"
"2025-07-01 20:01:20.000","13.753753662109375","0","8.049982070922852","0"
"2025-07-01 20:16:20.000","13.59991455078125","0","8.428987503051758","0"
"2025-07-01 20:31:20.000","14.33087158203125","0","8.534981727600098","0"
"2025-07-01 20:46:20.000","14.77838134765625","0","-9999.0","1"
"2025-07-01 21:01:20.000","13.065673828125","0","8.047730445861816","0"
"2025-07-01 21:16:20.000","12.855926513671875","0","-9999.0","1"
"2025-07-01 21:31:20.000","12.680450439453125","0","8.15683650970459","0"
"2025-07-01 21:46:20.000","-9999.0","1","7.85283899307251","0"
"2025-07-01 23:01:20.000","11.8565673828125","0","8.13215446472168","0"
"2025-07-01 23:16:20.000","12.38653564453125","0","8.285317420959473","0"
"2025-07-01 23:31:20.000","11.098297119140625","0","8.259883880615234","0"
"2025-07-01 23:46:20.000","10.661590576171875","0","8.22857666015625","0"
"2025-07-02 00:01:20.000","10.600067138671875","0","7.876424789428711","0"
"2025-07-02 00:16:20.000","10.60565185546875","0","8.058164596557617","0"
"2025-07-02 00:31:20.000","10.572113037109375","0","7.940676212310791","0"
"2025-07-02 00:46:20.000","10.650390625","0","7.905539512634277","0"
"2025-07-02 01:01:20.000","10.70074462890625","0","-9999.0","1"
"2025-07-02 01:16:20.000","10.706329345703125","0","-9999.0","1"
"2025-07-02 01:31:20.000","10.706329345703125","0","7.523200988769531","0"
"2025-07-02 01:46:20.000","10.78466796875","0","8.642779350280762","8"
"2025-07-02 02:01:20.000","10.80145263671875","0","8.14520263671875","0"
"2025-07-02 02:16:20.000","10.8238525390625","0","-9999.0","1"
"2025-07-02 02:31:20.000","10.868621826171875","0","-9999.0","1"
"2025-07-02 02:46:20.000","11.05908203125","0","8.167304992675781","0"
"2025-07-02 03:01:20.000","11.05908203125","0","-9999.0","1"
"2025-07-02 03:16:20.000","11.008636474609375","0","-9999.0","1"
"2025-07-02 03:31:20.000","11.014251708984375","0","-9999.0","1"
"2025-07-02 03:46:20.000","45.152740478515625","12","-9999.0","1"
"2025-07-02 04:46:20.000","11.053466796875","8","-9999.0","1"
"2025-07-02 05:01:20.000","11.16558837890625","0","-9999.0","1"
"2025-07-02 05:16:20.000","11.193634033203125","0","-9999.0","1"
"2025-07-02 05:31:20.000","11.2216796875","0","-9999.0","1"
"2025-07-02 05:46:20.000","11.232879638671875","0","-9999.0","1"
"2025-07-02 06:01:20.000","11.232879638671875","0","-9999.0","1"
"2025-07-02 06:16:20.000","-5.776519775390625","10","-9999.0","1"
"2025-07-02 07:46:20.000","11.28900146484375","8","7.644116401672363","0"
"2025-07-02 08:01:20.000","11.27777099609375","0","-9999.0","1"
"2025-07-02 08:16:20.000","11.28900146484375","0","8.175446510314941","0"
"2025-07-02 08:31:20.000","11.26654052734375","0","-9999.0","1"
"2025-07-02 08:46:20.000","11.26654052734375","0","8.250972747802734","0"
"2025-07-02 09:01:20.000","11.28338623046875","0","7.959161281585693","0"
"2025-07-02 09:16:20.000","-9999.0","1","8.17590045928955","0"
"2025-07-02 10:31:20.000","11.3731689453125","0","7.888200759887695","0"
"2025-07-02 10:46:20.000","11.91851806640625","0","-9999.0","1"
"2025-07-02 11:01:20.000","11.991729736328125","0","7.935672283172607","0"
"2025-07-02 11:16:20.000","12.34136962890625","0","7.907276153564453","0"
"2025-07-02 11:31:20.000","12.00299072265625","0","8.117205619812012","0"
"2025-07-02 11:46:20.000","11.7384033203125","0","7.965068817138672","0"
"2025-07-02 12:01:20.000","-5.776519775390625","10","-9999.0","1"
"2025-07-02 13:31:20.000","11.558502197265625","8","8.122257232666016","0"
"2025-07-02 13:46:20.000","11.58099365234375","0","7.879516124725342","0"
"2025-07-02 14:01:20.000","11.552886962890625","0","8.210750579833984","0"
"2025-07-02 14:16:20.000","11.249725341796875","0","8.278945922851562","0"
"2025-07-02 14:31:20.000","11.333892822265625","0","8.209066390991211","0"
"2025-07-02 14:46:20.000","11.300201416015625","0","7.897063255310059","0"
"2025-07-02 15:01:20.000","-9999.0","1","-9999.0","1"
"2025-07-02 16:31:20.000","10.919036865234375","0","-9999.0","1"
"2025-07-02 16:46:20.000","12.901275634765625","0","3.2817273139953613","2"
"2025-07-02 17:01:20.000","14.365234375","0","-9999.0","1"
"2025-07-02 17:16:20.000","14.766876220703125","0","-9999.0","1"
"2025-07-02 17:31:20.000","14.870391845703125","0","-9999.0","1"
"2025-07-02 17:46:20.000","14.7496337890625","0","-9999.0","1"
"2025-07-02 18:01:20.000","14.979736328125","0","-9999.0","1"
"2025-07-02 18:16:20.000","0.207733154296875","8","-9999.0","1"
"2025-07-02 19:46:20.000","14.87615966796875","8","-9999.0","1"
"2025-07-02 20:01:20.000","15.037353515625","0","-9999.0","1"
"2025-07-02 20:16:20.000","15.089202880859375","0","-9999.0","1"
"2025-07-02 20:31:20.000","14.6290283203125","0","-9999.0","1"
"2025-07-02 20:46:20.000","15.198760986328125","0","-9999.0","1"
"2025-07-02 21:01:20.000","15.33154296875","0","-9999.0","1"
"2025-07-02 21:16:20.000","-9999.0","1","-9999.0","1"
"2025-07-02 22:31:20.000","14.388153076171875","0","-9999.0","1"
"2025-07-02 22:46:20.000","14.824371337890625","0","-9999.0","1"
"2025-07-02 23:01:20.000","13.338226318359375","0","-9999.0","1"
"2025-07-02 23:16:20.000","14.02197265625","0","-9999.0","1"
"2025-07-02 23:31:20.000","13.162139892578125","0","-9999.0","1"
"2025-07-02 23:46:20.000","12.2623291015625","0","-9999.0","1"
"2025-07-03 00:01:20.000","12.200286865234375","0","-9999.0","1"
"2025-07-03 00:16:20.000","12.13824462890625","0","-9999.0","1"
"2025-07-03 00:31:20.000","11.5079345703125","0","-9999.0","1"
"2025-07-03 00:46:20.000","11.4517822265625","0","-9999.0","1"
"2025-07-03 01:01:20.000","11.2216796875","0","-9999.0","1"
"2025-07-03 01:16:20.000","11.109527587890625","0","-9999.0","1"
"2025-07-03 01:31:20.000","11.036651611328125","0","-9999.0","1"
"2025-07-03 01:46:20.000","10.93023681640625","0","-9999.0","1"
"2025-07-03 02:01:20.000","10.863037109375","0","-9999.0","1"
"2025-07-03 02:16:20.000","10.8182373046875","0","-9999.0","1"
"2025-07-03 02:31:20.000","10.76788330078125","0","-9999.0","1"
"2025-07-03 02:46:20.000","10.779052734375","0","-9999.0","1"
"2025-07-03 03:01:20.000","10.706329345703125","0","-9999.0","1"
"2025-07-03 03:16:20.000","10.66717529296875","0","-9999.0","1"
"2025-07-03 03:31:20.000","10.60565185546875","0","-9999.0","1"
"2025-07-03 03:46:20.000","158.13922119140625","12","-9999.0","1"
"2025-07-03 04:46:20.000","10.572113037109375","8","-9999.0","1"
"2025-07-03 05:01:20.000","10.57769775390625","0","-9999.0","1"
"2025-07-03 05:16:20.000","10.644805908203125","0","-9999.0","1"
"2025-07-03 05:31:20.000","10.896636962890625","0","-9999.0","1"
"2025-07-03 05:46:20.000","10.874237060546875","0","-9999.0","1"
"2025-07-03 06:01:20.000","10.8238525390625","0","-9999.0","1"
"2025-07-03 06:16:20.000","-9999.0","1","-9999.0","1"
"2025-07-03 07:46:20.000","11.1207275390625","0","-9999.0","1"
"2025-07-03 08:01:20.000","11.4742431640625","0","-9999.0","1"
"2025-07-03 08:16:20.000","11.4686279296875","0","-9999.0","1"
"2025-07-03 08:31:20.000","11.530426025390625","0","-9999.0","1"
"2025-07-03 08:46:20.000","11.625946044921875","0","-9999.0","1"
"2025-07-03 09:01:20.000","11.4854736328125","0","-9999.0","1"
"2025-07-03 09:16:20.000","-9999.0","1","-9999.0","1"
"2025-07-03 10:46:20.000","11.7271728515625","0","-9999.0","1"
"2025-07-03 11:01:20.000","11.744049072265625","0","-9999.0","1"
"2025-07-03 11:16:20.000","11.69903564453125","0","-9999.0","1"
"2025-07-03 11:31:20.000","11.77215576171875","0","-9999.0","1"
"2025-07-03 11:46:20.000","11.749664306640625","0","-9999.0","1"
"2025-07-03 12:01:20.000","11.80029296875","0","-9999.0","1"
"2025-07-03 12:16:20.000","-5.823974609375","10","-9999.0","1"
"2025-07-03 13:46:20.000","11.87347412109375","8","-9999.0","1"
"2025-07-03 14:01:20.000","11.817169189453125","0","-9999.0","1"
"2025-07-03 14:16:20.000","11.77215576171875","0","-9999.0","1"
"2025-07-03 14:31:20.000","11.564117431640625","0","-9999.0","1"
"2025-07-03 14:46:20.000","11.530426025390625","0","-9999.0","1"
"2025-07-03 15:01:20.000","11.4124755859375","0","-9999.0","1"
"2025-07-03 15:16:20.000","50.8690185546875","12","-9999.0","1"
"2025-07-03 16:46:20.000","10.6168212890625","8","-9999.0","1"
"2025-07-03 17:01:20.000","10.6224365234375","0","-9999.0","1"
"2025-07-03 17:16:20.000","10.628021240234375","0","-9999.0","1"
"2025-07-03 17:31:20.000","10.644805908203125","0","-9999.0","1"
"2025-07-03 17:46:20.000","10.655975341796875","0","-9999.0","1"
"2025-07-03 18:01:20.000","10.661590576171875","0","-9999.0","1"
"2025-07-03 18:16:20.000","10.66717529296875","0","-9999.0","1"
"2025-07-03 18:31:20.000","-9999.0","1","-9999.0","1"
"2025-07-03 19:46:20.000","13.43487548828125","0","-9999.0","1"
"2025-07-03 20:01:20.000","12.833282470703125","0","-9999.0","1"
"2025-07-03 20:16:20.000","13.025970458984375","0","-9999.0","1"
"2025-07-03 20:31:20.000","14.210662841796875","0","-9999.0","1"
"2025-07-03 20:46:20.000","14.313690185546875","0","-9999.0","1"
"2025-07-03 21:01:20.000","14.4798583984375","0","-9999.0","1"
"2025-07-03 21:16:20.000","158.65292358398438","12","-9999.0","1"
"2025-07-03 22:31:20.000","13.037322998046875","8","-9999.0","1"
"2025-07-03 22:46:20.000","12.91259765625","0","-9999.0","1"
"2025-07-03 23:01:20.000","12.91259765625","0","-9999.0","1"
"2025-07-03 23:16:20.000","14.39959716796875","0","-9999.0","1"
"2025-07-03 23:31:20.000","14.1534423828125","0","-9999.0","1"
"2025-07-03 23:46:20.000","13.0770263671875","0","-9999.0","1"
"2025-07-04 00:01:22.000","13.372314453125","0","-9999.0","1"
"2025-07-04 00:16:22.000","11.783416748046875","0","-9999.0","1"
"2025-07-04 00:31:22.000","11.884735107421875","0","-9999.0","1"
"2025-07-04 00:46:22.000","11.8565673828125","0","-9999.0","1"
"2025-07-04 01:01:22.000","11.77215576171875","0","-9999.0","1"
"2025-07-04 01:16:22.000","11.631561279296875","0","-9999.0","1"
"2025-07-04 01:31:22.000","11.63720703125","0","-9999.0","1"
"2025-07-04 01:46:22.000","11.614715576171875","0","-9999.0","1"
"2025-07-04 02:01:22.000","11.26654052734375","0","-9999.0","1"
"2025-07-04 02:16:22.000","11.064697265625","0","-9999.0","1"
"2025-07-04 02:31:22.000","11.019866943359375","0","-9999.0","1"
"2025-07-04 02:46:22.000","10.9078369140625","0","-9999.0","1"
"2025-07-04 03:01:22.000","10.846221923828125","0","-9999.0","1"
"2025-07-04 03:16:22.000","10.63360595703125","0","-9999.0","1"
"2025-07-04 03:31:22.000","10.611236572265625","0","-9999.0","1"
"2025-07-04 03:46:22.000","10.449127197265625","0","-9999.0","1"
"2025-07-04 04:46:22.000","11.16558837890625","0","-9999.0","1"
"2025-07-04 05:01:22.000","11.182403564453125","0","-9999.0","1"
"2025-07-04 05:16:22.000","11.204833984375","0","-9999.0","1"
"2025-07-04 05:31:22.000","11.328277587890625","0","-9999.0","1"
"2025-07-04 05:46:22.000","11.322662353515625","0","-9999.0","1"
"2025-07-04 06:01:22.000","11.3507080078125","0","-9999.0","1"
"2025-07-04 06:16:22.000","-9999.0","1","-9999.0","1"
"2025-07-04 07:46:22.000","11.1319580078125","0","-9999.0","1"
"2025-07-04 08:01:22.000","11.103912353515625","0","-9999.0","1"
"2025-07-04 08:16:22.000","11.1319580078125","0","-9999.0","1"
"2025-07-04 08:31:22.000","11.17120361328125","0","-9999.0","1"
"2025-07-04 08:46:22.000","11.87908935546875","0","-9999.0","1"
"2025-07-04 09:01:22.000","11.569732666015625","0","-9999.0","1"
"2025-07-04 09:16:22.000","11.558502197265625","0","-9999.0","1"
"2025-07-04 09:31:22.000","-9999.0","1","-9999.0","1"
"2025-07-04 11:01:22.000","11.4854736328125","0","-9999.0","1"
"2025-07-04 11:16:22.000","11.3900146484375","0","-9999.0","1"
"2025-07-04 11:31:22.000","11.3900146484375","0","8.003734588623047","0"
"2025-07-04 11:46:22.000","11.4630126953125","0","-9999.0","1"
"2025-07-04 12:01:22.000","11.4573974609375","0","-9999.0","1"
"2025-07-04 12:16:22.000","12.0537109375","0","-9999.0","1"
"2025-07-04 12:31:22.000","22.207733154296875","8","-9999.0","1"
"2025-07-04 14:01:22.000","13.9991455078125","8","-9999.0","1"
"2025-07-04 14:16:22.000","13.70245361328125","0","-9999.0","1"
"2025-07-04 14:31:22.000","13.497467041015625","0","-9999.0","1"
"2025-07-04 14:46:22.000","13.04864501953125","0","-9999.0","1"
"2025-07-04 15:01:22.000","12.94659423828125","0","-9999.0","1"
"2025-07-04 15:16:22.000","12.38653564453125","0","-9999.0","1"
"2025-07-04 15:31:22.000","87.09402465820312","12","-9999.0","1"
"2025-07-04 17:01:22.000","11.27777099609375","8","-9999.0","1"
"2025-07-04 17:16:22.000","11.28900146484375","0","-9999.0","1"
"2025-07-04 17:31:22.000","11.311431884765625","0","-9999.0","1"
"2025-07-04 17:46:22.000","11.3563232421875","0","-9999.0","1"
"2025-07-04 18:01:22.000","11.3843994140625","0","-9999.0","1"
"2025-07-04 18:16:22.000","11.3956298828125","0","-9999.0","1"
"2025-07-04 18:31:22.000","-9999.0","1","-9999.0","1"
"2025-07-04 20:01:22.000","11.8509521484375","0","-9999.0","1"
"2025-07-04 20:16:22.000","12.8729248046875","0","-9999.0","1"
"2025-07-04 20:31:22.000","14.164886474609375","0","-9999.0","1"
"2025-07-04 20:46:22.000","13.281402587890625","0","-9999.0","1"
"2025-07-04 21:01:22.000","12.34136962890625","0","-9999.0","1"
"2025-07-04 21:16:22.000","12.313140869140625","0","-9999.0","1"
"2025-07-04 21:31:22.000","-11.971923828125","10","-9999.0","1"
"2025-07-04 23:01:22.000","12.759674072265625","8","-9999.0","1"
"2025-07-04 23:16:22.000","12.657806396484375","0","-9999.0","1"
"2025-07-04 23:31:22.000","12.657806396484375","0","-9999.0","1"
"2025-07-04 23:46:22.000","12.375244140625","0","8.042896270751953","0"
"2025-07-05 00:01:20.000","12.290557861328125","0","8.076461791992188","0"
"2025-07-05 00:16:20.000","12.234130859375","0","8.071333885192871","0"
"2025-07-05 00:31:20.000","12.27362060546875","0","8.072671890258789","0"
"2025-07-05 00:46:20.000","12.493865966796875","0","7.925649642944336","0"
"2025-07-05 01:01:20.000","12.73138427734375","0","8.190921783447266","0"
"2025-07-05 01:16:20.000","12.493865966796875","0","8.036225318908691","0"
"2025-07-05 01:31:20.000","12.426055908203125","0","8.240161895751953","0"
"2025-07-05 01:46:20.000","12.403472900390625","0","8.447283744812012","0"
"2025-07-05 02:01:20.000","12.31878662109375","0","8.004505157470703","0"
"2025-07-05 02:16:20.000","12.2059326171875","0","8.171529769897461","0"
"2025-07-05 02:31:20.000","12.10443115234375","0","8.053518295288086","0"
"2025-07-05 02:46:20.000","11.58660888671875","0","8.396324157714844","0"
"2025-07-05 03:01:20.000","11.328277587890625","0","7.887031078338623","8"
"2025-07-05 03:16:20.000","11.143157958984375","0","8.034992218017578","0"
"2025-07-05 03:31:20.000","11.019866943359375","0","7.99686336517334","0"
"2025-07-05 03:46:20.000","-9999.0","1","-9999.0","1"
"2025-07-05 04:46:20.000","11.098297119140625","0","8.072940826416016","0"
"2025-07-05 05:01:20.000","11.075897216796875","0","7.902273654937744","0"
"2025-07-05 05:16:20.000","11.609100341796875","0","8.07759952545166","0"
"2025-07-05 05:31:20.000","11.63720703125","0","8.105921745300293","0"
"2025-07-05 05:46:20.000","11.65966796875","0","7.954884052276611","0"
"2025-07-05 06:01:20.000","11.59222412109375","0","7.925795078277588","0"
"2025-07-05 06:16:20.000","-9999.0","1","-9999.0","1"
"2025-07-05 07:46:20.000","11.76092529296875","0","8.011869430541992","0"
"2025-07-05 08:01:20.000","11.76654052734375","0","7.886398792266846","0"
"2025-07-05 08:16:20.000","11.811553955078125","0","7.970370292663574","0"
"2025-07-05 08:31:20.000","11.7384033203125","0","7.965753078460693","0"
"2025-07-05 08:46:20.000","11.65966796875","0","8.128058433532715","0"
"2025-07-05 09:01:20.000","11.4686279296875","0","8.001842498779297","0"
"2025-07-05 09:16:20.000","11.524810791015625","0","8.247122764587402","0"
"2025-07-05 09:31:20.000","-9999.0","1","-9999.0","1"
"2025-07-05 10:46:20.000","12.183349609375","0","8.255472183227539","0"
"2025-07-05 11:01:20.000","12.160797119140625","0","7.792802810668945","0"
"2025-07-05 11:16:20.000","12.358306884765625","0","8.081572532653809","0"
"2025-07-05 11:31:20.000","12.42041015625","0","8.087404251098633","0"
"2025-07-05 11:46:20.000","12.4825439453125","0","8.065593719482422","0"
"2025-07-05 12:01:20.000","-9999.0","1","7.986248016357422","0"
"2025-07-05 13:31:20.000","12.43170166015625","0","7.9763617515563965","0"
"2025-07-05 13:46:20.000","12.488189697265625","0","8.030062675476074","0"
"2025-07-05 14:01:20.000","12.674774169921875","0","8.089011192321777","0"
"2025-07-05 14:16:20.000","12.861602783203125","0","8.175150871276855","0"
"2025-07-05 14:31:20.000","12.95794677734375","0","8.173237800598145","0"
"2025-07-05 14:46:20.000","13.2359619140625","0","8.329915046691895","0"
"2025-07-05 15:01:20.000","67.71963500976562","12","8.16949462890625","0"
"2025-07-05 16:31:20.000","12.313140869140625","8","8.196749687194824","0"
"2025-07-05 16:46:20.000","11.907257080078125","0","8.303726196289062","0"
"2025-07-05 17:01:20.000","11.82281494140625","0","8.381964683532715","0"
"2025-07-05 17:16:20.000","11.569732666015625","0","8.452476501464844","0"
"2025-07-05 17:31:20.000","11.569732666015625","0","8.20258617401123","0"
"2025-07-05 17:46:20.000","11.547271728515625","0","7.878036975860596","0"
"2025-07-05 18:01:20.000","11.59222412109375","0","8.142572402954102","0"
"2025-07-05 18:16:20.000","55.97918701171875","12","-9999.0","1"
"2025-07-05 19:46:20.000","11.7327880859375","8","8.140265464782715","0"
"2025-07-05 20:01:20.000","11.76654052734375","0","-9999.0","1"
"2025-07-05 20:16:20.000","11.89599609375","0","8.163227081298828","0"
"2025-07-05 20:31:20.000","11.935394287109375","0","8.312603950500488","0"
"2025-07-05 20:46:20.000","11.997344970703125","0","7.961166858673096","0"
"2025-07-05 21:01:20.000","12.2059326171875","0","7.994510173797607","0"
"2025-07-05 21:16:20.000","45.55230712890625","12","7.187892436981201","8"
"2025-07-05 22:31:20.000","12.279266357421875","8","9.161635398864746","12"
"2025-07-05 22:46:20.000","12.27362060546875","0","-9999.0","1"
"2025-07-05 23:01:20.000","12.403472900390625","0","-9999.0","1"
"2025-07-05 23:16:20.000","12.8446044921875","0","7.820857524871826","0"
"2025-07-05 23:31:20.000","12.589935302734375","0","5.950723171234131","10"
"2025-07-05 23:46:20.000","12.589935302734375","0","-9999.0","1"
"2025-07-06 00:01:21.000","12.56732177734375","0","-9999.0","1"
"2025-07-06 00:16:21.000","12.680450439453125","0","-9999.0","1"
"2025-07-06 00:31:21.000","12.737030029296875","0","-9999.0","1"
"2025-07-06 00:46:21.000","12.657806396484375","0","9.371747016906738","4"
"2025-07-06 01:01:21.000","12.838958740234375","0","8.494074821472168","8"
"2025-07-06 01:16:21.000","12.91827392578125","0","7.955831527709961","8"
"2025-07-06 01:31:21.000","12.612579345703125","0","-9999.0","1"
"2025-07-06 01:46:21.000","12.52777099609375","0","-9999.0","1"
"2025-07-06 02:01:21.000","12.4825439453125","0","-9999.0","1"
"2025-07-06 02:16:21.000","12.4599609375","0","-9999.0","1"
"2025-07-06 02:31:21.000","12.3978271484375","0","-9999.0","1"
"2025-07-06 02:46:21.000","12.392181396484375","0","-9999.0","1"
"2025-07-06 03:01:21.000","12.347015380859375","0","-9999.0","1"
"2025-07-06 03:16:21.000","11.631561279296875","0","-9999.0","1"
"2025-07-06 03:31:21.000","11.3900146484375","0","-9999.0","1"
"2025-07-06 03:46:21.000","-5.72906494140625","10","-9999.0","1"
"2025-07-06 04:46:21.000","11.789031982421875","8","-9999.0","1"
"2025-07-06 05:01:21.000","11.82281494140625","0","-9999.0","1"
"2025-07-06 05:16:21.000","11.76092529296875","0","-9999.0","1"
"2025-07-06 05:31:21.000","11.89599609375","0","-9999.0","1"
"2025-07-06 05:46:21.000","11.929779052734375","0","-9999.0","1"
"2025-07-06 06:01:21.000","11.935394287109375","0","-9999.0","1"
"2025-07-06 06:16:21.000","210.84197998046875","12","-9999.0","1"
"2025-07-06 07:46:21.000","11.63720703125","8","-9999.0","1"
"2025-07-06 08:01:21.000","12.414764404296875","0","-9999.0","1"
"2025-07-06 08:16:21.000","12.516448974609375","0","-9999.0","1"
"2025-07-06 08:31:21.000","12.52777099609375","0","-9999.0","1"
"2025-07-06 08:46:21.000","12.426055908203125","0","-9999.0","1"
"2025-07-06 09:01:21.000","12.765350341796875","0","-19.585142135620117","2"
"2025-07-06 09:16:21.000","12.544708251953125","0","-9999.0","1"
"2025-07-06 09:31:21.000","10.482666015625","0","-9999.0","1"
"2025-07-06 11:01:21.000","12.657806396484375","0","-9999.0","1"
"2025-07-06 11:16:21.000","12.612579345703125","0","-9999.0","1"
"2025-07-06 11:31:21.000","12.572998046875","0","-9999.0","1"
"2025-07-06 11:46:21.000","12.465606689453125","0","-9999.0","1"
"2025-07-06 12:01:21.000","12.251068115234375","0","-9999.0","1"
"2025-07-06 12:16:21.000","12.454315185546875","0","-9999.0","1"
"2025-07-06 14:01:21.000","12.657806396484375","0","-9999.0","1"
"2025-07-06 14:16:21.000","12.714385986328125","0","-9999.0","1"
"2025-07-06 14:31:21.000","13.031646728515625","0","-9999.0","1"
"2025-07-06 14:46:21.000","13.025970458984375","0","8.09057331085205","0"
"2025-07-06 15:01:21.000","13.145111083984375","0","8.177000045776367","0"
"2025-07-06 15:16:21.000","13.08837890625","0","8.594942092895508","0"
"2025-07-06 15:31:21.000","-9999.0","1","-9999.0","1"
"2025-07-06 17:01:21.000","12.77667236328125","0","8.144365310668945","0"
"2025-07-06 17:16:21.000","12.267974853515625","0","8.432332992553711","0"
"2025-07-06 17:31:21.000","12.2623291015625","0","8.117990493774414","0"
"2025-07-06 17:46:21.000","12.13824462890625","0","8.089554786682129","0"
"2025-07-06 18:01:21.000","12.121337890625","0","8.084293365478516","0"
"2025-07-06 18:16:21.000","12.07061767578125","0","8.081788063049316","0"
"2025-07-06 18:31:21.000","-9999.0","1","8.330672264099121","0"
"2025-07-06 20:16:21.000","12.476898193359375","0","-9999.0","1"
"2025-07-06 20:31:21.000","12.476898193359375","0","8.380983352661133","0"
"2025-07-06 20:46:21.000","12.488189697265625","0","-9999.0","1"
"2025-07-06 21:01:21.000","12.49951171875","0","-9999.0","1"
"2025-07-06 21:16:21.000","12.4825439453125","0","-9999.0","1"
"2025-07-06 21:31:21.000","12.454315185546875","0","-9999.0","1"
"2025-07-06 21:46:21.000","-28.130599975585938","10","-9999.0","1"
"2025-07-06 23:16:21.000","12.437347412109375","8","-9999.0","1"
"2025-07-06 23:31:21.000","12.4825439453125","0","-9999.0","1"
"2025-07-06 23:46:21.000","12.426055908203125","0","-9999.0","1"
"2025-07-07 00:01:20.000","12.454315185546875","0","-9999.0","1"
"2025-07-07 00:16:20.000","12.827606201171875","0","-9999.0","1"
"2025-07-07 00:31:20.000","13.04864501953125","0","-9999.0","1"
"2025-07-07 00:46:20.000","12.923919677734375","0","-9999.0","1"
"2025-07-07 01:01:20.000","13.037322998046875","0","-9999.0","1"
"2025-07-07 01:16:20.000","12.9522705078125","0","-9999.0","1"
"2025-07-07 01:31:20.000","13.031646728515625","0","-9999.0","1"
"2025-07-07 01:46:20.000","13.07135009765625","0","-9999.0","1"
"2025-07-07 02:01:20.000","12.969268798828125","0","-9999.0","1"
"2025-07-07 02:16:20.000","12.969268798828125","0","-9999.0","1"
"2025-07-07 02:31:20.000","13.07135009765625","0","-9999.0","1"
"2025-07-07 02:46:20.000","13.065673828125","0","-9999.0","1"
"2025-07-07 03:01:20.000","12.980621337890625","0","-9999.0","1"
"2025-07-07 03:16:20.000","12.77099609375","0","-9999.0","1"
"2025-07-07 03:31:20.000","12.550384521484375","0","-9999.0","1"
"2025-07-07 03:46:20.000","-9999.0","1","-9999.0","1"
"2025-07-07 04:46:20.000","12.36395263671875","0","-9999.0","1"
"2025-07-07 05:01:20.000","12.4599609375","0","-9999.0","1"
"2025-07-07 05:16:20.000","12.290557861328125","0","-9999.0","1"
"2025-07-07 05:31:20.000","12.454315185546875","0","-9999.0","1"
"2025-07-07 05:46:20.000","12.7540283203125","0","-9999.0","1"
"2025-07-07 06:01:20.000","12.804962158203125","0","-9999.0","1"
"2025-07-07 06:16:20.000","-9999.0","1","-9999.0","1"
"2025-07-07 07:46:20.000","12.43170166015625","0","-9999.0","1"
"2025-07-07 08:01:20.000","12.40911865234375","0","-9999.0","1"
"2025-07-07 08:16:20.000","12.375244140625","0","-9999.0","1"
"2025-07-07 08:31:20.000","12.347015380859375","0","-9999.0","1"
"2025-07-07 08:46:20.000","13.145111083984375","0","-9999.0","1"
"2025-07-07 09:01:20.000","12.714385986328125","0","-9999.0","1"
"2025-07-07 09:16:20.000","14.31939697265625","0","-9999.0","1"
"2025-07-07 09:31:20.000","-25.755569458007812","10","-9999.0","1"
"2025-07-07 11:01:20.000","13.389373779296875","8","-9999.0","1"
"2025-07-07 11:16:20.000","13.25299072265625","0","-9999.0","1"
"2025-07-07 11:31:20.000","13.116729736328125","0","-9999.0","1"
"2025-07-07 11:46:20.000","13.111053466796875","0","-9999.0","1"
"2025-07-07 12:01:20.000","12.95794677734375","0","-9999.0","1"
"2025-07-07 12:16:20.000","12.85028076171875","0","-9999.0","1"
"2025-07-07 12:31:20.000","-5.5987548828125","10","-9999.0","1"
"2025-07-07 14:01:20.000","12.895599365234375","8","-9999.0","1"
"2025-07-07 14:16:20.000","13.0543212890625","0","-9999.0","1"
"2025-07-07 14:31:20.000","13.2586669921875","0","-9999.0","1"
"2025-07-07 14:46:20.000","13.43487548828125","0","7.894797325134277","0"
"2025-07-07 15:01:20.000","13.6739501953125","0","-9999.0","1"
"2025-07-07 15:16:20.000","13.71954345703125","0","8.50202751159668","0"
"2025-07-07 15:31:20.000","13.708160400390625","0","-9999.0","1"
"2025-07-07 15:46:20.000","-9999.0","1","-9999.0","1"
"2025-07-07 17:01:20.000","13.31549072265625","0","8.668013572692871","0"
"2025-07-07 17:16:20.000","13.190521240234375","0","8.077014923095703","8"
"2025-07-07 17:31:20.000","12.85028076171875","0","8.419686317443848","0"
"2025-07-07 17:46:20.000","12.867279052734375","0","8.516816139221191","0"
"2025-07-07 18:01:20.000","12.8162841796875","0","-9999.0","1"
"2025-07-07 18:16:20.000","12.787994384765625","0","8.184804916381836","0"
"2025-07-07 18:31:20.000","80.49935913085938","12","-9999.0","1"
"2025-07-07 19:46:20.000","12.697418212890625","8","7.418294429779053","0"
"2025-07-07 20:01:20.000","12.82196044921875","0","-9999.0","1"
"2025-07-07 20:16:20.000","12.963592529296875","0","8.325005531311035","0"
"2025-07-07 20:31:20.000","12.969268798828125","0","-9999.0","1"
"2025-07-07 20:46:20.000","12.98626708984375","0","8.342751502990723","0"
"2025-07-07 21:01:20.000","13.0032958984375","0","7.775847434997559","8"
"2025-07-07 21:16:20.000","-5.5987548828125","10","-9999.0","1"
"2025-07-07 22:46:20.000","12.90692138671875","8","8.295884132385254","0"
"2025-07-07 23:01:20.000","12.929595947265625","0","8.038651466369629","0"
"2025-07-07 23:16:20.000","12.94659423828125","0","-9999.0","1"
"2025-07-07 23:31:20.000","12.929595947265625","0","-9999.0","1"
"2025-07-07 23:46:20.000","12.91827392578125","0","8.203192710876465","0"
"2025-07-08 00:01:20.000","12.929595947265625","0","-9999.0","1"
"2025-07-08 00:16:20.000","12.901275634765625","0","8.22383975982666","0"
"2025-07-08 00:31:20.000","13.270050048828125","0","-9999.0","1"
"2025-07-08 00:46:20.000","13.423492431640625","0","-9999.0","1"
"2025-07-08 01:01:20.000","13.43487548828125","0","-9999.0","1"
"2025-07-08 01:16:20.000","13.662567138671875","0","-9999.0","1"
"2025-07-08 01:31:20.000","13.4576416015625","0","-9999.0","1"
"2025-07-08 01:46:20.000","13.46331787109375","0","-9999.0","1"
"2025-07-08 02:01:20.000","13.54296875","0","-9999.0","1"
"2025-07-08 02:16:20.000","13.548675537109375","0","-9999.0","1"
"2025-07-08 02:31:20.000","13.59991455078125","0","-9999.0","1"
"2025-07-08 02:46:20.000","13.7708740234375","0","-9999.0","1"
"2025-07-08 03:01:20.000","13.588531494140625","0","36.04568862915039","4"
"2025-07-08 03:16:20.000","13.59991455078125","0","-9999.0","1"
"2025-07-08 03:31:20.000","14.21636962890625","0","-9999.0","1"
"2025-07-08 03:46:20.000","195.09417724609375","12","-9999.0","1"
"2025-07-08 04:46:20.000","13.190521240234375","8","-9999.0","1"
"2025-07-08 05:01:20.000","12.95794677734375","0","-9999.0","1"
"2025-07-08 05:16:20.000","12.87860107421875","0","-9999.0","1"
"2025-07-08 05:31:20.000","12.87860107421875","0","-9999.0","1"
"2025-07-08 05:46:20.000","12.901275634765625","0","-9999.0","1"
"2025-07-08 06:01:20.000","12.9522705078125","0","-9999.0","1"
"2025-07-08 06:16:20.000","-9999.0","1","-9999.0","1"
"2025-07-08 08:01:20.000","13.025970458984375","0","-9999.0","1"
"2025-07-08 08:16:20.000","12.889923095703125","0","-9999.0","1"
"2025-07-08 08:31:20.000","14.96246337890625","0","-9999.0","1"
"2025-07-08 08:46:20.000","14.577362060546875","0","-9999.0","1"
"2025-07-08 09:01:20.000","14.39385986328125","0","-9999.0","1"
"2025-07-08 09:16:20.000","14.33087158203125","0","2.22769832611084","2"
"2025-07-08 09:31:20.000","-9999.0","1","-9999.0","1"
"2025-07-08 11:01:20.000","13.594207763671875","0","8.603504180908203","0"
"2025-07-08 11:16:20.000","13.571441650390625","0","8.554719924926758","0"
"2025-07-08 11:31:20.000","13.30413818359375","0","-9999.0","1"
"2025-07-08 11:46:20.000","13.270050048828125","0","8.193906784057617","0"
"2025-07-08 12:01:20.000","13.372314453125","0","7.942455768585205","0"
"2025-07-08 12:16:20.000","13.486083984375","0","6.1623029708862305","10"
"2025-07-08 12:31:20.000","-9999.0","1","-9999.0","1"
"2025-07-08 14:01:20.000","13.218902587890625","0","8.220925331115723","0"
"2025-07-08 14:16:20.000","13.156463623046875","0","8.139139175415039","0"
"2025-07-08 14:31:20.000","13.031646728515625","0","7.951641082763672","0"
"2025-07-08 14:46:20.000","13.099700927734375","0","8.215620040893555","0"
"2025-07-08 15:01:20.000","13.156463623046875","0","8.076822280883789","0"
"2025-07-08 15:16:20.000","13.2359619140625","0","8.0958890914917","0"
"2025-07-08 15:31:20.000","-9999.0","1","7.795726776123047","0"
"2025-07-08 17:01:20.000","13.805084228515625","0","8.606236457824707","8"
"2025-07-08 17:16:20.000","13.59991455078125","0","8.483905792236328","0"
"2025-07-08 17:31:20.000","13.53729248046875","0","8.256256103515625","0"
"2025-07-08 17:46:20.000","13.423492431640625","0","8.26193904876709","0"
"2025-07-08 18:01:20.000","13.503143310546875","0","8.24731159210205","0"
"2025-07-08 18:16:20.000","13.111053466796875","0","8.17665958404541","0"
"2025-07-08 18:31:20.000","220.18759155273438","12","5.9202165603637695","10"
"2025-07-08 20:01:20.000","12.861602783203125","8","8.223581314086914","8"
"2025-07-08 20:16:20.000","12.68609619140625","0","8.253274917602539","0"
"2025-07-08 20:31:20.000","12.7257080078125","0","7.359152793884277","8"
"2025-07-08 20:46:20.000","12.861602783203125","0","6.113842010498047","10"
"2025-07-08 21:01:20.000","12.9522705078125","0","7.343202590942383","8"
"2025-07-08 21:16:20.000","12.901275634765625","0","6.3828206062316895","10"
"2025-07-08 21:31:20.000","12.90692138671875","0","7.17086935043335","8"
"2025-07-08 21:46:20.000","-9999.0","1","-9999.0","1"
"2025-07-08 23:16:20.000","12.454315185546875","0","7.175238609313965","0"
"2025-07-08 23:31:20.000","12.493865966796875","0","-9999.0","1"
"2025-07-08 23:46:20.000","12.47125244140625","0","6.855936050415039","2"
"2025-07-09 00:01:20.000","12.49951171875","0","7.877298831939697","0"
"2025-07-09 00:16:20.000","12.4599609375","0","12.014472961425781","12"
"2025-07-09 00:31:20.000","12.4599609375","0","7.448749542236328","8"
"2025-07-09 00:46:20.000","12.51080322265625","0","7.171342849731445","0"
"2025-07-09 01:01:20.000","12.703094482421875","0","7.151975154876709","0"
"2025-07-09 01:16:20.000","12.759674072265625","0","8.229090690612793","8"
"2025-07-09 01:31:20.000","12.7257080078125","0","7.637906551361084","8"
"2025-07-09 01:46:20.000","12.720062255859375","0","7.183877468109131","0"
"2025-07-09 02:01:20.000","12.7257080078125","0","6.428187370300293","10"
"2025-07-09 02:16:20.000","12.663482666015625","0","-9999.0","1"
"2025-07-09 02:31:20.000","12.680450439453125","0","7.482301712036133","0"
"2025-07-09 02:46:20.000","12.697418212890625","0","-9999.0","1"
"2025-07-09 03:01:20.000","12.929595947265625","0","7.994147777557373","0"
"2025-07-09 03:16:20.000","12.77667236328125","0","7.833378314971924","0"
"2025-07-09 03:31:20.000","12.708740234375","0","-9999.0","1"
"2025-07-09 03:46:20.000","-9999.0","1","-9999.0","1"
"2025-07-09 04:46:20.000","13.46331787109375","0","-9999.0","1"
"2025-07-09 05:01:20.000","12.804962158203125","0","-9999.0","1"
"2025-07-09 05:16:20.000","12.595611572265625","0","8.003219604492188","0"
"2025-07-09 05:31:20.000","12.476898193359375","0","8.037910461425781","0"
"2025-07-09 05:46:20.000","12.787994384765625","0","7.941469669342041","0"
"2025-07-09 06:01:20.000","12.4825439453125","0","7.94006872177124","0"
"2025-07-09 06:16:20.000","269.6974792480469","12","-9999.0","1"
"2025-07-09 07:46:20.000","12.572998046875","8","-9999.0","1"
"2025-07-09 08:01:20.000","12.544708251953125","0","-9999.0","1"
"2025-07-09 08:16:20.000","13.25299072265625","0","6.804049015045166","2"
"2025-07-09 08:31:20.000","12.703094482421875","0","-9999.0","1"
"2025-07-09 08:46:20.000","16.248046875","0","-9999.0","1"
"2025-07-09 09:01:20.000","16.685943603515625","0","-9999.0","1"
"2025-07-09 09:16:20.000","16.090850830078125","0","8.060341835021973","0"
"2025-07-09 10:31:20.000","12.980621337890625","0","8.391409873962402","0"
"2025-07-09 10:46:20.000","13.162139892578125","0","8.675749778747559","0"
"2025-07-09 11:01:20.000","13.065673828125","0","12.236169815063477","12"
"2025-07-09 11:16:20.000","13.014617919921875","0","7.429214000701904","8"
"2025-07-09 11:31:20.000","12.969268798828125","0","-9999.0","1"
"2025-07-09 11:46:20.000","12.95794677734375","0","-9999.0","1"
"2025-07-09 12:01:20.000","366.1585388183594","12","-9999.0","1"
"2025-07-09 13:31:20.000","12.98626708984375","8","-9999.0","1"
"2025-07-09 13:46:20.000","12.889923095703125","0","-9999.0","1"
"2025-07-09 14:01:20.000","13.145111083984375","0","-9999.0","1"
"2025-07-09 14:16:20.000","13.2586669921875","0","-9999.0","1"
"2025-07-09 14:31:20.000","13.298431396484375","0","-9999.0","1"
"2025-07-09 14:46:20.000","13.4007568359375","0","-9999.0","1"
"2025-07-09 15:01:20.000","46.35382080078125","12","-9999.0","1"
"2025-07-09 15:52:51.000","-9999.0","1","-9999.0","1"
"2025-07-09 16:31:20.000","13.68536376953125","0","-9999.0","1"
"2025-07-09 16:46:20.000","13.73095703125","0","-9999.0","1"
"2025-07-09 17:01:20.000","13.765167236328125","0","8.35184383392334","0"
"2025-07-09 17:16:20.000","13.805084228515625","0","8.245011329650879","0"
"2025-07-09 17:31:20.000","13.9705810546875","0","7.695675849914551","8"
"2025-07-09 17:46:20.000","14.016265869140625","0","6.6519694328308105","10"
"2025-07-09 18:01:20.000","13.83929443359375","0","8.054699897766113","8"
"2025-07-09 18:16:20.000","-5.47454833984375","10","7.442674160003662","8"
"2025-07-09 19:46:20.000","12.0931396484375","8","-9999.0","1"
"2025-07-09 20:01:20.000","12.064971923828125","0","-9999.0","1"
"2025-07-09 20:16:20.000","12.10443115234375","0","-9999.0","1"
"2025-07-09 20:31:20.000","12.1495361328125","0","-9999.0","1"
"2025-07-09 20:46:20.000","11.867828369140625","0","-9999.0","1"
"2025-07-09 21:01:20.000","11.794677734375","0","-9999.0","1"
"2025-07-09 21:16:20.000","37.12103271484375","12","-9999.0","1"
"2025-07-09 22:46:20.000","12.352630615234375","8","8.12108039855957","0"
"2025-07-09 23:01:20.000","12.330078125","0","8.040252685546875","0"
"2025-07-09 23:16:20.000","12.330078125","0","7.970348834991455","0"
"2025-07-09 23:31:20.000","12.27362060546875","0","8.303516387939453","0"
"2025-07-09 23:46:20.000","12.34136962890625","0","-9999.0","1"
"2025-07-10 00:01:20.000","12.19464111328125","0","8.292956352233887","0"
"2025-07-10 00:16:20.000","12.16644287109375","0","8.16718578338623","0"
"2025-07-10 00:31:20.000","12.115692138671875","0","8.396918296813965","0"
"2025-07-10 00:46:20.000","12.132598876953125","0","7.984440803527832","0"
"2025-07-10 01:01:20.000","12.31878662109375","0","8.23965835571289","0"
"2025-07-10 01:16:20.000","12.335723876953125","0","8.33166217803955","0"
"2025-07-10 01:31:20.000","12.347015380859375","0","-9999.0","1"
"2025-07-10 01:46:20.000","12.330078125","0","-9999.0","1"
"2025-07-10 02:01:20.000","12.313140869140625","0","-9999.0","1"
"2025-07-10 02:16:20.000","12.347015380859375","0","-9999.0","1"
"2025-07-10 02:31:20.000","12.335723876953125","0","-9999.0","1"
"2025-07-10 02:46:20.000","12.301849365234375","0","-9999.0","1"
"2025-07-10 03:01:20.000","12.330078125","0","-9999.0","1"
"2025-07-10 03:16:20.000","12.335723876953125","0","-9999.0","1"
"2025-07-10 03:31:20.000","12.42041015625","0","8.377610206604004","0"
"2025-07-10 03:46:20.000","-9999.0","1","-9999.0","1"
"2025-07-10 04:46:20.000","12.5390625","0","8.276534080505371","0"
"2025-07-10 05:01:20.000","12.4599609375","0","-9999.0","1"
"2025-07-10 05:16:20.000","12.465606689453125","0","-9999.0","1"
"2025-07-10 05:31:20.000","12.380889892578125","0","-9999.0","1"
"2025-07-10 05:46:20.000","12.43170166015625","0","-9999.0","1"
"2025-07-10 06:01:20.000","12.448638916015625","0","-9999.0","1"
"2025-07-10 06:16:20.000","67.71963500976562","12","-9999.0","1"
"2025-07-10 08:01:20.000","11.96917724609375","8","-9999.0","1"
"2025-07-10 08:16:20.000","12.031158447265625","0","-9999.0","1"
"2025-07-10 08:31:20.000","12.064971923828125","0","-9999.0","1"
"2025-07-10 08:46:20.000","12.03680419921875","0","-9999.0","1"
"2025-07-10 09:01:20.000","12.03680419921875","0","-9999.0","1"
"2025-07-10 09:16:20.000","12.126983642578125","0","-9999.0","1"
"2025-07-10 09:31:20.000","-9999.0","1","-9999.0","1"
"2025-07-10 11:01:20.000","13.8963623046875","0","-9999.0","1"
"2025-07-10 11:16:20.000","13.122406005859375","0","-9999.0","1"
"2025-07-10 11:31:20.000","13.65118408203125","0","-9999.0","1"
"2025-07-10 11:46:20.000","13.480377197265625","0","-9999.0","1"
"2025-07-10 12:01:20.000","13.372314453125","0","-9999.0","1"
"2025-07-10 12:16:20.000","13.31549072265625","0","-9999.0","1"
"2025-07-10 12:31:20.000","-9999.0","1","-9999.0","1"
"2025-07-10 14:01:20.000","12.91259765625","0","-9999.0","1"
"2025-07-10 14:16:20.000","12.8729248046875","0","-9999.0","1"
"2025-07-10 14:31:20.000","12.88427734375","0","-9999.0","1"
"2025-07-10 14:46:20.000","12.901275634765625","0","-9999.0","1"
"2025-07-10 15:01:20.000","12.833282470703125","0","-9999.0","1"
"2025-07-10 15:16:20.000","12.8729248046875","0","-9999.0","1"
"2025-07-10 15:31:20.000","166.31378173828125","12","-9999.0","1"
"2025-07-10 16:46:20.000","13.116729736328125","8","8.226485252380371","0"
"2025-07-10 17:01:20.000","13.190521240234375","0","8.175164222717285","0"
"2025-07-10 17:16:20.000","13.2586669921875","0","7.424166679382324","8"
"2025-07-10 17:31:20.000","13.3211669921875","0","7.8537421226501465","0"
"2025-07-10 17:46:20.000","13.383697509765625","0","7.910174369812012","0"
"2025-07-10 18:01:20.000","13.383697509765625","0","8.017892837524414","0"
"2025-07-10 18:16:20.000","13.49176025390625","0","7.943365573883057","0"
"2025-07-10 18:31:20.000","11.294586181640625","0","-9999.0","1"
"2025-07-10 19:46:20.000","11.7327880859375","0","7.656158447265625","0"
"2025-07-10 20:01:20.000","11.749664306640625","0","8.17386531829834","8"
"2025-07-10 20:16:20.000","11.60345458984375","0","7.815676689147949","0"
"2025-07-10 20:31:20.000","11.7327880859375","0","8.160701751708984","0"
"2025-07-10 20:46:20.000","11.794677734375","0","8.008086204528809","0"
"2025-07-10 21:01:20.000","172.7119140625","12","5.162813663482666","10"
"2025-07-10 22:16:20.000","11.907257080078125","8","-9999.0","1"
"2025-07-10 22:31:20.000","12.0255126953125","0","7.84592866897583","0"
"2025-07-10 22:46:20.000","12.10443115234375","0","8.078681945800781","0"
"2025-07-10 23:01:20.000","12.11004638671875","0","7.559148788452148","8"
"2025-07-10 23:16:20.000","12.143890380859375","0","7.75593376159668","0"
"2025-07-10 23:31:20.000","12.183349609375","0","8.055404663085938","0"
"2025-07-10 23:46:20.000","-9999.0","1","-9999.0","1"
"2025-07-11 00:01:21.000","12.0931396484375","0","8.319857597351074","0"
"2025-07-11 00:16:21.000","12.00860595703125","0","7.77440071105957","8"
"2025-07-11 00:31:21.000","11.929779052734375","0","8.34365463256836","8"
"2025-07-11 00:46:21.000","11.794677734375","0","7.764309883117676","8"
"2025-07-11 01:01:21.000","13.4405517578125","0","8.15528678894043","0"
"2025-07-11 01:16:21.000","13.3609619140625","0","8.277127265930176","0"
"2025-07-11 01:31:21.000","13.412139892578125","0","-0.5583052635192871","10"
"2025-07-11 01:46:21.000","13.61700439453125","0","8.203145027160645","8"
"2025-07-11 02:01:21.000","13.645477294921875","0","8.162778854370117","0"
"2025-07-11 02:16:21.000","13.662567138671875","0","8.188660621643066","0"
"2025-07-11 02:31:21.000","13.736663818359375","0","8.183753967285156","0"
"2025-07-11 02:46:21.000","13.68536376953125","0","8.092353820800781","0"
"2025-07-11 03:01:21.000","13.662567138671875","0","8.191349029541016","0"
"2025-07-11 03:16:21.000","13.61700439453125","0","7.9631757736206055","0"
"2025-07-11 03:31:21.000","13.856414794921875","0","8.116686820983887","0"
"2025-07-11 03:46:21.000","163.016845703125","12","5.165626049041748","10"
"2025-07-11 04:46:21.000","13.4576416015625","8","8.097892761230469","8"
"2025-07-11 05:01:21.000","13.52020263671875","0","7.862483024597168","0"
"2025-07-11 05:16:21.000","13.39508056640625","0","8.502163887023926","8"
"2025-07-11 05:31:21.000","13.343902587890625","0","8.42214584350586","0"
"2025-07-11 05:46:21.000","13.173492431640625","0","-9999.0","1"
"2025-07-11 06:01:21.000","13.3211669921875","0","-9999.0","1"
"2025-07-11 06:16:21.000","161.88101196289062","12","-9999.0","1"
"2025-07-11 07:46:21.000","12.465606689453125","8","-9999.0","1"
"2025-07-11 08:01:21.000","11.7327880859375","0","-9999.0","1"
"2025-07-11 08:16:21.000","12.448638916015625","0","-9999.0","1"
"2025-07-11 08:31:21.000","12.493865966796875","0","-9999.0","1"
"2025-07-11 08:46:21.000","13.417816162109375","0","-9999.0","1"
"2025-07-11 09:01:21.000","13.46331787109375","0","-9999.0","1"
"2025-07-11 09:16:21.000","217.19137573242188","12","-9999.0","1"
"2025-07-11 10:46:21.000","13.55438232421875","8","-9999.0","1"
"2025-07-11 11:01:21.000","13.36663818359375","0","-9999.0","1"
"2025-07-11 11:16:21.000","13.39508056640625","0","-9999.0","1"
"2025-07-11 11:31:21.000","13.4576416015625","0","-9999.0","1"
"2025-07-11 11:46:21.000","13.343902587890625","0","-9999.0","1"
"2025-07-11 12:01:21.000","13.184844970703125","0","-9999.0","1"
"2025-07-11 12:16:21.000","13.00897216796875","0","-9999.0","1"
"2025-07-11 12:31:21.000","-9999.0","1","-9999.0","1"
"2025-07-11 14:01:21.000","13.2359619140625","0","-9999.0","1"
"2025-07-11 14:16:21.000","13.622711181640625","0","-9999.0","1"
"2025-07-11 14:31:21.000","13.810791015625","0","8.140883445739746","0"
"2025-07-11 14:46:21.000","13.753753662109375","0","8.214692115783691","0"
"2025-07-11 15:01:21.000","13.5145263671875","0","7.963433742523193","0"
"2025-07-11 15:16:21.000","13.446258544921875","0","8.11396598815918","0"
"2025-07-11 15:31:21.000","200.90887451171875","12","-9999.0","1"
"2025-07-11 17:01:21.000","13.32684326171875","8","8.248136520385742","0"
"2025-07-11 17:16:21.000","13.35528564453125","0","8.037205696105957","0"
"2025-07-11 17:31:21.000","13.383697509765625","0","8.029655456542969","0"
"2025-07-11 17:46:21.000","13.4576416015625","0","8.122513771057129","0"
"2025-07-11 18:01:21.000","13.52020263671875","0","8.060440063476562","0"
"2025-07-11 18:16:21.000","13.594207763671875","0","8.094892501831055","0"
"2025-07-11 18:31:21.000","-9999.0","1","-9999.0","1"
"2025-07-11 20:01:21.000","12.867279052734375","0","8.094016075134277","0"
"2025-07-11 20:16:21.000","12.612579345703125","0","8.224437713623047","0"
"2025-07-11 20:31:21.000","12.267974853515625","0","7.8728766441345215","0"
"2025-07-11 20:46:21.000","12.2059326171875","0","8.05625057220459","0"
"2025-07-11 21:01:21.000","12.0875244140625","0","8.051715850830078","0"
"2025-07-11 21:16:21.000","12.07061767578125","0","8.081979751586914","0"
"2025-07-11 21:31:21.000","-9999.0","1","-9999.0","1"
"2025-07-11 23:01:21.000","11.80029296875","0","8.132600784301758","0"
"2025-07-11 23:16:21.000","11.783416748046875","0","8.128289222717285","0"
"2025-07-11 23:31:21.000","11.665313720703125","0","7.9948039054870605","0"
"2025-07-11 23:46:21.000","11.65966796875","0","7.932337284088135","0"
"2025-07-12 00:01:21.000","11.614715576171875","0","8.138382911682129","0"
"2025-07-12 00:16:21.000","11.569732666015625","0","7.895347595214844","0"
"2025-07-12 00:31:21.000","11.609100341796875","0","8.073244094848633","0"
"2025-07-12 00:46:21.000","11.715911865234375","0","7.92327356338501","0"
"2025-07-12 01:01:21.000","11.68780517578125","0","7.985332012176514","0"
"2025-07-12 01:16:21.000","11.82843017578125","0","7.996045112609863","0"
"2025-07-12 01:31:21.000","12.63519287109375","0","8.09780216217041","0"
"2025-07-12 01:46:21.000","12.74835205078125","0","7.889622688293457","0"
"2025-07-12 02:01:21.000","12.79931640625","0","8.309361457824707","0"
"2025-07-12 02:16:21.000","12.4599609375","0","8.122577667236328","0"
"2025-07-12 02:31:21.000","12.24542236328125","0","7.881728172302246","0"
"2025-07-12 02:46:21.000","12.081878662109375","0","8.102923393249512","0"
"2025-07-12 03:01:21.000","12.177734375","0","8.242243766784668","0"
"2025-07-12 03:16:21.000","12.200286865234375","0","7.971941947937012","0"
"2025-07-12 03:31:21.000","12.7540283203125","0","8.073619842529297","0"
"2025-07-12 03:46:21.000","-9999.0","1","-9999.0","1"
"2025-07-12 04:46:21.000","12.827606201171875","0","7.944814682006836","0"
"2025-07-12 05:01:21.000","12.714385986328125","0","8.11328411102295","0"
"2025-07-12 05:16:21.000","12.516448974609375","0","7.730057716369629","0"
"2025-07-12 05:31:21.000","12.572998046875","0","7.968517303466797","0"
"2025-07-12 05:46:21.000","12.606903076171875","0","7.918217658996582","0"
"2025-07-12 06:01:21.000","12.595611572265625","0","8.160259246826172","0"
"2025-07-12 06:16:21.000","-33.890899658203125","10","-9999.0","1"
"2025-07-12 07:46:21.000","12.533416748046875","8","7.932008266448975","0"
"2025-07-12 08:01:21.000","12.505157470703125","0","7.887930870056152","0"
"2025-07-12 08:16:21.000","12.493865966796875","0","7.829329490661621","0"
"2025-07-12 08:31:21.000","12.42041015625","0","8.014575004577637","0"
"2025-07-12 08:46:21.000","12.330078125","0","7.840672969818115","0"
"2025-07-12 09:01:21.000","12.330078125","0","8.008749961853027","0"
"2025-07-12 09:16:21.000","77.014892578125","12","7.452280521392822","8"
"2025-07-12 10:46:21.000","12.708740234375","8","7.860532760620117","0"
"2025-07-12 11:01:21.000","12.437347412109375","0","8.031471252441406","0"
"2025-07-12 11:16:21.000","13.953460693359375","0","8.043230056762695","0"
"2025-07-12 11:31:21.000","14.119140625","0","8.459896087646484","0"
"2025-07-12 11:46:21.000","14.22210693359375","0","8.088332176208496","0"
"2025-07-12 12:01:21.000","13.816497802734375","0","8.039926528930664","0"
"2025-07-12 12:16:21.000","-9999.0","1","-9999.0","1"
"2025-07-12 13:46:21.000","13.54296875","0","8.178210258483887","0"
"2025-07-12 14:01:21.000","13.662567138671875","0","8.066824913024902","0"
"2025-07-12 14:16:21.000","13.58282470703125","0","7.950290679931641","0"
"2025-07-12 14:31:21.000","13.497467041015625","0","7.9886860847473145","0"
"2025-07-12 14:46:21.000","13.451934814453125","0","8.002057075500488","0"
"2025-07-12 15:01:21.000","13.3211669921875","0","8.163349151611328","0"
"2025-07-12 15:16:21.000","-9999.0","1","-9999.0","1"
"2025-07-12 16:31:21.000","13.7138671875","0","8.066206932067871","0"
"2025-07-12 16:46:21.000","13.679656982421875","0","8.059305191040039","0"
"2025-07-12 17:01:21.000","13.6568603515625","0","8.049448013305664","0"
"2025-07-12 17:16:21.000","13.6739501953125","0","8.084305763244629","0"
"2025-07-12 17:31:21.000","13.73095703125","0","8.12876033782959","0"
"2025-07-12 17:46:21.000","13.782257080078125","0","-9999.0","1"
"2025-07-12 18:01:21.000","-5.433197021484375","10","-9999.0","1"
"2025-07-12 19:16:21.000","13.976287841796875","8","8.005969047546387","0"
"2025-07-12 19:31:21.000","13.845001220703125","0","8.209844589233398","0"
"2025-07-12 19:46:21.000","13.696746826171875","0","8.10112476348877","0"
"2025-07-12 20:01:21.000","13.696746826171875","0","8.238579750061035","0"
"2025-07-12 20:16:21.000","12.782318115234375","0","8.235289573669434","0"
"2025-07-12 20:31:21.000","-5.63427734375","10","7.873148441314697","0"
"2025-07-12 22:01:21.000","11.541656494140625","8","7.878586292266846","0"
"2025-07-12 22:16:21.000","11.4910888671875","0","7.955233573913574","0"
"2025-07-12 22:31:21.000","11.311431884765625","0","8.015400886535645","0"
"2025-07-12 22:46:21.000","11.4349365234375","0","8.016409873962402","0"
"2025-07-12 23:01:21.000","11.5191650390625","0","7.848289966583252","0"
"2025-07-12 23:16:21.000","11.777801513671875","0","8.056990623474121","0"
"2025-07-12 23:31:21.000","-9999.0","1","-9999.0","1"
"2025-07-13 00:01:20.000","11.7384033203125","0","7.793522357940674","0"
"2025-07-13 00:16:20.000","11.7384033203125","0","8.029925346374512","0"
"2025-07-13 00:31:20.000","11.682159423828125","0","7.922226428985596","0"
"2025-07-13 00:46:20.000","11.665313720703125","0","7.9016337394714355","0"
"2025-07-13 01:01:20.000","11.4517822265625","0","7.98030424118042","0"
"2025-07-13 01:16:20.000","11.4967041015625","0","7.98030424118042","0"
"2025-07-13 01:31:20.000","11.3563232421875","0","7.984189510345459","0"
"2025-07-13 01:46:20.000","11.322662353515625","0","7.901479244232178","0"
"2025-07-13 02:01:20.000","11.317047119140625","0","7.94931697845459","0"
"2025-07-13 02:16:20.000","11.3450927734375","0","7.784445285797119","0"
"2025-07-13 02:31:20.000","11.328277587890625","0","7.991183757781982","0"
"2025-07-13 02:46:20.000","12.014251708984375","0","8.023786544799805","0"
"2025-07-13 03:01:20.000","11.845306396484375","0","7.866308212280273","0"
"2025-07-13 03:16:20.000","12.454315185546875","0","7.974341869354248","0"
"2025-07-13 03:31:20.000","12.79931640625","0","7.905857086181641","0"
"2025-07-13 03:46:20.000","72.75811767578125","12","7.194544792175293","8"
"2025-07-13 04:46:20.000","12.58428955078125","8","7.935581684112549","8"
"2025-07-13 05:01:20.000","12.522125244140625","0","-9999.0","1"
"2025-07-13 05:16:20.000","12.488189697265625","0","-9999.0","1"
"2025-07-13 05:31:20.000","12.4429931640625","0","-9999.0","1"
"2025-07-13 05:46:20.000","12.51080322265625","0","-9999.0","1"
"2025-07-13 06:01:20.000","12.522125244140625","0","-9999.0","1"
"2025-07-13 06:16:20.000","205.23516845703125","12","-9999.0","1"
"2025-07-13 07:46:20.000","12.640838623046875","8","-9999.0","1"
"2025-07-13 08:01:20.000","12.640838623046875","0","-9999.0","1"
"2025-07-13 08:16:20.000","12.657806396484375","0","-9999.0","1"
"2025-07-13 08:31:20.000","12.403472900390625","0","-9999.0","1"
"2025-07-13 08:46:20.000","12.2623291015625","0","-9999.0","1"
"2025-07-13 09:01:20.000","11.997344970703125","0","-9999.0","1"
"2025-07-13 09:16:20.000","-9999.0","1","-9999.0","1"
"2025-07-13 10:31:20.000","12.098785400390625","0","-9999.0","1"
"2025-07-13 10:46:20.000","12.211578369140625","0","-9999.0","1"
"2025-07-13 11:01:20.000","12.358306884765625","0","-9999.0","1"
"2025-07-13 11:16:20.000","12.177734375","0","-9999.0","1"
"2025-07-13 11:31:20.000","12.07623291015625","0","-9999.0","1"
"2025-07-13 11:46:20.000","13.605621337890625","0","-9999.0","1"
"2025-07-13 12:01:20.000","-9999.0","1","-9999.0","1"
"2025-07-13 13:31:20.000","13.63409423828125","0","-9999.0","1"
"2025-07-13 13:46:20.000","13.879241943359375","0","-9999.0","1"
"2025-07-13 14:01:20.000","13.59991455078125","0","-9999.0","1"
"2025-07-13 14:16:20.000","13.5771484375","0","-9999.0","1"
"2025-07-13 14:31:20.000","13.588531494140625","0","-9999.0","1"
"2025-07-13 14:46:20.000","14.1534423828125","0","-9999.0","1"
"2025-07-13 15:01:20.000","14.85888671875","0","-9999.0","1"
"2025-07-13 15:16:20.000","49.013763427734375","12","-9999.0","1"
"2025-07-13 16:46:20.000","15.1929931640625","8","-9999.0","1"
"2025-07-13 17:01:20.000","15.296905517578125","0","-9999.0","1"
"2025-07-13 17:16:20.000","15.1180419921875","0","-9999.0","1"
"2025-07-13 17:31:20.000","14.979736328125","0","-9999.0","1"
"2025-07-13 17:46:20.000","14.96246337890625","0","-9999.0","1"
"2025-07-13 18:01:20.000","14.77838134765625","0","-9999.0","1"
"2025-07-13 18:16:20.000","-9999.0","1","-9999.0","1"
"2025-07-13 19:46:20.000","14.382415771484375","0","-9999.0","1"
"2025-07-13 20:01:20.000","14.4683837890625","0","-9999.0","1"
"2025-07-13 20:16:20.000","14.2392578125","0","-9999.0","1"
"2025-07-13 20:31:20.000","14.0562744140625","0","-9999.0","1"
"2025-07-13 20:46:20.000","12.94659423828125","0","-9999.0","1"
"2025-07-13 21:01:20.000","13.207550048828125","0","-9999.0","1"
"2025-07-13 21:16:20.000","-53.07591247558594","10","-9999.0","1"
"2025-07-13 22:46:20.000","11.789031982421875","8","-9999.0","1"
"2025-07-13 23:01:20.000","11.7327880859375","0","-9999.0","1"
"2025-07-13 23:16:20.000","11.536041259765625","0","-9999.0","1"
"2025-07-13 23:31:20.000","11.4798583984375","0","-9999.0","1"
"2025-07-13 23:46:20.000","11.227264404296875","0","-9999.0","1"
"2025-07-14 00:01:20.000","11.21044921875","0","-9999.0","1"
"2025-07-14 00:16:20.000","11.536041259765625","0","-9999.0","1"
"2025-07-14 00:31:20.000","11.69903564453125","0","-9999.0","1"
"2025-07-14 00:46:20.000","11.777801513671875","0","-9999.0","1"
"2025-07-14 01:01:20.000","11.749664306640625","0","-9999.0","1"
"2025-07-14 01:16:20.000","11.755279541015625","0","-9999.0","1"
"2025-07-14 01:31:20.000","11.710296630859375","0","-9999.0","1"
"2025-07-14 01:46:20.000","11.69342041015625","0","-9999.0","1"
"2025-07-14 02:01:20.000","11.665313720703125","0","-9999.0","1"
"2025-07-14 02:16:20.000","11.642822265625","0","-9999.0","1"
"2025-07-14 02:31:20.000","11.59783935546875","0","-9999.0","1"
"2025-07-14 02:46:20.000","11.76092529296875","0","-9999.0","1"
"2025-07-14 03:01:20.000","13.531585693359375","0","-9999.0","1"
"2025-07-14 03:16:20.000","13.30413818359375","0","-9999.0","1"
"2025-07-14 03:31:20.000","13.417816162109375","0","-9999.0","1"
"2025-07-14 03:46:20.000","160.50448608398438","12","-9999.0","1"
"2025-07-14 04:46:20.000","13.474700927734375","8","-9999.0","1"
"2025-07-14 05:01:20.000","13.389373779296875","0","-9999.0","1"
"2025-07-14 05:16:20.000","12.52777099609375","0","-9999.0","1"
"2025-07-14 05:31:20.000","12.697418212890625","0","-9999.0","1"
"2025-07-14 05:46:20.000","12.595611572265625","0","-9999.0","1"
"2025-07-14 06:01:20.000","12.60125732421875","0","-9999.0","1"
"2025-07-14 06:16:20.000","-9999.0","1","-9999.0","1"
"2025-07-14 07:46:20.000","13.025970458984375","0","-9999.0","1"
"2025-07-14 08:01:20.000","13.031646728515625","0","-9999.0","1"
"2025-07-14 08:16:20.000","12.737030029296875","0","-9999.0","1"
"2025-07-14 08:31:20.000","12.742706298828125","0","-9999.0","1"
"2025-07-14 08:46:20.000","12.765350341796875","0","-9999.0","1"
"2025-07-14 09:01:20.000","12.708740234375","0","-9999.0","1"
"2025-07-14 09:16:20.000","12.031158447265625","0","-9999.0","1"
"2025-07-14 10:31:20.000","11.82281494140625","0","-9999.0","1"
"2025-07-14 10:46:20.000","11.4573974609375","0","-9999.0","1"
"2025-07-14 11:01:20.000","11.3956298828125","0","-9999.0","1"
"2025-07-14 11:16:20.000","11.3900146484375","0","-9999.0","1"
"2025-07-14 11:31:20.000","11.311431884765625","0","-9999.0","1"
"2025-07-14 11:46:20.000","11.328277587890625","0","-9999.0","1"
"2025-07-14 12:01:20.000","11.3450927734375","0","-9999.0","1"
"2025-07-14 13:46:20.000","13.55438232421875","0","-9999.0","1"
"2025-07-14 14:01:20.000","13.30413818359375","0","-9999.0","1"
"2025-07-14 14:16:20.000","13.218902587890625","0","-9999.0","1"
"2025-07-14 14:31:20.000","13.162139892578125","0","-9999.0","1"
"2025-07-14 14:46:20.000","13.224609375","0","-9999.0","1"
"2025-07-14 15:01:20.000","13.281402587890625","0","-9999.0","1"
"2025-07-14 15:16:20.000","-12.03076171875","10","-9999.0","1"
"2025-07-14 16:46:20.000","13.2586669921875","8","-9999.0","1"
"2025-07-14 17:01:20.000","13.417816162109375","0","-9999.0","1"
"2025-07-14 17:16:20.000","13.43487548828125","0","-9999.0","1"
"2025-07-14 17:31:20.000","13.383697509765625","0","-9999.0","1"
"2025-07-14 17:46:20.000","13.611297607421875","0","-9999.0","1"
"2025-07-14 18:01:20.000","13.87353515625","0","-9999.0","1"
"2025-07-14 18:16:20.000","-9999.0","1","-9999.0","1"
"2025-07-14 19:46:20.000","13.9705810546875","0","-9999.0","1"
"2025-07-14 20:01:20.000","14.204925537109375","0","-9999.0","1"
"2025-07-14 20:16:20.000","14.090545654296875","0","-9999.0","1"
"2025-07-14 20:31:20.000","13.964874267578125","0","-9999.0","1"
"2025-07-14 20:46:20.000","13.845001220703125","0","-9999.0","1"
"2025-07-14 21:01:20.000","13.417816162109375","0","-9999.0","1"
"2025-07-14 21:16:20.000","-9999.0","1","-9999.0","1"
"2025-07-14 22:46:20.000","11.744049072265625","0","-9999.0","1"
"2025-07-14 23:01:20.000","11.777801513671875","0","-9999.0","1"
"2025-07-14 23:16:20.000","11.76654052734375","0","-9999.0","1"
"2025-07-14 23:31:20.000","11.69903564453125","0","-9999.0","1"
"2025-07-14 23:46:20.000","11.58660888671875","0","-9999.0","1"
"2025-07-15 00:01:20.000","11.552886962890625","0","-9999.0","1"
"2025-07-15 00:16:20.000","11.3956298828125","0","-9999.0","1"
"2025-07-15 00:31:20.000","11.25531005859375","0","-9999.0","1"
"2025-07-15 00:46:20.000","11.176788330078125","0","-9999.0","1"
"2025-07-15 01:01:20.000","11.2216796875","0","-9999.0","1"
"2025-07-15 01:16:20.000","11.109527587890625","0","-9999.0","1"
"2025-07-15 01:31:20.000","11.047882080078125","0","-9999.0","1"
"2025-07-15 01:46:20.000","11.02545166015625","0","-9999.0","1"
"2025-07-15 02:01:20.000","10.980621337890625","0","-9999.0","1"
"2025-07-15 02:16:20.000","10.986236572265625","0","-9999.0","1"
"2025-07-15 02:31:20.000","11.58660888671875","0","-9999.0","1"
"2025-07-15 02:46:20.000","11.98046875","0","-9999.0","1"
"2025-07-15 03:01:20.000","12.07061767578125","0","-9999.0","1"
"2025-07-15 03:16:20.000","13.173492431640625","0","-9999.0","1"
"2025-07-15 03:31:20.000","13.218902587890625","0","-9999.0","1"
"2025-07-15 03:46:20.000","-9999.0","1","-9999.0","1"
"2025-07-15 04:46:20.000","14.9451904296875","0","-9999.0","1"
"2025-07-15 05:01:20.000","14.508514404296875","0","-9999.0","1"
"2025-07-15 05:16:20.000","14.9049072265625","0","-9999.0","1"
"2025-07-15 05:31:20.000","15.406646728515625","0","-9999.0","1"
"2025-07-15 05:46:20.000","15.389312744140625","0","-9999.0","1"
"2025-07-15 06:01:20.000","14.657745361328125","0","-9999.0","1"
"2025-07-15 06:16:20.000","-13.315704345703125","10","-9999.0","1"
"2025-07-15 07:46:20.000","13.913482666015625","8","-9999.0","1"
"2025-07-15 08:01:20.000","13.83929443359375","0","-9999.0","1"
"2025-07-15 08:16:20.000","13.8963623046875","0","-9999.0","1"
"2025-07-15 08:31:20.000","13.93060302734375","0","-9999.0","1"
"2025-07-15 08:46:20.000","13.525909423828125","0","-9999.0","1"
"2025-07-15 09:01:20.000","13.446258544921875","0","-9999.0","1"
"2025-07-15 09:16:20.000","13.622711181640625","0","-9999.0","1"
"2025-07-15 09:31:20.000","28.9783935546875","8","-9999.0","1"
"2025-07-15 11:01:20.000","12.234130859375","8","-9999.0","1"
"2025-07-15 11:16:20.000","11.59222412109375","0","-9999.0","1"
"2025-07-15 11:31:20.000","11.328277587890625","0","-9999.0","1"
"2025-07-15 11:46:20.000","11.4012451171875","0","-9999.0","1"
"2025-07-15 12:01:20.000","11.76654052734375","0","-9999.0","1"
"2025-07-15 12:29:20.000","-9999.0","1","-9999.0","1"
"2025-07-15 14:01:20.000","14.87615966796875","0","-9999.0","1"
"2025-07-15 14:16:20.000","14.9451904296875","0","-9999.0","1"
"2025-07-15 14:31:20.000","15.638092041015625","0","-9999.0","1"
"2025-07-15 14:46:20.000","15.100738525390625","0","-9999.0","1"
"2025-07-15 15:01:20.000","15.123779296875","0","-9999.0","1"
"2025-07-15 15:16:20.000","15.198760986328125","0","-9999.0","1"
"2025-07-15 15:31:20.000","-9999.0","1","-9999.0","1"
"2025-07-15 17:01:20.000","14.893402099609375","0","-9999.0","1"
"2025-07-15 17:16:20.000","14.9049072265625","0","-9999.0","1"
"2025-07-15 17:31:20.000","14.70941162109375","0","-9999.0","1"
"2025-07-15 17:46:20.000","14.715179443359375","0","-9999.0","1"
"2025-07-15 18:01:20.000","14.525726318359375","0","-9999.0","1"
"2025-07-15 18:16:20.000","14.4683837890625","0","-9999.0","1"
"2025-07-15 18:31:20.000","-9999.0","1","-9999.0","1"
"2025-07-15 20:01:20.000","14.7381591796875","0","-9999.0","1"
"2025-07-15 20:16:20.000","14.824371337890625","0","-9999.0","1"
"2025-07-15 20:31:20.000","14.92218017578125","0","-9999.0","1"
"2025-07-15 20:46:20.000","14.680694580078125","0","-9999.0","1"
"2025-07-15 21:01:20.000","14.726654052734375","0","-9999.0","1"
"2025-07-15 21:16:20.000","14.485595703125","0","-9999.0","1"
"2025-07-15 21:31:20.000","-9999.0","1","7.927799224853516","0"
"2025-07-15 23:01:20.000","11.957916259765625","0","-9999.0","1"
"2025-07-15 23:16:20.000","12.048065185546875","0","-9999.0","1"
"2025-07-15 23:31:20.000","11.901611328125","0","-9999.0","1"
"2025-07-15 23:46:20.000","11.901611328125","0","-9999.0","1"
"2025-07-16 00:01:20.000","11.8565673828125","0","-9999.0","1"
"2025-07-16 00:16:20.000","11.817169189453125","0","-9999.0","1"
"2025-07-16 00:31:20.000","11.721527099609375","0","-9999.0","1"
"2025-07-16 00:46:20.000","11.564117431640625","0","-9999.0","1"
"2025-07-16 01:01:20.000","11.564117431640625","0","-9999.0","1"
"2025-07-16 01:16:20.000","11.530426025390625","0","-9999.0","1"
"2025-07-16 01:31:20.000","11.58099365234375","0","-9999.0","1"
"2025-07-16 01:46:20.000","11.620330810546875","0","-9999.0","1"
"2025-07-16 02:01:20.000","11.58099365234375","0","-9999.0","1"
"2025-07-16 02:16:20.000","11.536041259765625","0","-9999.0","1"
"2025-07-16 02:31:20.000","11.564117431640625","0","-9999.0","1"
"2025-07-16 02:46:20.000","11.57537841796875","0","-9999.0","1"
"2025-07-16 03:01:20.000","11.5191650390625","0","-9999.0","1"
"2025-07-16 03:16:20.000","11.986083984375","0","-9999.0","1"
"2025-07-16 03:31:20.000","13.196197509765625","0","-9999.0","1"
"2025-07-16 03:46:20.000","-9999.0","1","-9999.0","1"
"2025-07-16 04:46:20.000","13.09405517578125","0","-9999.0","1"
"2025-07-16 05:01:20.000","13.218902587890625","0","-9999.0","1"
"2025-07-16 05:16:20.000","13.201873779296875","0","-9999.0","1"
"2025-07-16 05:31:20.000","13.292755126953125","0","-9999.0","1"
"2025-07-16 05:46:20.000","13.947723388671875","0","-9999.0","1"
"2025-07-16 06:01:20.000","14.119140625","0","-9999.0","1"
"2025-07-16 06:16:20.000","-9999.0","1","-9999.0","1"
"2025-07-16 07:46:20.000","13.83929443359375","0","-9999.0","1"
"2025-07-16 08:01:20.000","13.810791015625","0","-9999.0","1"
"2025-07-16 08:16:20.000","13.75946044921875","0","-9999.0","1"
"2025-07-16 08:31:20.000","13.63409423828125","0","-9999.0","1"
"2025-07-16 08:46:20.000","13.50885009765625","0","-9999.0","1"
"2025-07-16 09:01:20.000","13.486083984375","0","-9999.0","1"
"2025-07-16 09:16:20.000","13.36663818359375","0","-9999.0","1"
"2025-07-16 09:31:20.000","84.398681640625","12","-9999.0","1"
"2025-07-16 10:46:20.000","12.969268798828125","8","-9999.0","1"
"2025-07-16 11:01:20.000","12.90692138671875","0","-9999.0","1"
"2025-07-16 11:16:20.000","12.708740234375","0","-9999.0","1"
"2025-07-16 11:31:20.000","12.403472900390625","0","-9999.0","1"
"2025-07-16 11:46:20.000","12.200286865234375","0","-9999.0","1"
"2025-07-16 12:01:20.000","12.04241943359375","0","-9999.0","1"
"2025-07-16 13:46:20.000","11.68780517578125","0","-9999.0","1"
"2025-07-16 14:01:20.000","11.547271728515625","0","-9999.0","1"
"2025-07-16 14:16:20.000","11.4798583984375","0","-9999.0","1"
"2025-07-16 14:31:20.000","11.4742431640625","0","-9999.0","1"
"2025-07-16 14:46:20.000","11.620330810546875","0","-9999.0","1"
"2025-07-16 15:01:20.000","15.649688720703125","0","-9999.0","1"
"2025-07-16 15:16:20.000","-9999.0","1","5.9412455558776855","2"
"2025-07-16 16:46:20.000","15.568603515625","0","-9999.0","1"
"2025-07-16 17:01:20.000","15.661285400390625","0","-9999.0","1"
"2025-07-16 17:16:20.000","15.6728515625","0","-9999.0","1"
"2025-07-16 17:31:20.000","15.62652587890625","0","-9999.0","1"
"2025-07-16 17:46:20.000","15.319976806640625","0","-9999.0","1"
"2025-07-16 18:01:20.000","15.28533935546875","0","-9999.0","1"
"2025-07-16 18:16:20.000","-9999.0","1","-9999.0","1"
"2025-07-16 19:46:20.000","15.98040771484375","0","-9999.0","1"
"2025-07-16 20:01:20.000","15.67864990234375","0","-9999.0","1"
"2025-07-16 20:16:20.000","14.841644287109375","0","-9999.0","1"
"2025-07-16 20:31:20.000","14.674957275390625","0","-9999.0","1"
"2025-07-16 20:46:20.000","16.387969970703125","0","-9999.0","1"
"2025-07-16 21:01:20.000","15.066162109375","0","-9999.0","1"
"2025-07-16 21:16:20.000","-5.385955810546875","10","-9999.0","1"
"2025-07-17 00:01:20.000","11.524810791015625","0","7.641115188598633","0"
"2025-07-17 00:16:20.000","11.654052734375","0","7.833865642547607","0"
"2025-07-17 00:31:20.000","11.68780517578125","0","7.7881269454956055","0"
"2025-07-17 00:46:20.000","11.777801513671875","0","7.767469882965088","0"
"2025-07-17 01:01:20.000","11.631561279296875","0","7.8292694091796875","0"
"2025-07-17 01:16:20.000","11.620330810546875","0","7.816889762878418","0"
"2025-07-17 01:31:20.000","11.547271728515625","0","7.721107482910156","0"
"2025-07-17 01:46:20.000","11.4573974609375","0","7.807921409606934","0"
"2025-07-17 02:01:20.000","11.4573974609375","0","7.7353692054748535","0"
"2025-07-17 02:16:20.000","11.193634033203125","0","7.779670238494873","0"
"2025-07-17 02:31:20.000","11.03106689453125","0","7.751504421234131","0"
"2025-07-17 02:46:20.000","11.075897216796875","0","7.898029327392578","0"
"2025-07-17 03:01:20.000","11.1263427734375","0","7.751754283905029","0"
"2025-07-17 03:16:20.000","11.3787841796875","0","7.858976364135742","0"
"2025-07-17 03:31:20.000","12.324432373046875","0","7.7298808097839355","0"
"2025-07-17 03:46:20.000","-5.450927734375","10","7.396550178527832","0"
"2025-07-17 04:46:20.000","12.73138427734375","8","7.814488887786865","0"
"2025-07-17 05:01:20.000","12.810638427734375","0","7.843098163604736","0"
"2025-07-17 05:16:20.000","12.969268798828125","0","7.782724857330322","0"
"2025-07-17 05:31:20.000","12.974945068359375","0","7.940454006195068","0"
"2025-07-17 05:46:20.000","15.164154052734375","0","7.867440223693848","0"
"2025-07-17 06:01:20.000","15.835235595703125","0","8.016921997070312","0"
"2025-07-17 06:16:20.000","-9999.0","1","-9999.0","1"
"2025-07-17 07:46:20.000","13.122406005859375","0","7.738966464996338","0"
"2025-07-17 08:01:20.000","13.031646728515625","0","7.823873043060303","0"
"2025-07-17 08:16:20.000","12.94091796875","0","7.867828369140625","0"
"2025-07-17 08:31:20.000","12.79931640625","0","7.766921520233154","0"
"2025-07-17 08:46:20.000","12.714385986328125","0","7.883203983306885","0"
"2025-07-17 09:01:20.000","12.6917724609375","0","7.814419746398926","0"
"2025-07-17 09:16:20.000","12.663482666015625","0","7.86497163772583","0"
"2025-07-17 10:46:20.000","13.628387451171875","0","7.872492790222168","0"
"2025-07-17 11:01:20.000","15.493377685546875","0","7.867274761199951","0"
"2025-07-17 11:16:20.000","13.7708740234375","0","7.836552619934082","0"
"2025-07-17 11:31:20.000","13.88494873046875","0","7.954310417175293","0"
"2025-07-17 11:46:20.000","13.8507080078125","0","7.842133522033691","0"
"2025-07-17 12:01:20.000","13.224609375","0","7.845614910125732","0"
"2025-07-17 12:16:20.000","12.95794677734375","0","7.847538948059082","0"
"2025-07-17 12:31:20.000","38.746002197265625","12","-9999.0","1"
"2025-07-17 14:01:20.000","11.620330810546875","8","7.77552604675293","0"
"2025-07-17 14:16:20.000","11.193634033203125","0","7.719964027404785","0"
"2025-07-17 14:31:20.000","11.15997314453125","0","7.8807220458984375","0"
"2025-07-17 14:46:20.000","11.143157958984375","0","7.770460605621338","0"
"2025-07-17 15:01:20.000","11.098297119140625","0","7.835363864898682","0"
"2025-07-17 15:16:20.000","11.064697265625","0","7.749809265136719","0"
"2025-07-17 15:31:20.000","-9999.0","1","-9999.0","1"
"2025-07-17 17:01:20.000","15.210296630859375","0","7.929183483123779","0"
"2025-07-17 17:16:20.000","15.187225341796875","0","7.872560977935791","0"
"2025-07-17 17:31:20.000","15.33154296875","0","7.862750053405762","0"
"2025-07-17 17:46:20.000","15.54547119140625","0","8.009711265563965","0"
"2025-07-17 18:01:20.000","15.6207275390625","0","7.928350448608398","0"
"2025-07-17 18:16:20.000","15.6207275390625","0","7.7083539962768555","0"
"2025-07-17 18:31:20.000","22.195220947265625","8","7.500210762023926","0"
"2025-07-17 20:01:20.000","15.835235595703125","8","7.950115203857422","0"
"2025-07-17 20:16:20.000","15.904876708984375","0","8.055863380432129","0"
"2025-07-17 20:31:20.000","16.949615478515625","0","7.984325408935547","0"
"2025-07-17 20:46:20.000","16.77960205078125","0","7.864232540130615","0"
"2025-07-17 21:01:20.000","17.1787109375","0","7.915564060211182","0"
"2025-07-17 21:16:20.000","17.72137451171875","0","7.8198466300964355","0"
"2025-07-17 21:31:20.000","-9999.0","1","-9999.0","1"
"2025-07-18 00:01:20.000","11.59222412109375","0","7.838944435119629","0"
"2025-07-18 00:16:20.000","11.28900146484375","0","7.845823764801025","0"
"2025-07-18 00:31:20.000","11.070281982421875","0","7.89559268951416","0"
"2025-07-18 00:46:20.000","10.96942138671875","0","7.933116912841797","0"
"2025-07-18 01:01:20.000","11.4012451171875","0","7.7780351638793945","0"
"2025-07-18 01:16:20.000","11.654052734375","0","7.898033142089844","0"
"2025-07-18 01:31:20.000","11.80029296875","0","7.667465686798096","0"
"2025-07-18 01:46:20.000","11.87347412109375","0","7.811371326446533","0"
"2025-07-18 02:01:20.000","11.811553955078125","0","7.799871444702148","0"
"2025-07-18 02:16:20.000","11.777801513671875","0","7.752437114715576","0"
"2025-07-18 02:31:20.000","11.789031982421875","0","7.820375919342041","0"
"2025-07-18 02:46:20.000","11.755279541015625","0","7.7746100425720215","0"
"2025-07-18 03:01:20.000","11.80029296875","0","7.807815074920654","0"
"2025-07-18 03:16:20.000","11.890350341796875","0","7.738361835479736","0"
"2025-07-18 03:31:20.000","11.92413330078125","0","7.67340087890625","0"
"2025-07-18 03:46:20.000","-9999.0","1","-9999.0","1"
"2025-07-18 04:46:20.000","13.810791015625","0","7.946885108947754","0"
"2025-07-18 05:01:20.000","13.782257080078125","0","7.724733352661133","0"
"2025-07-18 05:16:20.000","13.645477294921875","0","7.805929183959961","0"
"2025-07-18 05:31:20.000","13.5145263671875","0","7.828380584716797","0"
"2025-07-18 05:46:20.000","13.423492431640625","0","7.898334503173828","0"
"2025-07-18 06:01:20.000","13.765167236328125","0","7.95704984664917","0"
"2025-07-18 06:16:20.000","21.79547119140625","8","7.379637718200684","8"
"2025-07-18 07:46:20.000","13.298431396484375","8","7.8457536697387695","0"
"2025-07-18 08:01:20.000","13.281402587890625","0","7.805476188659668","0"
"2025-07-18 08:16:20.000","13.25299072265625","0","7.889156341552734","0"
"2025-07-18 08:31:20.000","13.338226318359375","0","7.778013229370117","0"
"2025-07-18 08:46:20.000","13.309814453125","0","7.8296637535095215","0"
"2025-07-18 09:01:20.000","13.389373779296875","0","7.899965763092041","0"
"2025-07-18 09:16:20.000","-9999.0","1","6.883517265319824","10"
"2025-07-18 10:31:20.000","13.708160400390625","0","7.8247904777526855","8"
"2025-07-18 10:46:20.000","14.1934814453125","0","7.853419303894043","0"
"2025-07-18 11:01:20.000","14.519989013671875","0","7.9378886222839355","0"
"2025-07-18 11:16:20.000","14.204925537109375","0","7.850103378295898","0"
"2025-07-18 11:31:20.000","13.976287841796875","0","7.720775604248047","0"
"2025-07-18 11:46:20.000","13.79937744140625","0","7.761744022369385","0"
"2025-07-18 12:01:20.000","-9999.0","1","-9999.0","1"
"2025-07-18 13:31:20.000","12.301849365234375","0","7.80542516708374","0"
"2025-07-18 13:46:20.000","12.160797119140625","0","7.840292930603027","0"
"2025-07-18 14:01:20.000","12.064971923828125","0","7.745640754699707","0"
"2025-07-18 14:16:20.000","11.721527099609375","0","7.80903959274292","0"
"2025-07-18 14:31:20.000","11.609100341796875","0","7.850878715515137","0"
"2025-07-18 14:46:20.000","11.609100341796875","0","7.75239372253418","0"
"2025-07-18 15:01:20.000","11.670928955078125","0","7.864660263061523","0"
"2025-07-18 15:16:20.000","-9999.0","1","-9999.0","1"
"2025-07-18 16:46:20.000","11.4573974609375","0","7.8880815505981445","0"
"2025-07-18 17:01:20.000","11.294586181640625","0","7.867854595184326","0"
"2025-07-18 17:16:20.000","11.26092529296875","0","8.349169731140137","0"
"2025-07-18 17:31:20.000","11.25531005859375","0","7.75562047958374","8"
"2025-07-18 17:46:20.000","11.28900146484375","0","7.697178840637207","0"
"2025-07-18 18:01:20.000","11.317047119140625","0","7.648737907409668","0"
"2025-07-18 18:16:20.000","-9999.0","1","-9999.0","1"
"2025-07-18 19:46:20.000","14.428253173828125","0","7.839400291442871","0"
"2025-07-18 20:01:20.000","14.210662841796875","0","7.761477470397949","0"
"2025-07-18 20:16:20.000","14.187774658203125","0","7.937180519104004","0"
"2025-07-18 20:31:20.000","13.565765380859375","0","7.856166362762451","0"
"2025-07-18 20:46:20.000","14.85888671875","0","7.971723556518555","0"
"2025-07-18 21:01:20.000","15.060394287109375","0","7.907010078430176","0"
"2025-07-18 21:16:20.000","-9999.0","1","-9999.0","1"
"2025-07-18 22:46:20.000","15.20452880859375","0","7.738764762878418","0"
"2025-07-18 23:01:20.000","15.02581787109375","0","8.123127937316895","0"
"2025-07-18 23:16:20.000","14.9049072265625","0","8.031967163085938","0"
"2025-07-18 23:31:20.000","15.094970703125","0","8.076926231384277","0"
"2025-07-18 23:46:20.000","13.782257080078125","0","8.037096977233887","0"
"2025-07-19 00:01:20.000","12.74835205078125","0","7.9723005294799805","0"
"2025-07-19 00:16:20.000","12.3074951171875","0","8.052807807922363","0"
"2025-07-19 00:31:20.000","11.82281494140625","0","7.844159126281738","0"
"2025-07-19 00:46:20.000","11.817169189453125","0","7.792776107788086","0"
"2025-07-19 01:01:20.000","11.845306396484375","0","7.915894985198975","0"
"2025-07-19 01:16:20.000","11.642822265625","0","7.923381328582764","0"
"2025-07-19 01:31:20.000","11.564117431640625","0","7.837629318237305","0"
"2025-07-19 01:46:20.000","11.4967041015625","0","7.846815586090088","0"
"2025-07-19 02:01:20.000","11.536041259765625","0","7.800792217254639","0"
"2025-07-19 02:16:20.000","11.642822265625","0","7.803980350494385","0"
"2025-07-19 02:31:20.000","11.77215576171875","0","7.817890644073486","0"
"2025-07-19 02:46:20.000","11.890350341796875","0","7.806164741516113","0"
"2025-07-19 03:01:20.000","11.952301025390625","0","7.8427815437316895","0"
"2025-07-19 03:16:20.000","11.991729736328125","0","7.900695323944092","0"
"2025-07-19 03:31:20.000","12.014251708984375","0","7.8955979347229","0"
"2025-07-19 03:46:20.000","-9999.0","1","8.234631538391113","0"
"2025-07-19 04:46:20.000","11.986083984375","0","7.849252700805664","0"
"2025-07-19 05:01:20.000","11.952301025390625","0","7.874026775360107","0"
"2025-07-19 05:16:20.000","11.986083984375","0","7.79022216796875","0"
"2025-07-19 05:31:20.000","12.014251708984375","0","7.84456205368042","0"
"2025-07-19 05:46:20.000","11.952301025390625","0","8.006162643432617","0"
"2025-07-19 06:01:20.000","11.929779052734375","0","7.854433536529541","0"
"2025-07-19 06:16:20.000","-9999.0","1","-9999.0","1"
"2025-07-19 07:46:20.000","12.279266357421875","0","7.871386528015137","0"
"2025-07-19 08:01:20.000","12.234130859375","0","7.717808723449707","0"
"2025-07-19 08:16:20.000","12.200286865234375","0","7.747249126434326","0"
"2025-07-19 08:31:20.000","12.217193603515625","0","7.863457679748535","0"
"2025-07-19 08:46:20.000","12.251068115234375","0","7.827425003051758","0"
"2025-07-19 09:01:20.000","12.267974853515625","0","7.816502094268799","0"
"2025-07-19 09:16:20.000","12.31878662109375","0","7.983216285705566","0"
"2025-07-19 09:31:20.000","46.227783203125","12","-9999.0","1"
"2025-07-19 11:01:20.000","12.79931640625","8","7.87688684463501","0"
"2025-07-19 11:16:20.000","12.861602783203125","0","7.8320746421813965","0"
"2025-07-19 11:31:20.000","12.980621337890625","0","7.877559185028076","0"
"2025-07-19 11:46:20.000","12.95794677734375","0","7.814268112182617","0"
"2025-07-19 12:01:20.000","12.94091796875","0","7.843120574951172","0"
"2025-07-19 12:16:20.000","171.99041748046875","12","6.1653971672058105","10"
"2025-07-19 13:46:20.000","12.94659423828125","8","7.940181255340576","8"
"2025-07-19 14:01:20.000","12.88427734375","0","7.742555141448975","0"
"2025-07-19 14:16:20.000","11.721527099609375","0","7.908192157745361","0"
"2025-07-19 14:31:20.000","12.13824462890625","0","7.817884922027588","0"
"2025-07-19 14:46:20.000","12.1551513671875","0","7.724791049957275","0"
"2025-07-19 15:01:20.000","11.957916259765625","0","7.6499481201171875","0"
"2025-07-19 15:16:20.000","-9999.0","1","7.8018670082092285","0"
"2025-07-19 16:46:20.000","11.3731689453125","0","7.762303829193115","0"
"2025-07-19 17:01:20.000","11.322662353515625","0","7.877430438995361","0"
"2025-07-19 17:16:20.000","11.328277587890625","0","7.753914833068848","0"
"2025-07-19 17:31:20.000","11.3787841796875","0","7.86552095413208","0"
"2025-07-19 17:46:20.000","11.5191650390625","0","7.7295074462890625","0"
"2025-07-19 18:01:20.000","11.4742431640625","0","7.683961391448975","0"
"2025-07-19 18:16:20.000","11.552886962890625","0","7.844785690307617","0"
"2025-07-19 18:31:20.000","-9999.0","1","-9999.0","1"
"2025-07-19 20:01:20.000","11.631561279296875","0","7.8180108070373535","0"
"2025-07-19 20:16:20.000","12.290557861328125","0","7.895841598510742","0"
"2025-07-19 20:31:20.000","11.952301025390625","0","7.954553127288818","0"
"2025-07-19 20:46:20.000","11.901611328125","0","7.894071578979492","0"
"2025-07-19 21:01:20.000","12.064971923828125","0","7.813538551330566","0"
"2025-07-19 21:16:20.000","12.121337890625","0","7.873207092285156","0"
"2025-07-19 21:31:20.000","32.57122802734375","12","7.2815985679626465","8"
"2025-07-19 23:01:20.000","13.55438232421875","8","7.871425628662109","8"
"2025-07-19 23:16:20.000","12.90692138671875","0","7.956888198852539","0"
"2025-07-19 23:31:20.000","12.7257080078125","0","7.897738456726074","0"
"2025-07-19 23:46:20.000","12.578643798828125","0","7.9335103034973145","0"
"2025-07-20 00:01:20.000","12.4429931640625","0","7.920242786407471","0"
"2025-07-20 00:16:20.000","12.465606689453125","0","7.7985992431640625","0"
"2025-07-20 00:31:20.000","12.352630615234375","0","7.873456001281738","0"
"2025-07-20 00:46:20.000","12.4825439453125","0","7.957874774932861","0"
"2025-07-20 01:01:20.000","12.256683349609375","0","7.997503757476807","0"
"2025-07-20 01:16:20.000","11.867828369140625","0","7.972589492797852","0"
"2025-07-20 01:31:20.000","11.986083984375","0","7.991710186004639","0"
"2025-07-20 01:46:20.000","11.8509521484375","0","7.854431629180908","0"
"2025-07-20 02:01:20.000","11.670928955078125","0","7.998388290405273","0"
"2025-07-20 02:16:20.000","11.609100341796875","0","7.9373393058776855","0"
"2025-07-20 02:31:20.000","11.631561279296875","0","7.955249786376953","0"
"2025-07-20 02:46:20.000","11.974822998046875","0","7.979716777801514","0"
"2025-07-20 03:01:20.000","12.0537109375","0","8.06008529663086","0"
"2025-07-20 03:16:20.000","12.0537109375","0","7.95023775100708","0"
"2025-07-20 03:31:20.000","12.13824462890625","0","7.803836822509766","0"
"2025-07-20 03:46:20.000","-9999.0","1","-9999.0","1"
"2025-07-20 04:46:20.000","12.267974853515625","0","7.932736396789551","0"
"2025-07-20 05:01:20.000","12.267974853515625","0","7.846566200256348","0"
"2025-07-20 05:16:20.000","12.2623291015625","0","7.897245407104492","0"
"2025-07-20 05:31:20.000","12.290557861328125","0","7.896728515625","0"
"2025-07-20 05:46:20.000","12.279266357421875","0","7.950315475463867","0"
"2025-07-20 06:01:20.000","12.301849365234375","0","7.848945617675781","0"
"2025-07-20 06:16:20.000","-9999.0","1","-9999.0","1"
"2025-07-20 07:46:20.000","12.183349609375","0","7.799281597137451","0"
"2025-07-20 08:01:20.000","12.200286865234375","0","7.796059608459473","0"
"2025-07-20 08:16:20.000","12.13824462890625","0","7.890477657318115","0"
"2025-07-20 08:31:20.000","12.143890380859375","0","7.755222320556641","0"
"2025-07-20 08:46:20.000","12.172088623046875","0","7.593664169311523","0"
"2025-07-20 09:01:20.000","12.160797119140625","0","7.834625244140625","0"
"2025-07-20 09:16:20.000","12.183349609375","0","7.823691368103027","0"
"2025-07-20 10:31:20.000","12.476898193359375","0","7.7391133308410645","0"
"2025-07-20 10:46:20.000","12.49951171875","0","7.836719512939453","0"
"2025-07-20 11:01:20.000","12.60125732421875","0","7.904687404632568","0"
"2025-07-20 11:16:20.000","12.74835205078125","0","7.752139091491699","0"
"2025-07-20 11:31:20.000","12.58428955078125","0","7.832459926605225","0"
"2025-07-20 11:46:20.000","12.426055908203125","0","7.895267009735107","0"
"2025-07-20 12:01:20.000","12.36395263671875","0","7.9102630615234375","0"
"2025-07-20 12:16:20.000","48.120391845703125","12","7.294308185577393","8"
"2025-07-20 13:46:20.000","12.414764404296875","8","7.788944244384766","0"
"2025-07-20 14:01:20.000","12.51080322265625","0","7.756073474884033","0"
"2025-07-20 14:16:20.000","12.90692138671875","0","7.878467082977295","0"
"2025-07-20 14:31:20.000","12.742706298828125","0","7.87695837020874","0"
"2025-07-20 14:46:20.000","12.889923095703125","0","7.905767917633057","0"
"2025-07-20 15:01:20.000","-9999.0","1","-9999.0","1"
"2025-07-20 16:31:20.000","11.92413330078125","0","7.8709635734558105","0"
"2025-07-20 16:46:20.000","11.867828369140625","0","7.918547630310059","0"
"2025-07-20 17:01:20.000","11.536041259765625","0","7.881289958953857","0"
"2025-07-20 17:16:20.000","11.328277587890625","0","7.798409938812256","0"
"2025-07-20 17:31:20.000","11.3843994140625","0","7.831346035003662","0"
"2025-07-20 17:46:20.000","11.4180908203125","0","7.893301486968994","0"
"2025-07-20 18:01:20.000","54.922637939453125","12","7.611612796783447","0"
"2025-07-20 19:31:20.000","11.7384033203125","8","7.878824234008789","0"
"2025-07-20 19:46:20.000","11.783416748046875","0","7.836345672607422","0"
"2025-07-20 20:01:20.000","11.82281494140625","0","7.873031139373779","0"
"2025-07-20 20:16:20.000","11.845306396484375","0","7.84216833114624","0"
"2025-07-20 20:31:20.000","11.89599609375","0","7.8567094802856445","0"
"2025-07-20 20:46:20.000","11.92413330078125","0","7.833613872528076","0"
"2025-07-20 21:01:20.000","-9999.0","1","-9999.0","1"
"2025-07-20 22:31:20.000","12.239776611328125","0","7.86140775680542","0"
"2025-07-20 22:46:20.000","12.36395263671875","0","7.938208103179932","0"
"2025-07-20 23:01:20.000","12.38653564453125","0","7.901528835296631","0"
"2025-07-20 23:16:20.000","12.550384521484375","0","8.011269569396973","0"
"2025-07-20 23:31:20.000","12.60125732421875","0","7.795401096343994","0"
"2025-07-20 23:46:20.000","12.708740234375","0","8.110943794250488","0"
