"time (UTC)","max velocity (m/s)","maxu_qc"
"2025-05-01 00:00:04.000","1.6922488","0"
"2025-05-01 00:15:04.000","1.7735031","0"
"2025-05-01 00:30:04.000","1.6789012","0"
"2025-05-01 00:45:04.000","1.6176261","0"
"2025-05-01 01:00:04.000","1.6326483","0"
"2025-05-01 01:15:04.000","1.3650295","0"
"2025-05-01 01:30:04.000","1.2830192","0"
"2025-05-01 01:45:04.000","1.0690565","0"
"2025-05-01 02:00:04.000","0.75939447","0"
"2025-05-01 02:15:04.000","0.56639653","0"
"2025-05-01 02:30:04.000","0.39003202","0"
"2025-05-01 02:45:04.000","0.30723438","0"
"2025-05-01 03:00:04.000","0.31390446","0"
"2025-05-01 03:15:04.000","0.14182384","0"
"2025-05-01 03:30:04.000","0.26152053","0"
"2025-05-01 03:45:04.000","0.11322543","0"
"2025-05-01 04:00:04.000","0.22120579","0"
"2025-05-01 04:15:04.000","0.078294314","0"
"2025-05-01 04:30:04.000","0.123320706","0"
"2025-05-01 04:45:04.000","0.21319006","0"
"2025-05-01 05:00:04.000","0.30479172","0"
"2025-05-01 05:15:04.000","0.23124878","0"
"2025-05-01 05:30:04.000","0.20295075","0"
"2025-05-01 05:45:04.000","0.13048372","0"
"2025-05-01 06:00:04.000","0.16114901","0"
"2025-05-01 06:15:04.000","0.26488677","0"
"2025-05-01 06:30:04.000","0.36126032","0"
"2025-05-01 06:45:04.000","0.35886067","0"
"2025-05-01 07:00:04.000","0.37632427","0"
"2025-05-01 07:15:04.000","0.32775757","0"
"2025-05-01 07:30:04.000","0.18916926","0"
"2025-05-01 07:45:04.000","0.20112188","0"
"2025-05-01 08:00:04.000","0.16906805","0"
"2025-05-01 08:15:04.000","0.24212393","0"
"2025-05-01 08:30:04.000","0.2700703","0"
"2025-05-01 08:45:04.000","0.22461745","0"
"2025-05-01 09:00:04.000","0.27917916","0"
"2025-05-01 09:15:04.000","0.29584622","0"
"2025-05-01 09:30:04.000","0.09334345","0"
"2025-05-01 09:45:04.000","0.12931359","0"
"2025-05-01 10:00:04.000","0.15834458","0"
"2025-05-01 10:15:04.000","0.14052045","0"
"2025-05-01 10:30:04.000","0.14847559","0"
"2025-05-01 10:45:04.000","0.13914022","0"
"2025-05-01 11:00:04.000","0.18232113","0"
"2025-05-01 11:15:04.000","0.14610955","0"
"2025-05-01 11:30:04.000","0.15847395","0"
"2025-05-01 11:45:04.000","0.08811924","0"
"2025-05-01 12:00:04.000","0.09625486","0"
"2025-05-01 12:15:04.000","0.11515642","0"
"2025-05-01 12:30:04.000","0.053823788","0"
"2025-05-01 12:45:04.000","0.13075167","0"
"2025-05-01 13:00:04.000","0.5131832","0"
"2025-05-01 13:15:04.000","0.6323449","0"
"2025-05-01 13:30:04.000","0.79002094","0"
"2025-05-01 13:45:04.000","0.8721583","0"
"2025-05-01 14:00:04.000","0.9723915","0"
"2025-05-01 14:15:04.000","1.1480159","0"
"2025-05-01 14:30:04.000","1.297879","0"
"2025-05-01 14:45:04.000","1.4369482","0"
"2025-05-01 15:00:04.000","1.5360498","0"
"2025-05-01 15:15:04.000","1.7403756","0"
"2025-05-01 15:30:05.000","1.6921761","0"
"2025-05-01 15:45:05.000","1.4373991","0"
"2025-05-01 16:00:05.000","1.4281124","0"
"2025-05-01 16:15:05.000","1.513838","0"
"2025-05-01 16:30:05.000","1.6283429","0"
"2025-05-01 16:45:05.000","1.70096","0"
"2025-05-01 17:00:05.000","1.8262423","0"
"2025-05-01 17:15:05.000","1.8802034","0"
"2025-05-01 17:30:05.000","1.8518283","0"
"2025-05-01 17:45:05.000","1.850069","0"
"2025-05-01 18:00:05.000","1.8355994","0"
"2025-05-01 18:15:05.000","1.8352773","0"
"2025-05-01 18:30:05.000","1.8478792","0"
"2025-05-01 18:45:05.000","1.8903229","0"
"2025-05-01 19:00:05.000","1.7984267","0"
"2025-05-01 19:15:05.000","1.7421381","0"
"2025-05-01 19:30:05.000","1.7036246","0"
"2025-05-01 19:45:05.000","1.4867442","0"
"2025-05-01 20:00:05.000","1.2870294","0"
"2025-05-01 20:15:05.000","1.0488585","0"
"2025-05-01 20:30:05.000","0.785379","0"
"2025-05-01 20:45:05.000","0.38166216","0"
"2025-05-01 21:00:05.000","0.17406319","0"
"2025-05-01 21:15:05.000","0.39199623","0"
"2025-05-01 21:30:05.000","0.7027276","0"
"2025-05-01 21:45:05.000","0.4728393","0"
"2025-05-01 22:00:05.000","0.4330416","0"
"2025-05-01 22:15:05.000","0.51088256","0"
"2025-05-01 22:30:05.000","0.6183212","0"
"2025-05-01 22:45:05.000","0.72809964","0"
"2025-05-01 23:00:05.000","0.7543434","0"
"2025-05-01 23:15:05.000","0.8506527","0"
"2025-05-01 23:30:05.000","1.071076","0"
"2025-05-01 23:45:05.000","1.0840116","0"
"2025-05-02 00:00:05.000","1.1880018","0"
"2025-05-02 00:15:05.000","1.2190694","0"
"2025-05-02 00:30:05.000","1.3342937","0"
"2025-05-02 00:45:05.000","1.4468299","0"
"2025-05-02 01:00:05.000","1.3750813","0"
"2025-05-02 01:15:05.000","1.3566817","0"
"2025-05-02 01:30:04.000","1.3302652","0"
"2025-05-02 01:45:04.000","1.2083726","0"
"2025-05-02 02:00:04.000","1.1742878","0"
"2025-05-02 02:15:04.000","1.3893396","0"
"2025-05-02 02:30:04.000","1.0990456","0"
"2025-05-02 02:45:04.000","0.9001606","0"
"2025-05-02 03:00:04.000","0.8692783","0"
"2025-05-02 03:15:04.000","0.6432247","0"
"2025-05-02 03:30:04.000","0.58971936","0"
"2025-05-02 03:45:04.000","0.22243425","0"
"2025-05-02 04:00:04.000","0.26375937","0"
"2025-05-02 04:15:04.000","0.35700142","0"
"2025-05-02 04:30:04.000","0.30735812","0"
"2025-05-02 04:45:04.000","0.26744157","0"
"2025-05-02 05:00:04.000","0.22740494","0"
"2025-05-02 05:15:04.000","0.25181144","0"
"2025-05-02 05:30:04.000","0.21824068","0"
"2025-05-02 05:45:04.000","0.24463849","0"
"2025-05-02 06:00:04.000","0.2002024","0"
"2025-05-02 06:15:04.000","0.115316965","0"
"2025-05-02 06:30:04.000","0.09508418","0"
"2025-05-02 06:45:04.000","0.15534802","0"
"2025-05-02 07:00:04.000","0.3983993","0"
"2025-05-02 07:15:04.000","0.58512914","0"
"2025-05-02 07:30:04.000","0.5469379","0"
"2025-05-02 07:45:04.000","0.41270447","0"
"2025-05-02 08:00:04.000","0.35708964","0"
"2025-05-02 08:15:04.000","0.22257584","0"
"2025-05-02 08:30:04.000","0.16292635","0"
"2025-05-02 08:45:04.000","0.09617692","0"
"2025-05-02 09:00:04.000","0.11248556","0"
"2025-05-02 09:15:04.000","0.111521296","0"
"2025-05-02 09:30:04.000","0.10262554","0"
"2025-05-02 09:45:04.000","0.0951893","0"
"2025-05-02 10:00:04.000","0.09674709","0"
"2025-05-02 10:15:04.000","0.1657106","0"
"2025-05-02 10:30:04.000","0.17585504","0"
"2025-05-02 10:45:04.000","0.16548416","0"
"2025-05-02 11:00:04.000","0.09871675","0"
"2025-05-02 11:15:04.000","0.06618912","0"
"2025-05-02 11:30:04.000","0.09308597","0"
"2025-05-02 11:45:04.000","0.06881861","0"
"2025-05-02 12:00:04.000","0.1457738","0"
"2025-05-02 12:15:04.000","0.16492423","0"
"2025-05-02 12:30:04.000","0.14356185","0"
"2025-05-02 12:45:04.000","0.090509675","0"
"2025-05-02 13:00:04.000","0.3078344","0"
"2025-05-02 13:15:04.000","0.49246824","0"
"2025-05-02 13:30:04.000","0.49655217","0"
"2025-05-02 13:45:04.000","0.38029596","0"
"2025-05-02 14:00:04.000","0.33571568","0"
"2025-05-02 14:15:04.000","0.3684359","0"
"2025-05-02 14:30:04.000","0.51722044","0"
"2025-05-02 14:45:04.000","0.7877183","0"
"2025-05-02 15:00:04.000","1.0198379","0"
"2025-05-02 15:15:04.000","1.156772","0"
"2025-05-02 15:30:04.000","1.2088279","0"
"2025-05-02 15:45:04.000","1.4045175","0"
"2025-05-02 16:00:04.000","1.2602009","0"
"2025-05-02 16:15:04.000","1.4504722","0"
"2025-05-02 16:30:04.000","1.6283343","0"
"2025-05-02 16:45:04.000","1.3094308","0"
"2025-05-02 17:00:04.000","1.3727946","0"
"2025-05-02 17:15:04.000","1.4080405","0"
"2025-05-02 17:30:04.000","1.4844007","0"
"2025-05-02 17:45:04.000","1.5285156","0"
"2025-05-02 18:00:04.000","1.5910454","0"
"2025-05-02 18:15:04.000","1.6705608","0"
"2025-05-02 18:30:04.000","1.6517348","0"
"2025-05-02 18:45:04.000","1.6851398","0"
"2025-05-02 19:00:04.000","1.6904784","0"
"2025-05-02 19:15:04.000","1.677377","0"
"2025-05-02 19:30:04.000","1.7374837","0"
"2025-05-02 19:45:04.000","1.6519521","0"
"2025-05-02 20:00:04.000","1.5331852","0"
"2025-05-02 20:15:04.000","1.4894254","0"
"2025-05-02 20:30:04.000","1.3330405","0"
"2025-05-02 20:45:04.000","1.1513166","0"
"2025-05-02 21:00:04.000","0.9786486","0"
"2025-05-02 21:15:04.000","0.5940412","0"
"2025-05-02 21:30:04.000","0.32596013","0"
"2025-05-02 21:45:05.000","0.20940155","0"
"2025-05-02 22:00:05.000","0.42147478","0"
"2025-05-02 22:15:04.000","0.5450147","0"
"2025-05-02 22:30:05.000","0.4054874","0"
"2025-05-02 22:45:05.000","0.34530133","0"
"2025-05-02 23:00:05.000","0.44329786","0"
"2025-05-02 23:15:05.000","0.44214585","0"
"2025-05-02 23:30:05.000","0.47274524","0"
"2025-05-02 23:45:05.000","0.642004","0"
"2025-05-03 00:00:05.000","0.64842737","0"
"2025-05-03 00:15:05.000","0.5942945","0"
"2025-05-03 00:30:05.000","0.67904717","0"
"2025-05-03 00:45:05.000","0.8635566","0"
"2025-05-03 01:00:05.000","0.86267036","0"
"2025-05-03 01:15:05.000","0.93006516","0"
"2025-05-03 01:30:05.000","0.92006195","0"
"2025-05-03 01:45:05.000","1.1137185","0"
"2025-05-03 02:00:05.000","1.047836","0"
"2025-05-03 02:15:05.000","0.92998505","0"
"2025-05-03 02:30:05.000","0.91275024","0"
"2025-05-03 02:45:05.000","0.9300136","0"
"2025-05-03 03:00:05.000","1.1074065","0"
"2025-05-03 03:15:05.000","0.8181197","0"
"2025-05-03 03:30:05.000","0.750944","0"
"2025-05-03 03:45:05.000","0.6917405","0"
"2025-05-03 04:00:04.000","0.60964334","0"
"2025-05-03 04:15:04.000","0.3628912","0"
"2025-05-03 04:30:04.000","0.43511835","0"
"2025-05-03 04:45:04.000","0.32477993","0"
"2025-05-03 05:00:04.000","0.30366102","0"
"2025-05-03 05:15:04.000","0.27542692","0"
"2025-05-03 05:30:04.000","0.28205675","0"
"2025-05-03 05:45:04.000","0.20086065","0"
"2025-05-03 06:00:04.000","0.108811766","0"
"2025-05-03 06:15:04.000","0.3259954","0"
"2025-05-03 06:30:04.000","0.16710775","0"
"2025-05-03 06:45:04.000","0.26806155","0"
"2025-05-03 07:00:04.000","0.18252124","0"
"2025-05-03 07:15:04.000","0.2045605","0"
"2025-05-03 07:30:04.000","0.24200204","0"
"2025-05-03 07:45:04.000","0.35126197","0"
"2025-05-03 08:00:04.000","0.41686925","0"
"2025-05-03 08:15:04.000","0.43618914","0"
"2025-05-03 08:30:04.000","0.40254807","0"
"2025-05-03 08:45:04.000","0.3791913","0"
"2025-05-03 09:00:04.000","0.34439796","0"
"2025-05-03 09:15:04.000","0.3278079","0"
"2025-05-03 09:30:04.000","0.2714885","0"
"2025-05-03 09:45:04.000","0.17600569","0"
"2025-05-03 10:00:04.000","0.11381127","0"
"2025-05-03 10:15:04.000","0.12137957","0"
"2025-05-03 10:30:04.000","0.07505998","0"
"2025-05-03 10:45:04.000","0.15085094","0"
"2025-05-03 11:00:04.000","0.15719098","0"
"2025-05-03 11:15:04.000","0.118595935","0"
"2025-05-03 11:30:04.000","0.10049874","0"
"2025-05-03 11:45:04.000","0.19833809","0"
"2025-05-03 12:00:04.000","0.1683241","0"
"2025-05-03 12:15:04.000","0.0996243","0"
"2025-05-03 12:30:04.000","0.05001","0"
"2025-05-03 12:45:04.000","0.1328345","0"
"2025-05-03 13:00:04.000","0.19041273","0"
"2025-05-03 13:15:04.000","0.22078496","0"
"2025-05-03 13:30:04.000","0.2009602","0"
"2025-05-03 13:45:04.000","0.18160397","0"
"2025-05-03 14:00:04.000","0.17049631","0"
"2025-05-03 14:15:04.000","0.11260552","0"
"2025-05-03 14:30:04.000","0.1174138","0"
"2025-05-03 14:45:04.000","0.19334169","0"
"2025-05-03 15:00:04.000","0.28492984","0"
"2025-05-03 15:15:04.000","0.54149145","0"
"2025-05-03 15:30:04.000","0.5585786","0"
"2025-05-03 15:45:04.000","0.6123602","0"
"2025-05-03 16:00:04.000","0.69478416","0"
"2025-05-03 16:15:04.000","0.9958514","0"
"2025-05-03 16:30:04.000","0.9391795","0"
"2025-05-03 16:45:04.000","1.012046","0"
"2025-05-03 17:00:04.000","1.0060123","0"
"2025-05-03 17:15:04.000","1.0962819","0"
"2025-05-03 17:30:04.000","1.1163301","0"
"2025-05-03 17:45:04.000","1.1557565","0"
"2025-05-03 18:00:04.000","1.2027303","0"
"2025-05-03 18:15:04.000","1.2924404","0"
"2025-05-03 18:30:04.000","1.3501662","0"
"2025-05-03 18:45:04.000","1.3904766","0"
"2025-05-03 19:00:04.000","1.4722419","0"
"2025-05-03 19:15:04.000","1.5036012","0"
"2025-05-03 19:30:04.000","1.4945223","0"
"2025-05-03 19:45:04.000","1.4867549","0"
"2025-05-03 20:00:04.000","1.5194069","0"
"2025-05-03 20:15:04.000","1.4666823","0"
"2025-05-03 20:30:04.000","1.4285239","0"
"2025-05-03 20:45:04.000","1.4050156","0"
"2025-05-03 21:00:04.000","1.3529836","0"
"2025-05-03 21:15:04.000","1.2099603","0"
"2025-05-03 21:30:04.000","1.0248171","0"
"2025-05-03 21:45:04.000","0.875","0"
"2025-05-03 22:00:04.000","0.7321667","0"
"2025-05-03 22:15:04.000","0.48679563","0"
"2025-05-03 22:30:05.000","0.17681912","0"
"2025-05-03 22:45:04.000","0.108903624","0"
"2025-05-03 23:00:05.000","0.43001053","0"
"2025-05-03 23:15:05.000","0.5492987","0"
"2025-05-03 23:30:04.000","0.5837371","0"
"2025-05-03 23:45:04.000","0.3452101","0"
"2025-05-04 00:00:05.000","0.3300682","0"
"2025-05-04 00:15:04.000","0.30674094","0"
"2025-05-04 00:30:05.000","0.51153105","0"
"2025-05-04 00:45:05.000","0.5560334","0"
"2025-05-04 01:00:05.000","0.6379624","0"
"2025-05-04 01:15:05.000","0.5479498","0"
"2025-05-04 01:30:05.000","0.6272041","0"
"2025-05-04 01:45:05.000","0.7281346","0"
"2025-05-04 02:00:05.000","0.7079838","0"
"2025-05-04 02:15:05.000","0.8778668","0"
"2025-05-04 02:30:05.000","0.99242383","0"
"2025-05-04 02:45:05.000","0.8801841","0"
"2025-05-04 03:00:05.000","0.94200855","0"
"2025-05-04 03:15:05.000","0.9791307","0"
"2025-05-04 03:30:05.000","1.0704657","0"
"2025-05-04 03:45:05.000","0.98576725","0"
"2025-05-04 04:00:05.000","0.9389468","0"
"2025-05-04 04:15:05.000","0.7892907","0"
"2025-05-04 04:30:05.000","0.69106364","0"
"2025-05-04 04:45:05.000","0.69135237","0"
"2025-05-04 05:00:05.000","0.2385372","0"
"2025-05-04 05:15:05.000","0.5557446","0"
"2025-05-04 05:30:05.000","0.3248877","0"
"2025-05-04 05:45:04.000","0.33477306","0"
"2025-05-04 06:00:04.000","0.31195512","0"
"2025-05-04 06:15:04.000","0.2140584","0"
"2025-05-04 06:30:04.000","0.17426991","0"
"2025-05-04 06:45:04.000","0.15065856","0"
"2025-05-04 07:00:04.000","0.10780075","0"
"2025-05-04 07:15:04.000","0.104350366","0"
"2025-05-04 07:30:04.000","0.10400962","0"
"2025-05-04 07:45:04.000","0.22080989","0"
"2025-05-04 08:00:04.000","0.29635453","0"
"2025-05-04 08:15:04.000","0.36729962","0"
"2025-05-04 08:30:04.000","0.4284169","0"
"2025-05-04 08:45:04.000","0.4515263","0"
"2025-05-04 09:00:04.000","0.45116404","0"
"2025-05-04 09:15:04.000","0.48533702","0"
"2025-05-04 09:30:04.000","0.5389342","0"
"2025-05-04 09:45:04.000","0.60600084","0"
"2025-05-04 10:00:04.000","0.5818806","0"
"2025-05-04 10:15:04.000","0.50635374","0"
"2025-05-04 10:30:04.000","0.5038303","0"
"2025-05-04 10:45:04.000","0.4683855","0"
"2025-05-04 11:00:04.000","0.37423253","0"
"2025-05-04 11:15:04.000","0.2331373","0"
"2025-05-04 11:30:04.000","0.21377088","0"
"2025-05-04 11:45:04.000","0.15111917","0"
"2025-05-04 12:00:04.000","0.07496666","0"
"2025-05-04 12:15:04.000","0.10280079","0"
"2025-05-04 12:30:04.000","0.13869752","0"
"2025-05-04 12:45:04.000","0.07856844","0"
"2025-05-04 13:00:04.000","0.15769911","0"
"2025-05-04 13:15:04.000","0.23624773","0"
"2025-05-04 13:30:04.000","0.22027259","0"
"2025-05-04 13:45:04.000","0.20624259","0"
"2025-05-04 14:00:04.000","0.18830828","0"
"2025-05-04 14:15:04.000","0.1767852","0"
"2025-05-04 14:30:04.000","0.20814659","0"
"2025-05-04 14:45:04.000","0.21384576","0"
"2025-05-04 15:00:04.000","0.20374739","0"
"2025-05-04 15:15:04.000","0.15344383","0"
"2025-05-04 15:30:04.000","0.12379419","0"
"2025-05-04 15:45:04.000","0.16692813","0"
"2025-05-04 16:00:04.000","0.17336665","0"
"2025-05-04 16:15:04.000","0.23438643","0"
"2025-05-04 16:30:04.000","0.3121234","0"
"2025-05-04 16:45:04.000","0.43811527","0"
"2025-05-04 17:00:04.000","0.535721","0"
"2025-05-04 17:15:04.000","0.56414366","0"
"2025-05-04 17:30:04.000","0.61841816","0"
"2025-05-04 17:45:04.000","0.7275411","0"
"2025-05-04 18:00:04.000","0.7415559","0"
"2025-05-04 18:15:04.000","0.7598487","0"
"2025-05-04 18:30:04.000","0.8703701","0"
"2025-05-04 18:45:04.000","0.82378703","0"
"2025-05-04 19:00:04.000","0.9421407","0"
"2025-05-04 19:15:04.000","1.0265111","0"
"2025-05-04 19:30:04.000","1.0385841","0"
"2025-05-04 19:45:04.000","1.0577533","0"
"2025-05-04 20:00:04.000","1.095765","0"
"2025-05-04 20:15:04.000","1.1226835","0"
"2025-05-04 20:30:04.000","1.1632887","0"
"2025-05-04 20:45:04.000","1.106339","0"
"2025-05-04 21:00:04.000","1.0785619","0"
"2025-05-04 21:15:04.000","1.072993","0"
"2025-05-04 21:30:04.000","1.0762203","0"
"2025-05-04 21:45:04.000","1.0430187","0"
"2025-05-04 22:00:04.000","0.95559835","0"
"2025-05-04 22:15:04.000","0.8631879","0"
"2025-05-04 22:30:04.000","0.7322466","0"
"2025-05-04 22:45:04.000","0.61410093","0"
"2025-05-04 23:00:04.000","0.41576916","0"
"2025-05-04 23:15:04.000","0.16180545","0"
"2025-05-04 23:30:04.000","0.14720054","0"
"2025-05-04 23:45:04.000","0.3466886","0"
"2025-05-05 00:00:05.000","0.44476065","0"
"2025-05-05 00:15:05.000","0.43627173","0"
"2025-05-05 00:30:05.000","0.29808894","0"
"2025-05-05 00:45:05.000","0.2833461","0"
"2025-05-05 01:00:05.000","0.2731831","0"
"2025-05-05 01:15:05.000","0.31483644","0"
"2025-05-05 01:30:05.000","0.3693846","0"
"2025-05-05 01:45:05.000","0.3443791","0"
"2025-05-05 02:00:05.000","0.46922064","0"
"2025-05-05 02:15:05.000","0.5998107","0"
"2025-05-05 02:30:05.000","0.5397258","0"
"2025-05-05 02:45:05.000","0.6660849","0"
"2025-05-05 03:00:05.000","0.5347345","0"
"2025-05-05 03:15:05.000","0.7450007","0"
"2025-05-05 03:30:05.000","0.903005","0"
"2025-05-05 03:45:05.000","0.70618135","0"
"2025-05-05 04:00:05.000","0.8833539","0"
"2025-05-05 04:15:05.000","0.82637835","0"
"2025-05-05 04:30:05.000","0.9332653","0"
"2025-05-05 04:45:05.000","0.826155","0"
"2025-05-05 05:00:05.000","0.85445887","0"
"2025-05-05 05:15:05.000","0.94117427","0"
"2025-05-05 05:30:05.000","0.77797824","0"
"2025-05-05 05:45:05.000","0.694692","0"
"2025-05-05 06:00:05.000","0.45037097","0"
"2025-05-05 06:15:05.000","0.42449966","0"
"2025-05-05 06:30:05.000","0.33833858","0"
"2025-05-05 06:45:05.000","0.19205207","0"
"2025-05-05 07:00:05.000","0.2925492","0"
"2025-05-05 07:15:05.000","0.11049434","0"
"2025-05-05 07:30:04.000","0.2512051","0"
"2025-05-05 07:45:04.000","0.12241324","0"
"2025-05-05 08:00:04.000","0.13778606","0"
"2025-05-05 08:15:04.000","0.22751707","0"
"2025-05-05 08:30:04.000","0.40909904","0"
"2025-05-05 08:45:04.000","0.38801286","0"
"2025-05-05 09:00:04.000","0.2642593","0"
"2025-05-05 09:15:04.000","0.3212865","0"
"2025-05-05 09:30:04.000","0.48723918","0"
"2025-05-05 09:45:04.000","0.70477587","0"
"2025-05-05 10:00:04.000","0.8647088","0"
"2025-05-05 10:15:04.000","0.944145","0"
"2025-05-05 10:30:04.000","0.97851586","0"
"2025-05-05 10:45:04.000","0.9580192","0"
"2025-05-05 11:00:04.000","0.9117066","0"
"2025-05-05 11:15:04.000","0.8842805","0"
"2025-05-05 11:30:04.000","0.84570265","0"
"2025-05-05 11:45:04.000","0.58015525","0"
"2025-05-05 12:00:04.000","0.5674901","0"
"2025-05-05 12:15:04.000","0.46466872","0"
"2025-05-05 12:30:04.000","0.41829297","0"
"2025-05-05 12:45:04.000","0.37630305","0"
"2025-05-05 13:00:04.000","0.27600363","0"
"2025-05-05 13:15:04.000","0.13122882","0"
"2025-05-05 13:30:04.000","0.083737694","0"
"2025-05-05 13:45:04.000","0.11186599","0"
"2025-05-05 14:00:04.000","0.13981774","0"
"2025-05-05 14:15:04.000","0.05020956","0"
"2025-05-05 14:30:04.000","0.15959011","0"
"2025-05-05 14:45:04.000","0.2920582","0"
"2025-05-05 15:00:04.000","0.43722075","0"
"2025-05-05 15:15:04.000","0.25471947","0"
"2025-05-05 15:30:04.000","0.06648308","0"
"2025-05-05 15:45:04.000","0.08731551","0"
"2025-05-05 16:00:04.000","0.07902532","0"
"2025-05-05 16:15:04.000","0.07433035","0"
"2025-05-05 16:30:04.000","0.09850889","0"
"2025-05-05 16:45:04.000","0.107335925","0"
"2025-05-05 17:00:04.000","0.13106106","0"
"2025-05-05 17:15:04.000","0.2102118","0"
"2025-05-05 17:30:04.000","0.15861905","0"
"2025-05-05 17:45:04.000","0.12763228","0"
"2025-05-05 18:00:04.000","0.18292348","0"
"2025-05-05 18:15:04.000","0.30142334","0"
"2025-05-05 18:30:04.000","0.46756604","0"
"2025-05-05 18:45:04.000","0.522383","0"
"2025-05-05 19:00:04.000","0.5512405","0"
"2025-05-05 19:15:04.000","0.62069154","0"
"2025-05-05 19:30:04.000","0.63530785","0"
"2025-05-05 19:45:04.000","0.68669134","0"
"2025-05-05 20:00:04.000","0.7266533","0"
"2025-05-05 20:15:04.000","0.79367566","0"
"2025-05-05 20:30:04.000","0.89244044","0"
"2025-05-05 20:45:04.000","0.87729234","0"
"2025-05-05 21:00:04.000","0.8681164","0"
"2025-05-05 21:15:04.000","0.91058004","0"
"2025-05-05 21:30:04.000","0.88137454","0"
"2025-05-05 21:45:04.000","0.83513474","0"
"2025-05-05 22:00:04.000","0.7886405","0"
"2025-05-05 22:15:04.000","0.81529444","0"
"2025-05-05 22:30:04.000","0.79380417","0"
"2025-05-05 22:45:04.000","0.7989819","0"
"2025-05-05 23:00:04.000","0.7322493","0"
"2025-05-05 23:15:04.000","0.6616011","0"
"2025-05-05 23:30:04.000","0.57712734","0"
"2025-05-05 23:45:04.000","0.45333984","0"
"2025-05-06 00:00:04.000","0.33118728","0"
"2025-05-06 00:15:04.000","0.12473973","0"
"2025-05-06 00:30:04.000","0.1976765","0"
"2025-05-06 00:45:05.000","0.37523863","0"
"2025-05-06 01:00:04.000","0.41000128","0"
"2025-05-06 01:15:05.000","0.49199998","0"
"2025-05-06 01:30:05.000","0.51435107","0"
"2025-05-06 01:45:05.000","0.2820284","0"
"2025-05-06 02:00:05.000","0.34927496","0"
"2025-05-06 02:15:05.000","0.4286222","0"
"2025-05-06 02:30:05.000","0.5642871","0"
"2025-05-06 02:45:05.000","0.6410054","0"
"2025-05-06 03:00:05.000","0.72822255","0"
"2025-05-06 03:15:05.000","0.6520276","0"
"2025-05-06 03:30:05.000","0.65755457","0"
"2025-05-06 03:45:05.000","0.6212907","0"
"2025-05-06 04:00:05.000","0.6156834","0"
"2025-05-06 04:15:05.000","0.8660468","0"
"2025-05-06 04:30:05.000","0.88720334","0"
"2025-05-06 04:45:05.000","0.9352358","0"
"2025-05-06 05:00:05.000","0.9435093","0"
"2025-05-06 05:15:05.000","0.94804275","0"
"2025-05-06 05:30:05.000","0.92104393","0"
"2025-05-06 05:45:05.000","0.9326199","0"
"2025-05-06 06:00:05.000","0.7685707","0"
"2025-05-06 06:15:05.000","0.709373","0"
"2025-05-06 06:30:05.000","0.62446135","0"
"2025-05-06 06:45:05.000","0.4819648","0"
"2025-05-06 07:00:05.000","0.34929216","0"
"2025-05-06 07:15:05.000","0.25927976","0"
"2025-05-06 07:30:05.000","0.17839281","0"
"2025-05-06 07:45:05.000","0.18034689","0"
"2025-05-06 08:00:05.000","0.19272","0"
"2025-05-06 08:15:05.000","0.1400357","0"
"2025-05-06 08:30:05.000","0.08704597","0"
"2025-05-06 08:45:05.000","0.22638462","0"
"2025-05-06 09:00:05.000","0.50062454","0"
"2025-05-06 09:15:05.000","0.44633734","0"
"2025-05-06 09:30:05.000","0.36832866","0"
"2025-05-06 09:45:04.000","0.36158124","0"
"2025-05-06 10:00:04.000","0.4174901","0"
"2025-05-06 10:15:04.000","0.6268277","0"
"2025-05-06 10:30:04.000","0.8381169","0"
"2025-05-06 10:45:04.000","0.8640393","0"
"2025-05-06 11:00:04.000","0.9640835","0"
"2025-05-06 11:15:04.000","1.0809562","0"
"2025-05-06 11:30:04.000","1.1184816","0"
"2025-05-06 11:45:04.000","1.1211873","0"
"2025-05-06 12:00:04.000","0.8498764","0"
"2025-05-06 12:15:04.000","0.94631916","0"
"2025-05-06 12:30:04.000","0.96432877","0"
"2025-05-06 12:45:04.000","0.85291564","0"
"2025-05-06 13:00:04.000","0.77461284","0"
"2025-05-06 13:15:04.000","0.61398375","0"
"2025-05-06 13:30:04.000","0.47533676","0"
"2025-05-06 13:45:04.000","0.3451507","0"
"2025-05-06 14:00:04.000","0.2295844","0"
"2025-05-06 14:15:04.000","0.094894685","0"
"2025-05-06 14:30:04.000","0.058523502","0"
"2025-05-06 14:45:04.000","0.10615083","0"
"2025-05-06 15:00:04.000","0.07387827","0"
"2025-05-06 15:15:04.000","0.06191122","0"
"2025-05-06 15:30:04.000","0.07920859","0"
"2025-05-06 15:45:04.000","0.06711929","0"
"2025-05-06 16:00:04.000","0.04976947","0"
"2025-05-06 16:15:04.000","0.08683319","0"
"2025-05-06 16:30:04.000","0.13978915","0"
"2025-05-06 16:45:04.000","0.17871766","0"
"2025-05-06 17:00:04.000","0.16302456","0"
"2025-05-06 17:15:04.000","0.18146351","0"
"2025-05-06 17:30:04.000","0.26037666","0"
"2025-05-06 17:45:04.000","0.12182364","0"
"2025-05-06 18:00:04.000","0.10381715","0"
"2025-05-06 18:15:04.000","0.121297166","0"
"2025-05-06 18:30:04.000","0.1284718","0"
"2025-05-06 18:45:04.000","0.08089499","0"
"2025-05-06 19:00:04.000","0.14018561","0"
"2025-05-06 19:15:04.000","0.21445046","0"
"2025-05-06 19:30:04.000","0.36567336","0"
"2025-05-06 19:45:04.000","0.3736201","0"
"2025-05-06 20:00:04.000","0.35863215","0"
"2025-05-06 20:15:04.000","0.3302802","0"
"2025-05-06 20:30:04.000","0.35211506","0"
"2025-05-06 20:45:04.000","0.43312934","0"
"2025-05-06 21:00:04.000","0.5278305","0"
"2025-05-06 21:15:04.000","0.56089216","0"
"2025-05-06 21:30:04.000","0.6835737","0"
"2025-05-06 21:45:04.000","0.67104995","0"
"2025-05-06 22:00:04.000","0.75542307","0"
"2025-05-06 22:15:04.000","0.767088","0"
"2025-05-06 22:30:04.000","0.82126534","0"
"2025-05-06 22:45:04.000","0.8407295","0"
"2025-05-06 23:00:04.000","0.68591547","0"
"2025-05-06 23:15:04.000","0.65722","0"
"2025-05-06 23:30:04.000","0.54533833","0"
"2025-05-06 23:45:04.000","0.5660143","0"
"2025-05-07 00:00:04.000","0.5593756","0"
"2025-05-07 00:15:04.000","0.5561735","0"
"2025-05-07 00:30:04.000","0.49936467","0"
"2025-05-07 00:45:04.000","0.40434888","0"
"2025-05-07 01:00:04.000","0.2984845","0"
"2025-05-07 01:15:04.000","0.1380145","0"
"2025-05-07 01:30:04.000","0.108078666","0"
"2025-05-07 01:45:04.000","0.23769729","0"
"2025-05-07 02:00:04.000","0.31731686","0"
"2025-05-07 02:15:04.000","0.4068931","0"
"2025-05-07 02:30:04.000","0.51244515","0"
"2025-05-07 02:45:04.000","0.6100664","0"
"2025-05-07 03:00:04.000","0.40782964","0"
"2025-05-07 03:15:04.000","0.26816788","0"
"2025-05-07 03:30:04.000","0.249882","0"
"2025-05-07 03:45:04.000","0.2495596","0"
"2025-05-07 04:00:05.000","0.37285927","0"
"2025-05-07 04:15:05.000","0.659339","0"
"2025-05-07 04:30:05.000","0.7083679","0"
"2025-05-07 04:45:05.000","0.7767444","0"
"2025-05-07 05:00:05.000","0.7651888","0"
"2025-05-07 05:15:05.000","0.85000247","0"
"2025-05-07 05:30:05.000","0.79814094","0"
"2025-05-07 05:45:05.000","0.81500244","0"
"2025-05-07 06:00:05.000","0.79202276","0"
"2025-05-07 06:15:05.000","0.77488387","0"
"2025-05-07 06:30:05.000","0.7588543","0"
"2025-05-07 06:45:05.000","0.65598553","0"
"2025-05-07 07:00:05.000","0.56746626","0"
"2025-05-07 07:15:05.000","0.5418312","0"
"2025-05-07 07:30:05.000","0.43689817","0"
"2025-05-07 07:45:05.000","0.36170706","0"
"2025-05-07 08:00:05.000","0.333726","0"
"2025-05-07 08:15:05.000","0.1996497","0"
"2025-05-07 08:30:05.000","0.34064943","0"
"2025-05-07 08:45:05.000","0.34881654","0"
"2025-05-07 09:00:05.000","0.2802428","0"
"2025-05-07 09:15:05.000","0.28567114","0"
"2025-05-07 09:30:05.000","0.2713116","0"
"2025-05-07 09:45:05.000","0.20500001","0"
"2025-05-07 10:00:05.000","0.34348363","0"
"2025-05-07 10:15:05.000","0.7514001","0"
"2025-05-07 10:30:05.000","0.82506967","0"
"2025-05-07 10:45:05.000","0.7920214","0"
"2025-05-07 11:00:05.000","0.59066826","0"
"2025-05-07 11:15:05.000","0.70777464","0"
"2025-05-07 11:30:05.000","0.8731828","0"
"2025-05-07 11:45:05.000","0.89722294","0"
"2025-05-07 12:00:05.000","1.2250148","0"
"2025-05-07 12:15:04.000","1.2639954","0"
"2025-05-07 12:30:04.000","1.3511077","0"
"2025-05-07 12:45:04.000","1.3032364","0"
"2025-05-07 13:00:04.000","1.2345632","0"
"2025-05-07 13:15:04.000","1.2139729","0"
"2025-05-07 13:30:04.000","1.1701884","0"
"2025-05-07 13:45:04.000","1.085181","0"
"2025-05-07 14:00:04.000","0.87512857","0"
"2025-05-07 14:15:04.000","0.63737744","0"
"2025-05-07 14:30:04.000","0.3567072","0"
"2025-05-07 14:45:04.000","0.18487836","0"
"2025-05-07 15:00:04.000","0.24091908","0"
"2025-05-07 15:15:04.000","0.18416569","0"
"2025-05-07 15:30:04.000","0.1025768","0"
"2025-05-07 15:45:04.000","0.07947955","0"
"2025-05-07 16:00:04.000","0.116361484","0"
"2025-05-07 16:15:04.000","0.12083046","0"
"2025-05-07 16:30:04.000","0.24000001","0"
"2025-05-07 16:45:04.000","0.29570258","0"
"2025-05-07 17:00:04.000","0.3362693","0"
"2025-05-07 17:15:04.000","0.4861985","0"
"2025-05-07 17:30:04.000","0.46979254","0"
"2025-05-07 17:45:04.000","0.4234572","0"
"2025-05-07 18:00:04.000","0.41268513","0"
"2025-05-07 18:15:04.000","0.30283988","0"
"2025-05-07 18:30:04.000","0.31385666","0"
"2025-05-07 18:45:04.000","0.31807703","0"
"2025-05-07 19:00:04.000","0.26349196","0"
"2025-05-07 19:15:04.000","0.263712","0"
"2025-05-07 19:30:04.000","0.2786844","0"
"2025-05-07 19:45:04.000","0.18908201","0"
"2025-05-07 20:00:04.000","0.13389921","0"
"2025-05-07 20:15:04.000","0.095078915","0"
"2025-05-07 20:30:04.000","0.07932212","0"
"2025-05-07 20:45:04.000","0.09902021","0"
"2025-05-07 21:00:04.000","0.19448653","0"
"2025-05-07 21:15:04.000","0.21253234","0"
"2025-05-07 21:30:04.000","0.39273015","0"
"2025-05-07 21:45:04.000","0.45107985","0"
"2025-05-07 22:00:04.000","0.4518517","0"
"2025-05-07 22:15:04.000","0.42275286","0"
"2025-05-07 22:30:04.000","0.4085891","0"
"2025-05-07 22:45:04.000","0.43401384","0"
"2025-05-07 23:00:04.000","0.41805744","0"
"2025-05-07 23:15:04.000","0.42379248","0"
"2025-05-07 23:30:04.000","0.39876053","0"
"2025-05-07 23:45:04.000","0.3676955","0"
"2025-05-08 00:00:04.000","0.36800134","0"
"2025-05-08 00:15:04.000","0.42186487","0"
"2025-05-08 00:30:04.000","0.49134305","0"
"2025-05-08 00:45:04.000","0.52201533","0"
"2025-05-08 01:00:04.000","0.5386","0"
"2025-05-08 01:15:04.000","0.46764198","0"
"2025-05-08 01:30:04.000","0.3527322","0"
"2025-05-08 01:45:04.000","0.2924329","0"
"2025-05-08 02:00:04.000","0.163487","0"
"2025-05-08 02:15:04.000","0.089022465","0"
"2025-05-08 02:30:04.000","0.118701324","0"
"2025-05-08 02:45:04.000","0.2424706","0"
"2025-05-08 03:00:04.000","0.28756216","0"
"2025-05-08 03:15:04.000","0.26424608","0"
"2025-05-08 03:30:04.000","0.2331373","0"
"2025-05-08 03:45:04.000","0.23628163","0"
"2025-05-08 04:00:04.000","0.2779946","0"
"2025-05-08 04:15:04.000","0.29881436","0"
"2025-05-08 04:30:04.000","0.29529816","0"
"2025-05-08 04:45:04.000","0.3887313","0"
"2025-05-08 05:00:04.000","0.44829118","0"
"2025-05-08 05:15:04.000","0.49000406","0"
"2025-05-08 05:30:04.000","0.18154061","0"
"2025-05-08 05:45:04.000","0.51703477","0"
"2025-05-08 06:00:04.000","0.4934055","0"
"2025-05-08 06:15:04.000","0.51187986","0"
"2025-05-08 06:30:04.000","0.5424767","0"
"2025-05-08 06:45:04.000","0.6140984","0"
"2025-05-08 07:00:05.000","0.6070825","0"
"2025-05-08 07:15:05.000","0.5803447","0"
"2025-05-08 07:30:05.000","0.51072985","0"
"2025-05-08 07:45:05.000","0.4919726","0"
"2025-05-08 08:00:05.000","0.3939099","0"
"2025-05-08 08:15:05.000","0.20130822","0"
"2025-05-08 08:30:05.000","0.14337713","0"
"2025-05-08 08:45:05.000","0.45494285","0"
"2025-05-08 09:00:05.000","0.54552907","0"
"2025-05-08 09:15:05.000","0.4218069","0"
"2025-05-08 09:30:05.000","0.3352611","0"
"2025-05-08 09:45:05.000","0.3486331","0"
"2025-05-08 10:00:05.000","0.39945963","0"
"2025-05-08 10:15:05.000","0.6480495","0"
"2025-05-08 10:30:05.000","0.7688797","0"
"2025-05-08 10:45:05.000","0.8409518","0"
"2025-05-08 11:00:05.000","0.85683435","0"
"2025-05-08 11:15:05.000","0.77897686","0"
"2025-05-08 11:30:05.000","0.8431447","0"
"2025-05-08 11:45:05.000","0.91960424","0"
"2025-05-08 12:00:05.000","0.91208","0"
"2025-05-08 12:15:05.000","1.0452303","0"
"2025-05-08 12:30:05.000","1.2204695","0"
"2025-05-08 12:45:05.000","1.168713","0"
"2025-05-08 13:00:05.000","1.1440281","0"
"2025-05-08 13:15:05.000","1.1910539","0"
"2025-05-08 13:30:05.000","1.2240201","0"
"2025-05-08 13:45:05.000","1.1646223","0"
"2025-05-08 14:00:05.000","1.0877655","0"
"2025-05-08 14:15:05.000","1.034366","0"
"2025-05-08 14:30:05.000","0.99540806","0"
"2025-05-08 14:45:05.000","0.84783787","0"
"2025-05-08 15:00:05.000","0.71660596","0"
"2025-05-08 15:15:05.000","0.50122344","0"
"2025-05-08 15:30:04.000","0.33616218","0"
"2025-05-08 15:45:04.000","0.21824758","0"
"2025-05-08 16:00:04.000","0.18384777","0"
"2025-05-08 16:15:04.000","0.21115158","0"
"2025-05-08 16:30:04.000","0.39506203","0"
"2025-05-08 16:45:04.000","0.35405228","0"
"2025-05-08 17:00:04.000","0.37219352","0"
"2025-05-08 17:15:04.000","0.3551704","0"
"2025-05-08 17:30:04.000","0.42247367","0"
"2025-05-08 17:45:04.000","0.3640344","0"
"2025-05-08 18:00:04.000","0.41550213","0"
"2025-05-08 18:15:04.000","0.42979646","0"
"2025-05-08 18:30:04.000","0.41380668","0"
"2025-05-08 18:45:04.000","0.44100115","0"
"2025-05-08 19:00:04.000","0.45900115","0"
"2025-05-08 19:15:04.000","0.44858998","0"
"2025-05-08 19:30:04.000","0.46718094","0"
"2025-05-08 19:45:04.000","0.4636432","0"
"2025-05-08 20:00:04.000","0.41986907","0"
"2025-05-08 20:15:04.000","0.35934666","0"
"2025-05-08 20:30:04.000","0.34301752","0"
"2025-05-08 20:45:04.000","0.31560105","0"
"2025-05-08 21:00:04.000","0.19849434","0"
"2025-05-08 21:15:04.000","0.16807733","0"
"2025-05-08 21:30:04.000","0.17593466","0"
"2025-05-08 21:45:04.000","0.15651836","0"
"2025-05-08 22:00:04.000","0.33313817","0"
"2025-05-08 22:15:04.000","0.28460854","0"
"2025-05-08 22:30:04.000","0.20309603","0"
"2025-05-08 22:45:04.000","0.24600206","0"
"2025-05-08 23:00:04.000","0.23900628","0"
"2025-05-08 23:15:04.000","0.24365753","0"
"2025-05-08 23:30:04.000","0.17380737","0"
"2025-05-08 23:45:04.000","0.15352198","0"
"2025-05-09 00:00:04.000","0.18445869","0"
"2025-05-09 00:15:04.000","0.26094636","0"
"2025-05-09 00:30:04.000","0.44281152","0"
"2025-05-09 00:45:04.000","0.57095796","0"
"2025-05-09 01:00:04.000","0.6758114","0"
"2025-05-09 01:15:04.000","0.6175865","0"
"2025-05-09 01:30:04.000","0.58680916","0"
"2025-05-09 01:45:04.000","0.6590395","0"
"2025-05-09 02:00:04.000","0.57417774","0"
"2025-05-09 02:15:04.000","0.46517628","0"
"2025-05-09 02:30:04.000","0.36716482","0"
"2025-05-09 02:45:04.000","0.19461243","0"
"2025-05-09 03:00:04.000","0.1960102","0"
"2025-05-09 03:15:04.000","0.22645086","0"
"2025-05-09 03:30:04.000","0.2786324","0"
"2025-05-09 03:45:04.000","0.2870906","0"
"2025-05-09 04:00:04.000","0.3277682","0"
"2025-05-09 04:15:04.000","0.3719812","0"
"2025-05-09 04:30:04.000","0.3600347","0"
"2025-05-09 04:45:04.000","0.43400463","0"
"2025-05-09 05:00:04.000","0.42162663","0"
"2025-05-09 05:15:04.000","0.52519804","0"
"2025-05-09 05:30:04.000","0.5270152","0"
"2025-05-09 05:45:04.000","0.56612724","0"
"2025-05-09 06:00:04.000","0.60401326","0"
"2025-05-09 06:15:04.000","0.5960303","0"
"2025-05-09 06:30:04.000","0.5710219","0"
"2025-05-09 06:45:04.000","0.5396268","0"
"2025-05-09 07:00:04.000","0.48320282","0"
"2025-05-09 07:15:04.000","0.5296678","0"
"2025-05-09 07:30:04.000","0.521096","0"
"2025-05-09 07:45:04.000","0.4540011","0"
"2025-05-09 08:00:04.000","0.5261369","0"
"2025-05-09 08:15:04.000","0.44687805","0"
"2025-05-09 08:30:04.000","0.41792467","0"
"2025-05-09 08:45:04.000","0.3010548","0"
"2025-05-09 09:00:04.000","0.21128418","0"
"2025-05-09 09:15:04.000","0.095000006","0"
"2025-05-09 09:30:04.000","0.23145844","0"
"2025-05-09 09:45:04.000","0.52616066","0"
"2025-05-09 10:00:04.000","0.38702068","0"
"2025-05-09 10:15:04.000","0.40636188","0"
"2025-05-09 10:30:04.000","0.5629219","0"
"2025-05-09 10:45:04.000","0.6944242","0"
"2025-05-09 11:00:04.000","0.8134551","0"
"2025-05-09 11:15:04.000","0.91857713","0"
"2025-05-09 11:30:05.000","1.0532259","0"
"2025-05-09 11:45:05.000","1.0380584","0"
"2025-05-09 12:00:05.000","1.091664","0"
"2025-05-09 12:15:05.000","1.0446073","0"
"2025-05-09 12:30:05.000","1.1680694","0"
"2025-05-09 12:45:05.000","1.3118056","0"
"2025-05-09 13:00:05.000","1.457918","0"
"2025-05-09 13:15:05.000","1.2912141","0"
"2025-05-09 13:30:05.000","1.3303508","0"
"2025-05-09 13:45:05.000","1.302418","0"
"2025-05-09 14:00:05.000","1.4047867","0"
"2025-05-09 14:15:05.000","1.3591224","0"
"2025-05-09 14:30:05.000","1.2933532","0"
"2025-05-09 14:45:05.000","1.2593818","0"
"2025-05-09 15:00:05.000","1.1418253","0"
"2025-05-09 15:15:05.000","1.0364463","0"
"2025-05-09 15:30:05.000","0.9843273","0"
"2025-05-09 15:45:05.000","0.8019825","0"
"2025-05-09 16:00:05.000","0.5563426","0"
"2025-05-09 16:15:05.000","0.23769732","0"
"2025-05-09 16:30:05.000","0.18686894","0"
"2025-05-09 16:45:05.000","0.34982422","0"
"2025-05-09 17:00:05.000","0.4183743","0"
"2025-05-09 17:15:05.000","0.37672403","0"
"2025-05-09 17:30:05.000","0.36100557","0"
"2025-05-09 17:45:05.000","0.36875063","0"
"2025-05-09 18:00:05.000","0.42578986","0"
"2025-05-09 18:15:05.000","0.4718739","0"
"2025-05-09 18:30:05.000","0.5641277","0"
"2025-05-09 18:45:05.000","0.50771844","0"
"2025-05-09 19:00:05.000","0.4810094","0"
"2025-05-09 19:15:05.000","0.5760703","0"
"2025-05-09 19:30:05.000","0.51786965","0"
"2025-05-09 19:45:05.000","0.5030357","0"
"2025-05-09 20:00:05.000","0.5850077","0"
"2025-05-09 20:15:04.000","0.66810787","0"
"2025-05-09 20:30:04.000","0.67329717","0"
"2025-05-09 20:45:04.000","0.5982725","0"
"2025-05-09 21:00:04.000","0.5443905","0"
"2025-05-09 21:15:04.000","0.53521025","0"
"2025-05-09 21:30:04.000","0.4917977","0"
"2025-05-09 21:45:04.000","0.36130044","0"
"2025-05-09 22:00:04.000","0.25144783","0"
"2025-05-09 22:15:04.000","0.17399426","0"
"2025-05-09 22:30:04.000","0.14948244","0"
"2025-05-09 22:45:04.000","0.12310971","0"
"2025-05-09 23:00:04.000","0.060108233","0"
"2025-05-09 23:15:04.000","0.09426028","0"
"2025-05-09 23:30:04.000","0.048836462","0"
"2025-05-09 23:45:04.000","0.117004275","0"
"2025-05-10 00:00:04.000","0.20468758","0"
"2025-05-10 00:15:04.000","0.4447078","0"
"2025-05-10 00:30:04.000","0.3594343","0"
"2025-05-10 00:45:04.000","0.33573803","0"
"2025-05-10 01:00:04.000","0.2654524","0"
"2025-05-10 01:15:04.000","0.31553924","0"
"2025-05-10 01:30:04.000","0.36827844","0"
"2025-05-10 01:45:04.000","0.41090754","0"
"2025-05-10 02:00:04.000","0.45361662","0"
"2025-05-10 02:15:04.000","0.42282978","0"
"2025-05-10 02:30:04.000","0.39312598","0"
"2025-05-10 02:45:04.000","0.35013422","0"
"2025-05-10 03:00:04.000","0.2921951","0"
"2025-05-10 03:15:04.000","0.21215092","0"
"2025-05-10 03:30:04.000","0.1491107","0"
"2025-05-10 03:45:04.000","0.07856845","0"
"2025-05-10 04:00:04.000","0.17765418","0"
"2025-05-10 04:15:04.000","0.23117313","0"
"2025-05-10 04:30:04.000","0.41309807","0"
"2025-05-10 04:45:04.000","0.4765921","0"
"2025-05-10 05:00:04.000","0.5496053","0"
"2025-05-10 05:15:04.000","0.63863057","0"
"2025-05-10 05:30:04.000","0.6295856","0"
"2025-05-10 05:45:04.000","0.4320475","0"
"2025-05-10 06:00:04.000","0.3820497","0"
"2025-05-10 06:15:04.000","0.4695913","0"
"2025-05-10 06:30:04.000","0.48800004","0"
"2025-05-10 06:45:04.000","0.497353","0"
"2025-05-10 07:00:04.000","0.5092593","0"
"2025-05-10 07:15:04.000","0.48182258","0"
"2025-05-10 07:30:04.000","0.4109319","0"
"2025-05-10 07:45:04.000","0.39582822","0"
"2025-05-10 08:00:04.000","0.37665102","0"
"2025-05-10 08:15:04.000","0.38242382","0"
"2025-05-10 08:30:04.000","0.3661543","0"
"2025-05-10 08:45:04.000","0.31148836","0"
"2025-05-10 09:00:04.000","0.2758786","0"
"2025-05-10 09:15:04.000","0.20087805","0"
"2025-05-10 09:30:04.000","0.11603879","0"
"2025-05-10 09:45:04.000","0.19377565","0"
"2025-05-10 10:00:04.000","0.40164787","0"
"2025-05-10 10:15:04.000","0.82236004","0"
"2025-05-10 10:30:04.000","0.8577698","0"
"2025-05-10 10:45:04.000","0.7755308","0"
"2025-05-10 11:00:04.000","0.5966448","0"
"2025-05-10 11:15:04.000","0.6101744","0"
"2025-05-10 11:30:04.000","0.90292966","0"
"2025-05-10 11:45:04.000","0.991686","0"
"2025-05-10 12:00:04.000","1.1390737","0"
"2025-05-10 12:15:04.000","1.1158434","0"
"2025-05-10 12:30:04.000","1.1968979","0"
"2025-05-10 12:45:04.000","1.2627311","0"
"2025-05-10 13:00:04.000","1.479677","0"
"2025-05-10 13:15:04.000","1.6751149","0"
"2025-05-10 13:30:04.000","1.6102315","0"
"2025-05-10 13:45:04.000","1.3664002","0"
"2025-05-10 14:00:04.000","1.3692017","0"
"2025-05-10 14:15:04.000","1.4508746","0"
"2025-05-10 14:30:04.000","1.4502256","0"
"2025-05-10 14:45:04.000","1.4906592","0"
"2025-05-10 15:00:04.000","1.4839783","0"
"2025-05-10 15:15:04.000","1.4191018","0"
"2025-05-10 15:30:04.000","1.3472642","0"
"2025-05-10 15:45:04.000","1.1343125","0"
"2025-05-10 16:00:04.000","0.8864339","0"
"2025-05-10 16:15:04.000","0.6659866","0"
"2025-05-10 16:30:04.000","0.43041953","0"
"2025-05-10 16:45:04.000","0.28256148","0"
"2025-05-10 17:00:04.000","0.15023316","0"
"2025-05-10 17:15:04.000","0.1928549","0"
"2025-05-10 17:30:05.000","0.47835243","0"
"2025-05-10 17:45:05.000","0.60011995","0"
"2025-05-10 18:00:05.000","0.35705045","0"
"2025-05-10 18:15:05.000","0.44759917","0"
"2025-05-10 18:30:05.000","0.522384","0"
"2025-05-10 18:45:05.000","0.5446696","0"
"2025-05-10 19:00:05.000","0.58300775","0"
"2025-05-10 19:15:05.000","0.64311194","0"
"2025-05-10 19:30:05.000","0.643","0"
"2025-05-10 19:45:05.000","0.6390635","0"
"2025-05-10 20:00:05.000","0.6946381","0"
"2025-05-10 20:15:05.000","0.5978504","0"
"2025-05-10 20:30:05.000","0.6241482","0"
"2025-05-10 20:45:05.000","0.7582381","0"
"2025-05-10 21:00:05.000","0.8421699","0"
"2025-05-10 21:15:05.000","0.72739327","0"
"2025-05-10 21:30:05.000","0.73703265","0"
"2025-05-10 21:45:05.000","0.70111334","0"
"2025-05-10 22:00:05.000","0.57001495","0"
"2025-05-10 22:15:05.000","0.5229005","0"
"2025-05-10 22:30:05.000","0.35948992","0"
"2025-05-10 22:45:05.000","0.3030578","0"
"2025-05-10 23:00:05.000","0.3199156","0"
"2025-05-10 23:15:05.000","0.2403934","0"
"2025-05-10 23:30:05.000","0.23215728","0"
"2025-05-10 23:45:05.000","0.18811168","0"
"2025-05-11 00:00:05.000","0.12021648","0"
"2025-05-11 00:15:05.000","0.31574833","0"
"2025-05-11 00:30:04.000","0.36629224","0"
"2025-05-11 00:45:04.000","0.249954","0"
"2025-05-11 01:00:04.000","0.12020815","0"
"2025-05-11 01:15:04.000","0.13695255","0"
"2025-05-11 01:30:04.000","0.11253889","0"
"2025-05-11 01:45:04.000","0.21038061","0"
"2025-05-11 02:00:04.000","0.29189903","0"
"2025-05-11 02:15:04.000","0.5013362","0"
"2025-05-11 02:30:04.000","0.60939485","0"
"2025-05-11 02:45:04.000","0.5782682","0"
"2025-05-11 03:00:04.000","0.4454268","0"
"2025-05-11 03:15:04.000","0.393581","0"
"2025-05-11 03:30:04.000","0.3620884","0"
"2025-05-11 03:45:04.000","0.25903088","0"
"2025-05-11 04:00:04.000","0.24224988","0"
"2025-05-11 04:15:04.000","0.108300515","0"
"2025-05-11 04:30:04.000","0.18724316","0"
"2025-05-11 04:45:04.000","0.23726146","0"
"2025-05-11 05:00:04.000","0.3971524","0"
"2025-05-11 05:15:04.000","0.37704772","0"
"2025-05-11 05:30:04.000","0.4394553","0"
"2025-05-11 05:45:04.000","0.49602517","0"
"2025-05-11 06:00:04.000","0.47207308","0"
"2025-05-11 06:15:04.000","0.5545178","0"
"2025-05-11 06:30:04.000","0.57302445","0"
"2025-05-11 06:45:04.000","0.3810577","0"
"2025-05-11 07:00:04.000","0.40362856","0"
"2025-05-11 07:15:04.000","0.36868012","0"
"2025-05-11 07:30:04.000","0.3244457","0"
"2025-05-11 07:45:04.000","0.35468292","0"
"2025-05-11 08:00:04.000","0.2015465","0"
"2025-05-11 08:15:04.000","0.18830827","0"
"2025-05-11 08:30:04.000","0.29743066","0"
"2025-05-11 08:45:04.000","0.20785812","0"
"2025-05-11 09:00:04.000","0.21154669","0"
"2025-05-11 09:15:04.000","0.13036105","0"
"2025-05-11 09:30:04.000","0.10729865","0"
"2025-05-11 09:45:04.000","0.08640023","0"
"2025-05-11 10:00:04.000","0.2077354","0"
"2025-05-11 10:15:04.000","0.33049363","0"
"2025-05-11 10:30:04.000","0.4462029","0"
"2025-05-11 10:45:04.000","0.61692876","0"
"2025-05-11 11:00:04.000","0.73329467","0"
"2025-05-11 11:15:04.000","0.8234683","0"
"2025-05-11 11:30:04.000","0.91264737","0"
"2025-05-11 11:45:04.000","0.96364725","0"
"2025-05-11 12:00:04.000","1.0723135","0"
"2025-05-11 12:15:04.000","1.2704936","0"
"2025-05-11 12:30:04.000","1.3247436","0"
"2025-05-11 12:45:04.000","1.0790005","0"
"2025-05-11 13:00:04.000","1.4295542","0"
"2025-05-11 13:15:04.000","1.3839976","0"
"2025-05-11 13:30:04.000","1.3116249","0"
"2025-05-11 13:45:04.000","1.2728257","0"
"2025-05-11 14:00:04.000","1.3531389","0"
"2025-05-11 14:15:04.000","1.3949299","0"
"2025-05-11 14:30:04.000","1.4641482","0"
"2025-05-11 14:45:04.000","1.503033","0"
"2025-05-11 15:00:04.000","1.4986038","0"
"2025-05-11 15:15:04.000","1.4429473","0"
"2025-05-11 15:30:04.000","1.3787215","0"
"2025-05-11 15:45:04.000","1.3851676","0"
"2025-05-11 16:00:04.000","1.3213183","0"
"2025-05-11 16:15:04.000","1.140011","0"
"2025-05-11 16:30:04.000","0.989798","0"
"2025-05-11 16:45:04.000","0.7540398","0"
"2025-05-11 17:00:04.000","0.5060405","0"
"2025-05-11 17:15:04.000","0.27867725","0"
"2025-05-11 17:30:04.000","0.20321664","0"
"2025-05-11 17:45:04.000","0.3774653","0"
"2025-05-11 18:00:04.000","0.57215464","0"
"2025-05-11 18:15:04.000","0.6645487","0"
"2025-05-11 18:30:04.000","0.42843902","0"
"2025-05-11 18:45:04.000","0.47872436","0"
"2025-05-11 19:00:04.000","0.54612553","0"
"2025-05-11 19:15:04.000","0.596","0"
"2025-05-11 19:30:05.000","0.7300439","0"
"2025-05-11 19:45:04.000","0.72122467","0"
"2025-05-11 20:00:04.000","0.7470329","0"
"2025-05-11 20:15:05.000","0.7700104","0"
"2025-05-11 20:30:04.000","0.79312354","0"
"2025-05-11 20:45:04.000","0.86425513","0"
"2025-05-11 21:00:04.000","0.8930022","0"
"2025-05-11 21:15:04.000","1.0212159","0"
"2025-05-11 21:30:04.000","1.0661876","0"
"2025-05-11 21:45:04.000","1.1322337","0"
"2025-05-11 22:00:04.000","1.0364637","0"
"2025-05-11 22:15:04.000","0.9906993","0"
"2025-05-11 22:30:04.000","1.026667","0"
"2025-05-11 22:45:05.000","0.80200005","0"
"2025-05-11 23:00:05.000","0.66203696","0"
"2025-05-11 23:15:05.000","0.5280085","0"
"2025-05-11 23:30:05.000","0.28714108","0"
"2025-05-11 23:45:05.000","0.30955613","0"
"2025-05-12 00:00:05.000","0.20662044","0"
"2025-05-12 00:15:05.000","0.11763078","0"
"2025-05-12 00:30:05.000","0.22278465","0"
"2025-05-12 00:45:05.000","0.42003098","0"
"2025-05-12 01:00:05.000","0.45620722","0"
"2025-05-12 01:15:05.000","0.34188306","0"
"2025-05-12 01:30:05.000","0.218488","0"
"2025-05-12 01:45:05.000","0.085146934","0"
"2025-05-12 02:00:05.000","0.09759099","0"
"2025-05-12 02:15:05.000","0.09334345","0"
"2025-05-12 02:30:05.000","0.13911867","0"
"2025-05-12 02:45:05.000","0.3634185","0"
"2025-05-12 03:00:05.000","0.5255949","0"
"2025-05-12 03:15:05.000","0.5914863","0"
"2025-05-12 03:30:05.000","0.5239552","0"
"2025-05-12 03:45:05.000","0.41949016","0"
"2025-05-12 04:00:05.000","0.4462028","0"
"2025-05-12 04:15:05.000","0.4336739","0"
"2025-05-12 04:30:05.000","0.31802672","0"
"2025-05-12 04:45:05.000","0.22806358","0"
"2025-05-12 05:00:05.000","0.17497715","0"
"2025-05-12 05:15:05.000","0.26277363","0"
"2025-05-12 05:30:05.000","0.29138637","0"
"2025-05-12 05:45:05.000","0.33055255","0"
"2025-05-12 06:00:05.000","0.33761665","0"
"2025-05-12 06:15:05.000","0.4771771","0"
"2025-05-12 06:30:05.000","0.40730458","0"
"2025-05-12 06:45:05.000","0.35956222","0"
"2025-05-12 07:00:04.000","0.3864117","0"
"2025-05-12 07:15:04.000","0.3753732","0"
"2025-05-12 07:30:04.000","0.39659047","0"
"2025-05-12 07:45:04.000","0.45193473","0"
"2025-05-12 08:00:04.000","0.455706","0"
"2025-05-12 08:15:04.000","0.36882785","0"
"2025-05-12 08:30:04.000","0.3312099","0"
"2025-05-12 08:45:04.000","0.2571167","0"
"2025-05-12 09:00:04.000","0.2160116","0"
"2025-05-12 09:15:04.000","0.15815184","0"
"2025-05-12 09:30:04.000","0.15839824","0"
"2025-05-12 09:45:04.000","0.17341569","0"
"2025-05-12 10:00:04.000","0.06334824","0"
"2025-05-12 10:15:04.000","0.042485297","0"
"2025-05-12 10:30:04.000","0.114856444","0"
"2025-05-12 10:45:04.000","0.19832298","0"
"2025-05-12 11:00:04.000","0.42346784","0"
"2025-05-12 11:15:04.000","0.60363317","0"
"2025-05-12 11:30:04.000","0.72910154","0"
"2025-05-12 11:45:04.000","0.8100618","0"
"2025-05-12 12:00:04.000","0.9312084","0"
"2025-05-12 12:15:04.000","1.0671988","0"
"2025-05-12 12:30:04.000","1.0659931","0"
"2025-05-12 12:45:04.000","1.2227564","0"
"2025-05-12 13:00:04.000","1.0151006","0"
"2025-05-12 13:15:04.000","1.2067918","0"
"2025-05-12 13:30:04.000","1.3655015","0"
"2025-05-12 13:45:04.000","1.287047","0"
"2025-05-12 14:00:04.000","1.399112","0"
"2025-05-12 14:15:04.000","1.4762988","0"
"2025-05-12 14:30:04.000","1.5114805","0"
"2025-05-12 14:45:04.000","1.5554459","0"
"2025-05-12 15:00:04.000","1.5657474","0"
"2025-05-12 15:15:04.000","1.5555695","0"
"2025-05-12 15:30:04.000","1.6098231","0"
"2025-05-12 15:45:04.000","1.63674","0"
"2025-05-12 16:00:04.000","1.5997723","0"
"2025-05-12 16:15:04.000","1.573191","0"
"2025-05-12 16:30:04.000","1.4693675","0"
"2025-05-12 16:45:04.000","1.306221","0"
"2025-05-12 17:00:04.000","1.1192032","0"
"2025-05-12 17:15:04.000","0.8572613","0"
"2025-05-12 17:30:04.000","0.5502627","0"
"2025-05-12 17:45:04.000","0.17439324","0"
"2025-05-12 18:00:04.000","0.2208393","0"
"2025-05-12 18:15:04.000","0.40788847","0"
"2025-05-12 18:30:04.000","0.5574773","0"
"2025-05-12 18:45:04.000","0.3968791","0"
"2025-05-12 19:00:04.000","0.36161998","0"
"2025-05-12 19:15:04.000","0.41738707","0"
"2025-05-12 19:30:04.000","0.38406903","0"
"2025-05-12 19:45:04.000","0.5413354","0"
"2025-05-12 20:00:04.000","0.6041936","0"
"2025-05-12 20:15:04.000","0.6806498","0"
"2025-05-12 20:30:04.000","0.80045545","0"
"2025-05-12 20:45:04.000","0.78323054","0"
"2025-05-12 21:00:04.000","0.8211029","0"
"2025-05-12 21:15:04.000","0.9590187","0"
"2025-05-12 21:30:04.000","0.9302151","0"
"2025-05-12 21:45:04.000","0.9979268","0"
"2025-05-12 22:00:04.000","1.0510001","0"
"2025-05-12 22:15:04.000","1.0381001","0"
"2025-05-12 22:30:04.000","1.000392","0"
"2025-05-12 22:45:04.000","0.8856151","0"
"2025-05-12 23:00:04.000","0.8414334","0"
"2025-05-12 23:15:04.000","0.706078","0"
"2025-05-12 23:30:04.000","0.57734656","0"
"2025-05-12 23:45:04.000","0.4930365","0"
"2025-05-13 00:00:04.000","0.37177548","0"
"2025-05-13 00:15:04.000","0.34114075","0"
"2025-05-13 00:30:04.000","0.33100003","0"
"2025-05-13 00:45:04.000","0.14424977","0"
"2025-05-13 01:00:04.000","0.18828169","0"
"2025-05-13 01:15:04.000","0.3909783","0"
"2025-05-13 01:30:04.000","0.37029988","0"
"2025-05-13 01:45:04.000","0.27347028","0"
"2025-05-13 02:00:04.000","0.15572411","0"
"2025-05-13 02:15:04.000","0.14073025","0"
"2025-05-13 02:30:04.000","0.106962614","0"
"2025-05-13 02:45:04.000","0.12080149","0"
"2025-05-13 03:00:04.000","0.05946428","0"
"2025-05-13 03:15:04.000","0.20447493","0"
"2025-05-13 03:30:04.000","0.40035984","0"
"2025-05-13 03:45:04.000","0.4892045","0"
"2025-05-13 04:00:04.000","0.52049977","0"
"2025-05-13 04:15:04.000","0.47556815","0"
"2025-05-13 04:30:05.000","0.4014","0"
"2025-05-13 04:45:05.000","0.36973777","0"
"2025-05-13 05:00:05.000","0.29206166","0"
"2025-05-13 05:15:05.000","0.18555863","0"
"2025-05-13 05:30:05.000","0.12609917","0"
"2025-05-13 05:45:05.000","0.122102425","0"
"2025-05-13 06:00:05.000","0.2283528","0"
"2025-05-13 06:15:05.000","0.2999233","0"
"2025-05-13 06:30:05.000","0.34485072","0"
"2025-05-13 06:45:05.000","0.39143458","0"
"2025-05-13 07:00:05.000","0.36292696","0"
"2025-05-13 07:15:05.000","0.30901134","0"
"2025-05-13 07:30:05.000","0.3395997","0"
"2025-05-13 07:45:05.000","0.25646248","0"
"2025-05-13 08:00:05.000","0.327214","0"
"2025-05-13 08:15:05.000","0.33110872","0"
"2025-05-13 08:30:05.000","0.2557655","0"
"2025-05-13 08:45:05.000","0.24571732","0"
"2025-05-13 09:00:05.000","0.12162236","0"
"2025-05-13 09:15:05.000","0.1296187","0"
"2025-05-13 09:30:05.000","0.070774294","0"
"2025-05-13 09:45:05.000","0.12870508","0"
"2025-05-13 10:00:05.000","0.10604244","0"
"2025-05-13 10:15:05.000","0.06702984","0"
"2025-05-13 10:30:05.000","0.12798828","0"
"2025-05-13 10:45:05.000","0.25544083","0"
"2025-05-13 11:00:05.000","0.41967258","0"
"2025-05-13 11:15:05.000","0.52827466","0"
"2025-05-13 11:30:05.000","0.50256944","0"
"2025-05-13 11:45:05.000","0.5734964","0"
"2025-05-13 12:00:05.000","0.7653757","0"
"2025-05-13 12:15:05.000","0.85932297","0"
"2025-05-13 12:30:05.000","0.94478834","0"
"2025-05-13 12:45:05.000","0.9698356","0"
"2025-05-13 13:00:05.000","1.3139597","0"
"2025-05-13 13:15:05.000","1.4511803","0"
"2025-05-13 13:30:05.000","1.3850589","0"
"2025-05-13 13:45:04.000","1.24451","0"
"2025-05-13 14:00:04.000","1.2424883","0"
"2025-05-13 14:15:04.000","1.3435643","0"
"2025-05-13 14:30:04.000","1.4035646","0"
"2025-05-13 14:45:04.000","1.443164","0"
"2025-05-13 15:00:04.000","1.5093671","0"
"2025-05-13 15:15:04.000","1.554648","0"
"2025-05-13 15:30:04.000","1.6157079","0"
"2025-05-13 15:45:04.000","1.6996664","0"
"2025-05-13 16:00:04.000","1.7606184","0"
"2025-05-13 16:15:04.000","1.7100414","0"
"2025-05-13 16:30:04.000","1.6787964","0"
"2025-05-13 16:45:04.000","1.604176","0"
"2025-05-13 17:00:04.000","1.4976823","0"
"2025-05-13 17:15:04.000","1.3431219","0"
"2025-05-13 17:30:04.000","1.2168303","0"
"2025-05-13 17:45:04.000","1.0342311","0"
"2025-05-13 18:00:04.000","0.81176966","0"
"2025-05-13 18:15:04.000","0.5736287","0"
"2025-05-13 18:30:04.000","0.106230885","0"
"2025-05-13 18:45:04.000","0.31500638","0"
"2025-05-13 19:00:04.000","0.586747","0"
"2025-05-13 19:15:04.000","0.7107834","0"
"2025-05-13 19:30:04.000","0.3393303","0"
"2025-05-13 19:45:04.000","0.34126383","0"
"2025-05-13 20:00:04.000","0.42269257","0"
"2025-05-13 20:15:04.000","0.5891732","0"
"2025-05-13 20:30:04.000","0.7241554","0"
"2025-05-13 20:45:04.000","0.79700255","0"
"2025-05-13 21:00:04.000","0.874005","0"
"2025-05-13 21:15:04.000","0.8751285","0"
"2025-05-13 21:30:04.000","0.9749933","0"
"2025-05-13 21:45:04.000","0.9867061","0"
"2025-05-13 22:00:04.000","1.0893862","0"
"2025-05-13 22:15:04.000","1.0891658","0"
"2025-05-13 22:30:04.000","1.1042397","0"
"2025-05-13 22:45:04.000","1.0585788","0"
"2025-05-13 23:00:04.000","1.0930774","0"
"2025-05-13 23:15:04.000","0.9257267","0"
"2025-05-13 23:30:04.000","1.0229902","0"
"2025-05-13 23:45:04.000","0.90006727","0"
"2025-05-14 00:00:04.000","0.80948436","0"
"2025-05-14 00:15:04.000","0.7334263","0"
"2025-05-14 00:30:04.000","0.57916933","0"
"2025-05-14 00:45:04.000","0.41095135","0"
"2025-05-14 01:00:04.000","0.33218065","0"
"2025-05-14 01:15:04.000","0.22800219","0"
"2025-05-14 01:30:04.000","0.24926291","0"
"2025-05-14 01:45:04.000","0.23651636","0"
"2025-05-14 02:00:04.000","0.10112369","0"
"2025-05-14 02:15:04.000","0.09183681","0"
"2025-05-14 02:30:04.000","0.15529327","0"
"2025-05-14 02:45:04.000","0.098127484","0"
"2025-05-14 03:00:04.000","0.065000005","0"
"2025-05-14 03:15:04.000","0.049648765","0"
"2025-05-14 03:30:04.000","0.109590136","0"
"2025-05-14 03:45:04.000","0.20976415","0"
"2025-05-14 04:00:04.000","0.26545244","0"
"2025-05-14 04:15:04.000","0.3581131","0"
"2025-05-14 04:30:04.000","0.3980452","0"
"2025-05-14 04:45:04.000","0.4397386","0"
"2025-05-14 05:00:04.000","0.4128002","0"
"2025-05-14 05:15:04.000","0.37041733","0"
"2025-05-14 05:30:04.000","0.32482612","0"
"2025-05-14 05:45:04.000","0.20807934","0"
"2025-05-14 06:00:04.000","0.11240107","0"
"2025-05-14 06:15:04.000","0.09062008","0"
"2025-05-14 06:30:04.000","0.08400596","0"
"2025-05-14 06:45:04.000","0.120440856","0"
"2025-05-14 07:00:04.000","0.18961538","0"
"2025-05-14 07:15:04.000","0.19440167","0"
"2025-05-14 07:30:04.000","0.17189823","0"
"2025-05-14 07:45:04.000","0.20470713","0"
"2025-05-14 08:00:04.000","0.13104197","0"
"2025-05-14 08:15:04.000","0.10697662","0"
"2025-05-14 08:30:04.000","0.12037025","0"
"2025-05-14 08:45:04.000","0.28916776","0"
"2025-05-14 09:00:04.000","0.30041304","0"
"2025-05-14 09:15:04.000","0.24821363","0"
"2025-05-14 09:30:04.000","0.1459075","0"
"2025-05-14 09:45:04.000","0.27236927","0"
"2025-05-14 10:00:04.000","0.27049583","0"
"2025-05-14 10:15:04.000","0.12837835","0"
"2025-05-14 10:30:05.000","0.051971152","0"
"2025-05-14 10:45:05.000","0.046840154","0"
"2025-05-14 11:00:05.000","0.16130096","0"
"2025-05-14 11:15:05.000","0.33725068","0"
"2025-05-14 11:30:05.000","0.47360855","0"
"2025-05-14 11:45:05.000","0.5506161","0"
"2025-05-14 12:00:05.000","0.4765302","0"
"2025-05-14 12:15:05.000","0.48088253","0"
"2025-05-14 12:30:05.000","0.56203204","0"
"2025-05-14 12:45:05.000","0.74298656","0"
"2025-05-14 13:00:05.000","0.8645854","0"
"2025-05-14 13:15:05.000","0.9209615","0"
"2025-05-14 13:30:04.000","0.9821466","0"
"2025-05-14 13:45:04.000","1.1206003","0"
"2025-05-14 14:00:05.000","1.233801","0"
"2025-05-14 14:15:05.000","1.2994962","0"
"2025-05-14 14:30:05.000","1.375885","0"
"2025-05-14 14:45:05.000","1.5022594","0"
"2025-05-14 15:00:05.000","1.5068924","0"
"2025-05-14 15:15:05.000","1.5406654","0"
"2025-05-14 15:30:05.000","1.6266731","0"
"2025-05-14 15:45:05.000","1.6278602","0"
"2025-05-14 16:00:05.000","1.6358883","0"
"2025-05-14 16:15:05.000","1.6946182","0"
"2025-05-14 16:30:05.000","1.6862458","0"
"2025-05-14 16:45:05.000","1.6626984","0"
"2025-05-14 17:00:05.000","1.7208328","0"
"2025-05-14 17:15:05.000","1.6425856","0"
"2025-05-14 17:30:05.000","1.590644","0"
"2025-05-14 17:45:06.000","1.4514976","0"
"2025-05-14 18:00:05.000","1.2814853","0"
"2025-05-14 18:15:04.000","1.0654806","0"
"2025-05-14 18:30:04.000","0.8109316","0"
"2025-05-14 18:45:04.000","0.5416983","0"
"2025-05-14 19:00:04.000","0.09716482","0"
"2025-05-14 19:15:05.000","0.34715128","0"
"2025-05-14 19:30:05.000","0.5309511","0"
"2025-05-14 19:45:05.000","0.57194746","0"
"2025-05-14 20:00:05.000","0.25696108","0"
"2025-05-14 20:15:05.000","0.37121552","0"
"2025-05-14 20:30:05.000","0.40611574","0"
"2025-05-14 20:45:05.000","0.43331864","0"
"2025-05-14 21:00:05.000","0.40410143","0"
"2025-05-14 21:15:05.000","0.6068222","0"
"2025-05-14 21:30:05.000","0.6808384","0"
"2025-05-14 21:45:05.000","0.7931469","0"
"2025-05-14 22:00:05.000","0.8109408","0"
"2025-05-14 22:15:05.000","0.8572334","0"
"2025-05-14 22:30:05.000","0.95217025","0"
"2025-05-14 22:45:05.000","0.9370134","0"
"2025-05-14 23:00:05.000","0.9260914","0"
"2025-05-14 23:15:05.000","0.95536226","0"
"2025-05-14 23:30:05.000","0.9423811","0"
"2025-05-14 23:45:05.000","0.9161577","0"
"2025-05-15 00:00:05.000","0.88976973","0"
"2025-05-15 00:15:05.000","0.942606","0"
"2025-05-15 00:30:05.000","0.8131993","0"
"2025-05-15 00:45:05.000","0.72785985","0"
"2025-05-15 01:00:05.000","0.6667054","0"
"2025-05-15 01:15:05.000","0.6119551","0"
"2025-05-15 01:30:05.000","0.42214334","0"
"2025-05-15 01:45:04.000","0.30315182","0"
"2025-05-15 02:00:04.000","0.32283276","0"
"2025-05-15 02:15:04.000","0.21762353","0"
"2025-05-15 02:30:04.000","0.21343149","0"
"2025-05-15 02:45:04.000","0.15430489","0"
"2025-05-15 03:00:04.000","0.10960382","0"
"2025-05-15 03:15:04.000","0.12241324","0"
"2025-05-15 03:30:04.000","0.13440609","0"
"2025-05-15 03:45:04.000","0.08132035","0"
"2025-05-15 04:00:04.000","0.24645488","0"
"2025-05-15 04:15:04.000","0.3277865","0"
"2025-05-15 04:30:04.000","0.28626212","0"
"2025-05-15 04:45:04.000","0.2619389","0"
"2025-05-15 05:00:04.000","0.21476732","0"
"2025-05-15 05:15:04.000","0.24020828","0"
"2025-05-15 05:30:04.000","0.21392755","0"
"2025-05-15 05:45:04.000","0.28864685","0"
"2025-05-15 06:00:04.000","0.26780772","0"
"2025-05-15 06:15:04.000","0.23104112","0"
"2025-05-15 06:30:04.000","0.18585208","0"
"2025-05-15 06:45:04.000","0.14029257","0"
"2025-05-15 07:00:04.000","0.1785077","0"
"2025-05-15 07:15:04.000","0.079075925","0"
"2025-05-15 07:30:04.000","0.13312401","0"
"2025-05-15 07:45:04.000","0.15142655","0"
"2025-05-15 08:00:04.000","0.109713264","0"
"2025-05-15 08:15:04.000","0.11810588","0"
"2025-05-15 08:30:04.000","0.11884866","0"
"2025-05-15 08:45:04.000","0.1245552","0"
"2025-05-15 09:00:04.000","0.22010906","0"
"2025-05-15 09:15:04.000","0.11016351","0"
"2025-05-15 09:30:04.000","0.12601589","0"
"2025-05-15 09:45:04.000","0.13176493","0"
"2025-05-15 10:00:04.000","0.045486264","0"
"2025-05-15 10:15:04.000","0.2009428","0"
"2025-05-15 10:30:04.000","0.2807294","0"
"2025-05-15 10:45:04.000","0.292515","0"
"2025-05-15 11:00:04.000","0.22441478","0"
"2025-05-15 11:15:04.000","0.13560237","0"
"2025-05-15 11:30:04.000","0.0890674","0"
"2025-05-15 11:45:04.000","0.1584929","0"
"2025-05-15 12:00:04.000","0.22357994","0"
"2025-05-15 12:15:04.000","0.45494285","0"
"2025-05-15 12:30:04.000","0.5786967","0"
"2025-05-15 12:45:04.000","0.6524945","0"
"2025-05-15 13:00:04.000","0.65459913","0"
"2025-05-15 13:15:04.000","0.7241685","0"
"2025-05-15 13:30:04.000","0.8550837","0"
"2025-05-15 13:45:04.000","0.9500243","0"
"2025-05-15 14:00:04.000","1.0652348","0"
"2025-05-15 14:15:04.000","1.1000642","0"
"2025-05-15 14:30:04.000","1.2298683","0"
"2025-05-15 14:45:04.000","1.3114029","0"
"2025-05-15 15:00:04.000","1.3170664","0"
"2025-05-15 15:15:04.000","1.3494133","0"
"2025-05-15 15:30:04.000","1.3961896","0"
"2025-05-15 15:45:04.000","1.4858325","0"
"2025-05-15 16:00:04.000","1.5073645","0"
"2025-05-15 16:15:04.000","1.560217","0"
"2025-05-15 16:30:04.000","1.5957395","0"
"2025-05-15 16:45:04.000","1.6751231","0"
"2025-05-15 17:00:04.000","1.7065598","0"
"2025-05-15 17:15:04.000","1.6671124","0"
"2025-05-15 17:30:04.000","1.5694134","0"
"2025-05-15 17:45:04.000","1.5003899","0"
"2025-05-15 18:00:04.000","1.4527026","0"
"2025-05-15 18:15:04.000","1.3624575","0"
"2025-05-15 18:30:04.000","1.239865","0"
"2025-05-15 18:45:04.000","1.1282771","0"
"2025-05-15 19:00:04.000","0.9449662","0"
"2025-05-15 19:15:04.000","0.68879616","0"
"2025-05-15 19:30:04.000","0.4331028","0"
"2025-05-15 19:45:04.000","0.15430166","0"
"2025-05-15 20:00:04.000","0.49316227","0"
"2025-05-15 20:15:04.000","0.6045436","0"
"2025-05-15 20:30:04.000","0.51365846","0"
"2025-05-15 20:45:04.000","0.43683523","0"
"2025-05-15 21:00:04.000","0.4257159","0"
"2025-05-15 21:15:04.000","0.437127","0"
"2025-05-15 21:30:04.000","0.7118553","0"
"2025-05-15 21:45:04.000","0.8191978","0"
"2025-05-15 22:00:04.000","0.9151072","0"
"2025-05-15 22:15:04.000","0.9970126","0"
"2025-05-15 22:30:04.000","1.0360308","0"
"2025-05-15 22:45:04.000","1.0490576","0"
"2025-05-15 23:00:04.000","1.1564555","0"
"2025-05-15 23:15:04.000","1.2775705","0"
"2025-05-15 23:30:04.000","1.289174","0"
"2025-05-15 23:45:04.000","1.3528169","0"
"2025-05-16 00:00:04.000","1.3859239","0"
"2025-05-16 00:15:04.000","1.4015081","0"
"2025-05-16 00:30:04.000","1.3947349","0"
"2025-05-16 00:45:04.000","1.2027041","0"
"2025-05-16 01:00:04.000","1.0993271","0"
"2025-05-16 01:15:05.000","0.9592523","0"
"2025-05-16 01:30:05.000","0.7620059","0"
"2025-05-16 01:45:05.000","0.71354955","0"
"2025-05-16 02:00:05.000","0.5727443","0"
"2025-05-16 02:15:05.000","0.61611444","0"
"2025-05-16 02:30:05.000","0.40674564","0"
"2025-05-16 02:45:05.000","0.35567546","0"
"2025-05-16 03:00:05.000","0.24745505","0"
"2025-05-16 03:15:05.000","0.22257584","0"
"2025-05-16 03:30:05.000","0.1344619","0"
"2025-05-16 03:45:05.000","0.103406966","0"
"2025-05-16 04:00:05.000","0.072622314","0"
"2025-05-16 04:15:05.000","0.09360023","0"
"2025-05-16 04:30:05.000","0.07500001","0"
"2025-05-16 04:45:05.000","0.08845904","0"
"2025-05-16 05:00:05.000","0.08935884","0"
"2025-05-16 05:15:05.000","0.089375615","0"
"2025-05-16 05:30:05.000","0.19772962","0"
"2025-05-16 05:45:05.000","0.29759872","0"
"2025-05-16 06:00:05.000","0.42517057","0"
"2025-05-16 06:15:05.000","0.5121376","0"
"2025-05-16 06:30:05.000","0.51468927","0"
"2025-05-16 06:45:05.000","0.3950608","0"
"2025-05-16 07:00:05.000","0.3000967","0"
"2025-05-16 07:15:05.000","0.17456232","0"
"2025-05-16 07:30:05.000","0.16693114","0"
"2025-05-16 07:45:05.000","0.13599999","0"
"2025-05-16 08:00:04.000","0.12096693","0"
"2025-05-16 08:15:04.000","0.10290288","0"
"2025-05-16 08:30:04.000","0.064513564","0"
"2025-05-16 08:45:04.000","0.100647904","0"
"2025-05-16 09:00:04.000","0.17300291","0"
"2025-05-16 09:15:04.000","0.23187065","0"
"2025-05-16 09:30:04.000","0.23119256","0"
"2025-05-16 09:45:04.000","0.16975571","0"
"2025-05-16 10:00:04.000","0.11531694","0"
"2025-05-16 10:15:04.000","0.1360588","0"
"2025-05-16 10:30:04.000","0.25882238","0"
"2025-05-16 10:45:04.000","0.32471067","0"
"2025-05-16 11:00:04.000","0.21915519","0"
"2025-05-16 11:15:04.000","0.11497826","0"
"2025-05-16 11:30:04.000","0.04459821","0"
"2025-05-16 11:45:04.000","0.06407028","0"
"2025-05-16 12:00:04.000","0.2537972","0"
"2025-05-16 12:15:04.000","0.2984845","0"
"2025-05-16 12:30:04.000","0.39294404","0"
"2025-05-16 12:45:04.000","0.55868423","0"
"2025-05-16 13:00:04.000","0.60346085","0"
"2025-05-16 13:15:04.000","0.67551017","0"
"2025-05-16 13:30:04.000","0.72023404","0"
"2025-05-16 13:45:04.000","0.8263904","0"
"2025-05-16 14:00:04.000","1.0367526","0"
"2025-05-16 14:15:04.000","1.1326615","0"
"2025-05-16 14:30:04.000","1.1240107","0"
"2025-05-16 14:45:04.000","1.1617444","0"
"2025-05-16 15:00:04.000","1.3184192","0"
"2025-05-16 15:15:04.000","1.3060913","0"
"2025-05-16 15:30:04.000","1.3037215","0"
"2025-05-16 15:45:04.000","1.6498253","0"
"2025-05-16 16:00:04.000","1.7510602","0"
"2025-05-16 16:15:04.000","1.5241925","0"
"2025-05-16 16:30:04.000","1.5905751","0"
"2025-05-16 16:45:04.000","1.6720048","0"
"2025-05-16 17:00:04.000","1.7027272","0"
"2025-05-16 17:15:04.000","1.7168823","0"
"2025-05-16 17:30:04.000","1.8312935","0"
"2025-05-16 17:45:04.000","1.7012126","0"
"2025-05-16 18:00:04.000","1.6814312","0"
"2025-05-16 18:15:04.000","1.635845","0"
"2025-05-16 18:30:04.000","1.5722145","0"
"2025-05-16 18:45:04.000","1.4290994","0"
"2025-05-16 19:00:04.000","1.3247137","0"
"2025-05-16 19:15:04.000","1.1669555","0"
"2025-05-16 19:30:04.000","0.9914858","0"
"2025-05-16 19:45:04.000","0.76723534","0"
"2025-05-16 20:00:04.000","0.49435312","0"
"2025-05-16 20:15:04.000","0.16090061","0"
"2025-05-16 20:30:04.000","0.30962244","0"
"2025-05-16 20:45:04.000","0.4123348","0"
"2025-05-16 21:00:04.000","0.6394139","0"
"2025-05-16 21:15:04.000","0.3360134","0"
"2025-05-16 21:30:04.000","0.32961953","0"
"2025-05-16 21:45:04.000","0.40628192","0"
"2025-05-16 22:00:04.000","0.34848818","0"
"2025-05-16 22:15:04.000","0.53939325","0"
"2025-05-16 22:30:04.000","0.6236105","0"
"2025-05-16 22:45:04.000","0.75393647","0"
"2025-05-16 23:00:04.000","0.74994665","0"
"2025-05-16 23:15:04.000","0.8703592","0"
"2025-05-16 23:30:04.000","0.91001976","0"
"2025-05-16 23:45:04.000","0.976205","0"
"2025-05-17 00:00:04.000","1.0170081","0"
"2025-05-17 00:15:04.000","1.0870372","0"
"2025-05-17 00:30:04.000","1.0817034","0"
"2025-05-17 00:45:04.000","1.1340005","0"
"2025-05-17 01:00:04.000","1.2990818","0"
"2025-05-17 01:15:04.000","1.2393942","0"
"2025-05-17 01:30:04.000","1.1329342","0"
"2025-05-17 01:45:04.000","0.98711395","0"
"2025-05-17 02:00:04.000","0.86004704","0"
"2025-05-17 02:15:04.000","0.69260746","0"
"2025-05-17 02:30:04.000","0.71777016","0"
"2025-05-17 02:45:04.000","0.5559064","0"
"2025-05-17 03:00:04.000","0.5124422","0"
"2025-05-17 03:15:04.000","0.44580823","0"
"2025-05-17 03:30:04.000","0.3240987","0"
"2025-05-17 03:45:04.000","0.21162468","0"
"2025-05-17 04:00:04.000","0.17984718","0"
"2025-05-17 04:15:04.000","0.13146862","0"
"2025-05-17 04:30:04.000","0.14505517","0"
"2025-05-17 04:45:05.000","0.14481023","0"
"2025-05-17 05:00:05.000","0.33886874","0"
"2025-05-17 05:15:05.000","0.26220793","0"
"2025-05-17 05:30:05.000","0.17164207","0"
"2025-05-17 05:45:05.000","0.061717097","0"
"2025-05-17 06:00:05.000","0.13860013","0"
"2025-05-17 06:15:05.000","0.35716942","0"
"2025-05-17 06:30:05.000","0.5152019","0"
"2025-05-17 06:45:05.000","0.54255414","0"
"2025-05-17 07:00:05.000","0.4466162","0"
"2025-05-17 07:15:05.000","0.3292294","0"
"2025-05-17 07:30:05.000","0.27783626","0"
"2025-05-17 07:45:05.000","0.2043184","0"
"2025-05-17 08:00:05.000","0.14361754","0"
"2025-05-17 08:15:05.000","0.09946357","0"
"2025-05-17 08:30:05.000","0.100224756","0"
"2025-05-17 08:45:05.000","0.05375872","0"
"2025-05-17 09:00:05.000","0.06087692","0"
"2025-05-17 09:15:05.000","0.053935148","0"
"2025-05-17 09:30:05.000","0.14822279","0"
"2025-05-17 09:45:05.000","0.15882696","0"
"2025-05-17 10:00:05.000","0.1987159","0"
"2025-05-17 10:15:05.000","0.15592627","0"
"2025-05-17 10:30:05.000","0.10600472","0"
"2025-05-17 10:45:05.000","0.19262655","0"
"2025-05-17 11:00:05.000","0.13800363","0"
"2025-05-17 11:15:05.000","0.14400348","0"
"2025-05-17 11:30:05.000","0.12030378","0"
"2025-05-17 11:45:05.000","0.10857717","0"
"2025-05-17 12:00:05.000","0.15450567","0"
"2025-05-17 12:15:05.000","0.22291027","0"
"2025-05-17 12:30:04.000","0.28582862","0"
"2025-05-17 12:45:04.000","0.32658845","0"
"2025-05-17 13:00:04.000","0.2993927","0"
"2025-05-17 13:15:04.000","0.24329817","0"
"2025-05-17 13:30:04.000","0.31185254","0"
"2025-05-17 13:45:04.000","0.44845742","0"
"2025-05-17 14:00:04.000","0.61573136","0"
"2025-05-17 14:15:04.000","0.6793121","0"
"2025-05-17 14:30:04.000","0.7485754","0"
"2025-05-17 14:45:04.000","0.82735854","0"
"2025-05-17 15:00:04.000","0.8954222","0"
"2025-05-17 15:15:04.000","0.9937939","0"
"2025-05-17 15:30:04.000","0.9969554","0"
"2025-05-17 15:45:04.000","1.0851604","0"
"2025-05-17 16:00:04.000","1.1557566","0"
"2025-05-17 16:15:04.000","1.2232535","0"
"2025-05-17 16:30:04.000","1.2968462","0"
"2025-05-17 16:45:04.000","1.3320153","0"
"2025-05-17 17:00:04.000","1.4460443","0"
"2025-05-17 17:15:04.000","1.4854901","0"
"2025-05-17 17:30:04.000","1.5891447","0"
"2025-05-17 17:45:04.000","1.6178567","0"
"2025-05-17 18:00:04.000","1.6178429","0"
"2025-05-17 18:15:04.000","1.6118093","0"
"2025-05-17 18:30:04.000","1.554074","0"
"2025-05-17 18:45:04.000","1.5335466","0"
"2025-05-17 19:00:04.000","1.5230645","0"
"2025-05-17 19:15:04.000","1.4089077","0"
"2025-05-17 19:30:04.000","1.3145379","0"
"2025-05-17 19:45:04.000","1.1918828","0"
"2025-05-17 20:00:04.000","1.0458341","0"
"2025-05-17 20:15:04.000","0.8341283","0"
"2025-05-17 20:30:04.000","0.6024625","0"
"2025-05-17 20:45:04.000","0.3034156","0"
"2025-05-17 21:00:04.000","0.15754366","0"
"2025-05-17 21:15:04.000","0.36838296","0"
"2025-05-17 21:30:04.000","0.52104706","0"
"2025-05-17 21:45:04.000","0.50622225","0"
"2025-05-17 22:00:04.000","0.25461537","0"
"2025-05-17 22:15:04.000","0.36349693","0"
"2025-05-17 22:30:04.000","0.40096015","0"
"2025-05-17 22:45:04.000","0.3958093","0"
"2025-05-17 23:00:04.000","0.43515754","0"
"2025-05-17 23:15:04.000","0.51400006","0"
"2025-05-17 23:30:04.000","0.5009151","0"
"2025-05-17 23:45:04.000","0.6948619","0"
"2025-05-18 00:00:04.000","0.8193491","0"
"2025-05-18 00:15:04.000","0.83300066","0"
"2025-05-18 00:30:04.000","0.76449335","0"
"2025-05-18 00:45:04.000","0.8750001","0"
"2025-05-18 01:00:04.000","0.8450053","0"
"2025-05-18 01:15:04.000","0.8701471","0"
"2025-05-18 01:30:04.000","0.76914626","0"
"2025-05-18 01:45:04.000","0.9097527","0"
"2025-05-18 02:00:04.000","0.9345143","0"
"2025-05-18 02:15:04.000","0.81137234","0"
"2025-05-18 02:30:04.000","0.83649564","0"
"2025-05-18 02:45:04.000","0.73078173","0"
"2025-05-18 03:00:04.000","0.66452545","0"
"2025-05-18 03:15:04.000","0.60415643","0"
"2025-05-18 03:30:04.000","0.4312691","0"
"2025-05-18 03:45:04.000","0.406528","0"
"2025-05-18 04:00:04.000","0.14081194","0"
"2025-05-18 04:15:04.000","0.21574059","0"
"2025-05-18 04:30:04.000","0.20909329","0"
"2025-05-18 04:45:04.000","0.09213034","0"
"2025-05-18 05:00:04.000","0.10469478","0"
"2025-05-18 05:15:04.000","0.15831931","0"
"2025-05-18 05:30:04.000","0.14770918","0"
"2025-05-18 05:45:04.000","0.16138464","0"
"2025-05-18 06:00:04.000","0.35440794","0"
"2025-05-18 06:15:04.000","0.36707082","0"
"2025-05-18 06:30:04.000","0.30627108","0"
"2025-05-18 06:45:04.000","0.26988333","0"
"2025-05-18 07:00:04.000","0.23471898","0"
"2025-05-18 07:15:05.000","0.3166023","0"
"2025-05-18 07:30:04.000","0.41348395","0"
"2025-05-18 07:45:05.000","0.52921265","0"
"2025-05-18 08:00:05.000","0.36378568","0"
"2025-05-18 08:15:05.000","0.3003082","0"
"2025-05-18 08:30:05.000","0.2874717","0"
"2025-05-18 08:45:05.000","0.2393846","0"
"2025-05-18 09:00:05.000","0.17650495","0"
"2025-05-18 09:15:05.000","0.14410067","0"
"2025-05-18 09:30:05.000","0.10881176","0"
"2025-05-18 09:45:05.000","0.096607454","0"
"2025-05-18 10:00:05.000","0.10640489","0"
"2025-05-18 10:15:05.000","0.06964195","0"
"2025-05-18 10:30:05.000","0.083677955","0"
"2025-05-18 10:45:05.000","0.088391185","0"
"2025-05-18 11:00:05.000","0.09780081","0"
"2025-05-18 11:15:05.000","0.06870954","0"
"2025-05-18 11:30:05.000","0.04841488","0"
"2025-05-18 11:45:05.000","0.043011628","0"
"2025-05-18 12:00:05.000","0.09219544","0"
"2025-05-18 12:15:05.000","0.14957608","0"
"2025-05-18 12:30:05.000","0.16862087","0"
"2025-05-18 12:45:05.000","0.25741988","0"
"2025-05-18 13:00:05.000","0.23369211","0"
"2025-05-18 13:15:05.000","0.1900579","0"
"2025-05-18 13:30:04.000","0.18659045","0"
"2025-05-18 13:45:04.000","0.2759746","0"
"2025-05-18 14:00:04.000","0.45131034","0"
"2025-05-18 14:15:04.000","0.560704","0"
"2025-05-18 14:30:04.000","0.6108723","0"
"2025-05-18 14:45:04.000","0.5954939","0"
"2025-05-18 15:00:04.000","0.64960366","0"
"2025-05-18 15:15:04.000","0.6631779","0"
"2025-05-18 15:30:04.000","0.76365507","0"
"2025-05-18 15:45:04.000","0.86015886","0"
"2025-05-18 16:00:04.000","0.8816009","0"
"2025-05-18 16:15:04.000","0.9361196","0"
"2025-05-18 16:30:04.000","1.0955898","0"
"2025-05-18 16:45:04.000","1.0625262","0"
"2025-05-18 17:00:04.000","1.0936475","0"
"2025-05-18 17:15:04.000","1.1415392","0"
"2025-05-18 17:30:04.000","1.1681892","0"
"2025-05-18 17:45:04.000","1.2356945","0"
"2025-05-18 18:00:04.000","1.2833182","0"
"2025-05-18 18:15:04.000","1.3131862","0"
"2025-05-18 18:30:04.000","1.3148757","0"
"2025-05-18 18:45:04.000","1.3906724","0"
"2025-05-18 19:00:04.000","1.4081599","0"
"2025-05-18 19:15:04.000","1.4268025","0"
"2025-05-18 19:30:04.000","1.4598686","0"
"2025-05-18 19:45:04.000","1.4149035","0"
"2025-05-18 20:00:04.000","1.3743047","0"
"2025-05-18 20:15:04.000","1.2414652","0"
"2025-05-18 20:30:04.000","1.0727583","0"
"2025-05-18 20:45:04.000","0.9328001","0"
"2025-05-18 21:00:04.000","0.7497106","0"
"2025-05-18 21:15:04.000","0.54379874","0"
"2025-05-18 21:30:04.000","0.24240461","0"
"2025-05-18 21:45:04.000","0.18832156","0"
"2025-05-18 22:00:04.000","0.3729799","0"
"2025-05-18 22:15:04.000","0.50804436","0"
"2025-05-18 22:30:04.000","0.54289603","0"
"2025-05-18 22:45:04.000","0.2726353","0"
"2025-05-18 23:00:04.000","0.36481503","0"
"2025-05-18 23:15:04.000","0.352528","0"
"2025-05-18 23:30:04.000","0.3937766","0"
"2025-05-18 23:45:04.000","0.44166282","0"
"2025-05-19 00:00:04.000","0.5873372","0"
"2025-05-19 00:15:04.000","0.6282747","0"
"2025-05-19 00:30:04.000","0.7459255","0"
"2025-05-19 00:45:04.000","0.8190098","0"
"2025-05-19 01:00:04.000","0.71950674","0"
"2025-05-19 01:15:04.000","0.76186424","0"
"2025-05-19 01:30:04.000","0.73521286","0"
"2025-05-19 01:45:04.000","0.8280604","0"
"2025-05-19 02:00:04.000","0.824546","0"
"2025-05-19 02:15:04.000","0.8776981","0"
"2025-05-19 02:30:04.000","0.9219122","0"
"2025-05-19 02:45:04.000","0.94384587","0"
"2025-05-19 03:00:04.000","0.88601243","0"
"2025-05-19 03:15:04.000","0.86012626","0"
"2025-05-19 03:30:04.000","0.8595958","0"
"2025-05-19 03:45:04.000","0.7801257","0"
"2025-05-19 04:00:04.000","0.7310006","0"
"2025-05-19 04:15:04.000","0.5820137","0"
"2025-05-19 04:30:04.000","0.5940075","0"
"2025-05-19 04:45:04.000","0.39021662","0"
"2025-05-19 05:00:04.000","0.28008038","0"
"2025-05-19 05:15:04.000","0.20803125","0"
"2025-05-19 05:30:04.000","0.14430869","0"
"2025-05-19 05:45:04.000","0.18239518","0"
"2025-05-19 06:00:04.000","0.2429856","0"
"2025-05-19 06:15:04.000","0.119570054","0"
"2025-05-19 06:30:04.000","0.09521029","0"
"2025-05-19 06:45:04.000","0.18927494","0"
"2025-05-19 07:00:04.000","0.54722667","0"
"2025-05-19 07:15:04.000","0.45751175","0"
"2025-05-19 07:30:04.000","0.38580048","0"
"2025-05-19 07:45:04.000","0.29538116","0"
"2025-05-19 08:00:05.000","0.198658","0"
"2025-05-19 08:15:04.000","0.20308128","0"
"2025-05-19 08:30:05.000","0.23413883","0"
"2025-05-19 08:45:05.000","0.37311798","0"
"2025-05-19 09:00:04.000","0.48541224","0"
"2025-05-19 09:15:05.000","0.56329834","0"
"2025-05-19 09:30:05.000","0.653662","0"
"2025-05-19 09:45:05.000","0.492062","0"
"2025-05-19 10:00:05.000","0.33018932","0"
"2025-05-19 10:15:05.000","0.18928286","0"
"2025-05-19 10:30:05.000","0.1333604","0"
"2025-05-19 10:45:05.000","0.09664884","0"
"2025-05-19 11:00:05.000","0.07930953","0"
"2025-05-19 11:15:05.000","0.09021088","0"
"2025-05-19 11:30:05.000","0.13418272","0"
"2025-05-19 11:45:05.000","0.15174319","0"
"2025-05-19 12:00:05.000","0.08013114","0"
"2025-05-19 12:15:05.000","0.092649885","0"
"2025-05-19 12:30:05.000","0.15074813","0"
"2025-05-19 12:45:05.000","0.13641848","0"
"2025-05-19 13:00:05.000","0.0595063","0"
"2025-05-19 13:15:05.000","0.08367795","0"
"2025-05-19 13:30:05.000","0.26192558","0"
"2025-05-19 13:45:05.000","0.40070567","0"
"2025-05-19 14:00:05.000","0.40650955","0"
"2025-05-19 14:15:05.000","0.32355833","0"
"2025-05-19 14:30:05.000","0.3760758","0"
"2025-05-19 14:45:05.000","0.38527521","0"
"2025-05-19 15:00:05.000","0.39120325","0"
"2025-05-19 15:15:05.000","0.3480517","0"
"2025-05-19 15:30:05.000","0.39422077","0"
"2025-05-19 15:45:05.000","0.44150883","0"
"2025-05-19 16:00:05.000","0.52481806","0"
"2025-05-19 16:15:05.000","0.50752836","0"
"2025-05-19 16:30:04.000","0.50450474","0"
"2025-05-19 16:45:04.000","0.58661413","0"
"2025-05-19 17:00:04.000","0.7710318","0"
"2025-05-19 17:15:04.000","0.7879213","0"
"2025-05-19 17:30:04.000","0.84221435","0"
"2025-05-19 17:45:04.000","0.808149","0"
"2025-05-19 18:00:04.000","0.8770479","0"
"2025-05-19 18:15:04.000","0.9527943","0"
"2025-05-19 18:30:04.000","1.0192517","0"
"2025-05-19 18:45:04.000","1.0007128","0"
"2025-05-19 19:00:04.000","1.0629059","0"
"2025-05-19 19:15:04.000","1.0948939","0"
"2025-05-19 19:30:04.000","1.1354735","0"
"2025-05-19 19:45:04.000","1.2359827","0"
"2025-05-19 20:00:04.000","1.30316","0"
"2025-05-19 20:15:04.000","1.3052053","0"
"2025-05-19 20:30:04.000","1.2241219","0"
"2025-05-19 20:45:04.000","1.1678154","0"
"2025-05-19 21:00:04.000","1.1016096","0"
"2025-05-19 21:15:04.000","0.9288499","0"
"2025-05-19 21:30:04.000","0.7552491","0"
"2025-05-19 21:45:04.000","0.6182945","0"
"2025-05-19 22:00:04.000","0.34963125","0"
"2025-05-19 22:15:04.000","0.18494597","0"
"2025-05-19 22:30:04.000","0.15344381","0"
"2025-05-19 22:45:04.000","0.114494555","0"
"2025-05-19 23:00:04.000","0.42903733","0"
"2025-05-19 23:15:04.000","0.4006707","0"
"2025-05-19 23:30:04.000","0.51051843","0"
"2025-05-19 23:45:04.000","0.32909724","0"
"2025-05-20 00:00:04.000","0.3674629","0"
"2025-05-20 00:15:04.000","0.41484454","0"
"2025-05-20 00:30:04.000","0.5096548","0"
"2025-05-20 00:45:04.000","0.6118374","0"
"2025-05-20 01:00:04.000","0.6245519","0"
"2025-05-20 01:15:04.000","0.6569057","0"
"2025-05-20 01:30:04.000","0.68518686","0"
"2025-05-20 01:45:04.000","0.7335734","0"
"2025-05-20 02:00:04.000","0.7655881","0"
"2025-05-20 02:15:04.000","0.8721656","0"
"2025-05-20 02:30:04.000","1.123677","0"
"2025-05-20 02:45:04.000","1.0345713","0"
"2025-05-20 03:00:04.000","1.1235453","0"
"2025-05-20 03:15:04.000","1.1410631","0"
"2025-05-20 03:30:04.000","1.0610006","0"
"2025-05-20 03:45:04.000","1.005008","0"
"2025-05-20 04:00:04.000","0.9152889","0"
"2025-05-20 04:15:04.000","0.80288607","0"
"2025-05-20 04:30:04.000","0.76900256","0"
"2025-05-20 04:45:04.000","0.60726684","0"
"2025-05-20 05:00:04.000","0.60455936","0"
"2025-05-20 05:15:04.000","0.44001025","0"
"2025-05-20 05:30:04.000","0.40478757","0"
"2025-05-20 05:45:04.000","0.3434021","0"
"2025-05-20 06:00:04.000","0.26129678","0"
"2025-05-20 06:15:04.000","0.15090396","0"
"2025-05-20 06:30:04.000","0.14648552","0"
"2025-05-20 06:45:04.000","0.109931804","0"
"2025-05-20 07:00:04.000","0.11403947","0"
"2025-05-20 07:15:04.000","0.08746428","0"
"2025-05-20 07:30:04.000","0.076941535","0"
"2025-05-20 07:45:04.000","0.10288342","0"
"2025-05-20 08:00:04.000","0.24641632","0"
"2025-05-20 08:15:04.000","0.592558","0"
"2025-05-20 08:30:04.000","0.7896487","0"
"2025-05-20 08:45:04.000","0.72684604","0"
"2025-05-20 09:00:04.000","0.7172001","0"
"2025-05-20 09:15:04.000","0.7566373","0"
"2025-05-20 09:30:04.000","0.76573944","0"
"2025-05-20 09:45:04.000","0.863135","0"
"2025-05-20 10:00:04.000","0.82611984","0"
"2025-05-20 10:15:04.000","0.5432826","0"
"2025-05-20 10:30:04.000","0.43488508","0"
"2025-05-20 10:45:04.000","0.3228328","0"
"2025-05-20 11:00:04.000","0.28132012","0"
"2025-05-20 11:15:04.000","0.27553043","0"
"2025-05-20 11:30:04.000","0.34036452","0"
"2025-05-20 11:45:04.000","0.3639918","0"
"2025-05-20 12:00:04.000","0.29432297","0"
"2025-05-20 12:15:04.000","0.1538441","0"
"2025-05-20 12:30:05.000","0.21772002","0"
"2025-05-20 12:45:05.000","0.1456022","0"
"2025-05-20 13:00:05.000","0.1343168","0"
"2025-05-20 13:15:05.000","0.067416616","0"
"2025-05-20 13:30:05.000","0.16824387","0"
"2025-05-20 13:45:05.000","0.5042063","0"
"2025-05-20 14:00:05.000","0.5966121","0"
"2025-05-20 14:15:05.000","0.5114412","0"
"2025-05-20 14:30:05.000","0.3203826","0"
"2025-05-20 14:45:05.000","0.1596778","0"
"2025-05-20 15:00:05.000","0.11649894","0"
"2025-05-20 15:15:05.000","0.22983909","0"
"2025-05-20 15:30:05.000","0.19991247","0"
"2025-05-20 15:45:05.000","0.30466542","0"
"2025-05-20 16:00:05.000","0.3476349","0"
"2025-05-20 16:15:05.000","0.41307262","0"
"2025-05-20 16:30:05.000","0.32478455","0"
"2025-05-20 16:45:05.000","0.26545244","0"
"2025-05-20 17:00:05.000","0.26462236","0"
"2025-05-20 17:15:05.000","0.28412148","0"
"2025-05-20 17:30:05.000","0.37925848","0"
"2025-05-20 17:45:05.000","0.5384989","0"
"2025-05-20 18:00:05.000","0.6311419","0"
"2025-05-20 18:15:05.000","0.66685677","0"
"2025-05-20 18:30:05.000","0.7514532","0"
"2025-05-20 18:45:05.000","0.76885176","0"
"2025-05-20 19:00:05.000","0.8587788","0"
"2025-05-20 19:15:05.000","0.93560934","0"
"2025-05-20 19:30:05.000","0.99009496","0"
"2025-05-20 19:45:05.000","0.9666214","0"
"2025-05-20 20:00:05.000","1.0034685","0"
"2025-05-20 20:15:05.000","1.0289048","0"
"2025-05-20 20:30:05.000","1.0328377","0"
"2025-05-20 20:45:05.000","0.9507435","0"
"2025-05-20 21:00:04.000","0.9509837","0"
"2025-05-20 21:15:04.000","0.8896206","0"
"2025-05-20 21:30:04.000","0.8037321","0"
"2025-05-20 21:45:04.000","0.79061115","0"
"2025-05-20 22:00:04.000","0.7032902","0"
"2025-05-20 22:15:04.000","0.67617244","0"
"2025-05-20 22:30:04.000","0.63810104","0"
"2025-05-20 22:45:04.000","0.5321362","0"
"2025-05-20 23:00:04.000","0.24140632","0"
"2025-05-20 23:15:04.000","0.191888","0"
"2025-05-20 23:30:04.000","0.30955452","0"
"2025-05-20 23:45:04.000","0.45111087","0"
"2025-05-21 00:00:04.000","0.35968044","0"
"2025-05-21 00:15:04.000","0.41508558","0"
"2025-05-21 00:30:04.000","0.27426267","0"
"2025-05-21 00:45:04.000","0.3077288","0"
"2025-05-21 01:00:04.000","0.35352653","0"
"2025-05-21 01:15:04.000","0.508127","0"
"2025-05-21 01:30:04.000","0.5326536","0"
"2025-05-21 01:45:04.000","0.6285236","0"
"2025-05-21 02:00:04.000","0.6734524","0"
"2025-05-21 02:15:04.000","0.60951877","0"
"2025-05-21 02:30:04.000","0.64723724","0"
"2025-05-21 02:45:04.000","0.79407066","0"
"2025-05-21 03:00:04.000","0.6562272","0"
"2025-05-21 03:15:04.000","0.79191226","0"
"2025-05-21 03:30:04.000","0.6401781","0"
"2025-05-21 03:45:04.000","0.7810768","0"
"2025-05-21 04:00:04.000","0.8303884","0"
"2025-05-21 04:15:04.000","0.65205073","0"
"2025-05-21 04:30:04.000","0.8347484","0"
"2025-05-21 04:45:04.000","0.8798296","0"
"2025-05-21 05:00:04.000","0.8212686","0"
"2025-05-21 05:15:04.000","0.7262231","0"
"2025-05-21 05:30:04.000","0.5546927","0"
"2025-05-21 05:45:04.000","0.4158197","0"
"2025-05-21 06:00:04.000","0.42905715","0"
"2025-05-21 06:15:04.000","0.36954296","0"
"2025-05-21 06:30:04.000","0.29482198","0"
"2025-05-21 06:45:04.000","0.19316573","0"
"2025-05-21 07:00:04.000","0.08234683","0"
"2025-05-21 07:15:04.000","0.11961607","0"
"2025-05-21 07:30:04.000","0.21306339","0"
"2025-05-21 07:45:04.000","0.34420925","0"
"2025-05-21 08:00:04.000","0.28575864","0"
"2025-05-21 08:15:04.000","0.2989398","0"
"2025-05-21 08:30:04.000","0.34758744","0"
"2025-05-21 08:45:04.000","0.5332401","0"
"2025-05-21 09:00:04.000","0.7314559","0"
"2025-05-21 09:15:04.000","0.83962023","0"
"2025-05-21 09:30:04.000","0.76336956","0"
"2025-05-21 09:45:04.000","0.8432822","0"
"2025-05-21 10:00:04.000","0.9654975","0"
"2025-05-21 10:15:04.000","1.0166662","0"
"2025-05-21 10:30:04.000","1.0930291","0"
"2025-05-21 10:45:04.000","1.1506912","0"
"2025-05-21 11:00:04.000","1.1225262","0"
"2025-05-21 11:15:04.000","1.0616895","0"
"2025-05-21 11:30:04.000","0.84669346","0"
"2025-05-21 11:45:04.000","0.7032041","0"
"2025-05-21 12:00:04.000","0.62464875","0"
"2025-05-21 12:15:04.000","0.48040193","0"
"2025-05-21 12:30:04.000","0.4740644","0"
"2025-05-21 12:45:04.000","0.35722962","0"
"2025-05-21 13:00:04.000","0.2397186","0"
"2025-05-21 13:15:04.000","0.12485192","0"
"2025-05-21 13:30:04.000","0.21114922","0"
"2025-05-21 13:45:04.000","0.11200892","0"
"2025-05-21 14:00:04.000","0.10394711","0"
"2025-05-21 14:15:04.000","0.042201895","0"
"2025-05-21 14:30:04.000","0.12704726","0"
"2025-05-21 14:45:04.000","0.29642707","0"
"2025-05-21 15:00:04.000","0.28872132","0"
"2025-05-21 15:15:04.000","0.18727788","0"
"2025-05-21 15:30:04.000","0.13086253","0"
"2025-05-21 15:45:05.000","0.20536068","0"
"2025-05-21 16:00:05.000","0.22203603","0"
"2025-05-21 16:15:04.000","0.16886681","0"
"2025-05-21 16:30:04.000","0.15579474","0"
"2025-05-21 16:45:04.000","0.09986492","0"
"2025-05-21 17:00:05.000","0.097529486","0"
"2025-05-21 17:15:05.000","0.11030866","0"
"2025-05-21 17:30:05.000","0.065","0"
"2025-05-21 17:45:05.000","0.10124228","0"
"2025-05-21 18:00:05.000","0.09269844","0"
"2025-05-21 18:15:05.000","0.22698241","0"
"2025-05-21 18:30:05.000","0.30565506","0"
"2025-05-21 18:45:05.000","0.43026158","0"
"2025-05-21 19:00:05.000","0.45042202","0"
"2025-05-21 19:15:05.000","0.5087908","0"
"2025-05-21 19:30:05.000","0.6265989","0"
"2025-05-21 19:45:05.000","0.62007254","0"
"2025-05-21 20:00:05.000","0.6521633","0"
"2025-05-21 20:15:05.000","0.67409265","0"
"2025-05-21 20:30:05.000","0.7416765","0"
"2025-05-21 20:45:05.000","0.7904746","0"
"2025-05-21 21:00:05.000","0.7282472","0"
"2025-05-21 21:15:05.000","0.82410926","0"
"2025-05-21 21:30:05.000","0.67816967","0"
"2025-05-21 21:45:05.000","0.65428585","0"
"2025-05-21 22:00:05.000","0.631495","0"
"2025-05-21 22:15:05.000","0.5829924","0"
"2025-05-21 22:30:05.000","0.6412152","0"
"2025-05-21 22:45:05.000","0.59721774","0"
"2025-05-21 23:00:05.000","0.6248616","0"
"2025-05-21 23:15:05.000","0.5492177","0"
"2025-05-21 23:30:05.000","0.5383995","0"
"2025-05-21 23:45:05.000","0.2644844","0"
"2025-05-22 00:00:05.000","0.17449644","0"
"2025-05-22 00:15:05.000","0.30702603","0"
"2025-05-22 00:30:05.000","0.37816396","0"
"2025-05-22 00:45:05.000","0.34860438","0"
"2025-05-22 01:00:05.000","0.23032588","0"
"2025-05-22 01:15:04.000","0.27514726","0"
"2025-05-22 01:30:04.000","0.19884166","0"
"2025-05-22 01:45:04.000","0.20562592","0"
"2025-05-22 02:00:04.000","0.2872351","0"
"2025-05-22 02:15:04.000","0.37489197","0"
"2025-05-22 02:30:04.000","0.39832777","0"
"2025-05-22 02:45:04.000","0.5040198","0"
"2025-05-22 03:00:04.000","0.5998542","0"
"2025-05-22 03:15:04.000","0.6903195","0"
"2025-05-22 03:30:04.000","0.75800395","0"
"2025-05-22 03:45:04.000","0.6802125","0"
"2025-05-22 04:00:04.000","0.7158079","0"
"2025-05-22 04:15:04.000","0.8410494","0"
"2025-05-22 04:30:04.000","0.8216233","0"
"2025-05-22 04:45:04.000","0.94007665","0"
"2025-05-22 05:00:04.000","0.85714936","0"
"2025-05-22 05:15:04.000","0.8774155","0"
"2025-05-22 05:30:04.000","0.58696586","0"
"2025-05-22 05:45:04.000","0.7690416","0"
"2025-05-22 06:00:04.000","0.6817631","0"
"2025-05-22 06:15:04.000","0.4445413","0"
"2025-05-22 06:30:04.000","0.38150883","0"
"2025-05-22 06:45:04.000","0.21952905","0"
"2025-05-22 07:00:04.000","0.107074745","0"
"2025-05-22 07:15:04.000","0.06268173","0"
"2025-05-22 07:30:04.000","0.17397125","0"
"2025-05-22 07:45:04.000","0.27390507","0"
"2025-05-22 08:00:04.000","0.18353474","0"
"2025-05-22 08:15:04.000","0.21949258","0"
"2025-05-22 08:30:04.000","0.35330582","0"
"2025-05-22 08:45:04.000","0.5130244","0"
"2025-05-22 09:00:04.000","0.69382566","0"
"2025-05-22 09:15:04.000","0.78054464","0"
"2025-05-22 09:30:04.000","0.84255135","0"
"2025-05-22 09:45:04.000","0.99863166","0"
"2025-05-22 10:00:04.000","0.77703017","0"
"2025-05-22 10:15:04.000","1.1321365","0"
"2025-05-22 10:30:04.000","1.2792441","0"
"2025-05-22 10:45:04.000","1.3183883","0"
"2025-05-22 11:00:04.000","1.3411939","0"
"2025-05-22 11:15:04.000","1.3131288","0"
"2025-05-22 11:30:04.000","1.2679214","0"
"2025-05-22 11:45:04.000","1.1279579","0"
"2025-05-22 12:00:04.000","1.1174672","0"
"2025-05-22 12:15:04.000","1.0900937","0"
"2025-05-22 12:30:04.000","1.0238876","0"
"2025-05-22 12:45:04.000","0.966313","0"
"2025-05-22 13:00:04.000","0.86951137","0"
"2025-05-22 13:15:04.000","0.6558566","0"
"2025-05-22 13:30:04.000","0.53295875","0"
"2025-05-22 13:45:04.000","0.32690674","0"
"2025-05-22 14:00:04.000","0.15487093","0"
"2025-05-22 14:15:04.000","0.16890827","0"
"2025-05-22 14:30:04.000","0.12567021","0"
"2025-05-22 14:45:04.000","0.107018694","0"
"2025-05-22 15:00:04.000","0.103324726","0"
"2025-05-22 15:15:04.000","0.11896219","0"
"2025-05-22 15:30:04.000","0.23249087","0"
"2025-05-22 15:45:04.000","0.26900005","0"
"2025-05-22 16:00:04.000","0.23336238","0"
"2025-05-22 16:15:04.000","0.19257468","0"
"2025-05-22 16:30:04.000","0.23910876","0"
"2025-05-22 16:45:04.000","0.27762565","0"
"2025-05-22 17:00:04.000","0.29011896","0"
"2025-05-22 17:15:04.000","0.38155994","0"
"2025-05-22 17:30:04.000","0.4225364","0"
"2025-05-22 17:45:04.000","0.32900006","0"
"2025-05-22 18:00:04.000","0.34200585","0"
"2025-05-22 18:15:04.000","0.26312166","0"
"2025-05-22 18:30:04.000","0.1962906","0"
"2025-05-22 18:45:04.000","0.26437095","0"
"2025-05-22 19:00:04.000","0.17773013","0"
"2025-05-22 19:15:04.000","0.19520761","0"
"2025-05-22 19:30:04.000","0.295393","0"
"2025-05-22 19:45:05.000","0.25715756","0"
"2025-05-22 20:00:04.000","0.2744613","0"
"2025-05-22 20:15:05.000","0.25840282","0"
"2025-05-22 20:30:05.000","0.30240542","0"
"2025-05-22 20:45:05.000","0.34008384","0"
"2025-05-22 21:00:04.000","0.40590763","0"
"2025-05-22 21:15:05.000","0.41752848","0"
"2025-05-22 21:30:05.000","0.42438197","0"
"2025-05-22 21:45:05.000","0.47751445","0"
"2025-05-22 22:00:05.000","0.5616636","0"
"2025-05-22 22:15:05.000","0.62837964","0"
"2025-05-22 22:30:05.000","0.6679162","0"
"2025-05-22 22:45:04.000","0.6314048","0"
"2025-05-22 23:00:05.000","0.6309715","0"
"2025-05-22 23:15:05.000","0.52444744","0"
"2025-05-22 23:30:05.000","0.5129133","0"
"2025-05-22 23:45:05.000","0.5252809","0"
"2025-05-23 00:00:05.000","0.53372","0"
"2025-05-23 00:15:05.000","0.5483521","0"
"2025-05-23 00:30:05.000","0.5111497","0"
"2025-05-23 00:45:05.000","0.40229964","0"
"2025-05-23 01:00:05.000","0.26437092","0"
"2025-05-23 01:15:05.000","0.17491713","0"
"2025-05-23 01:30:05.000","0.2822942","0"
"2025-05-23 01:45:05.000","0.31382957","0"
"2025-05-23 02:00:05.000","0.33713058","0"
"2025-05-23 02:15:05.000","0.3477945","0"
"2025-05-23 02:30:05.000","0.3051377","0"
"2025-05-23 02:45:05.000","0.28708884","0"
"2025-05-23 03:00:05.000","0.31423083","0"
"2025-05-23 03:15:05.000","0.29159567","0"
"2025-05-23 03:30:05.000","0.41938642","0"
"2025-05-23 03:45:05.000","0.45048976","0"
"2025-05-23 04:00:05.000","0.47334236","0"
"2025-05-23 04:15:05.000","0.48059958","0"
"2025-05-23 04:30:05.000","0.49197254","0"
"2025-05-23 04:45:05.000","0.5669727","0"
"2025-05-23 05:00:05.000","0.66202724","0"
"2025-05-23 05:15:05.000","0.7821829","0"
"2025-05-23 05:30:05.000","0.67805976","0"
"2025-05-23 05:45:05.000","0.812469","0"
"2025-05-23 06:00:04.000","0.7363349","0"
"2025-05-23 06:15:04.000","0.6617258","0"
"2025-05-23 06:30:04.000","0.60858196","0"
"2025-05-23 06:45:04.000","0.47286782","0"
"2025-05-23 07:00:04.000","0.399005","0"
"2025-05-23 07:15:04.000","0.30705053","0"
"2025-05-23 07:30:04.000","0.21633306","0"
"2025-05-23 07:45:04.000","0.091411166","0"
"2025-05-23 08:00:04.000","0.09625487","0"
"2025-05-23 08:15:04.000","0.21077473","0"
"2025-05-23 08:30:04.000","0.3388953","0"
"2025-05-23 08:45:04.000","0.3055111","0"
"2025-05-23 09:00:04.000","0.38934436","0"
"2025-05-23 09:15:04.000","0.5338558","0"
"2025-05-23 09:30:04.000","0.61483747","0"
"2025-05-23 09:45:04.000","0.6925388","0"
"2025-05-23 10:00:04.000","0.76984805","0"
"2025-05-23 10:15:04.000","0.8421265","0"
"2025-05-23 10:30:04.000","1.0170753","0"
"2025-05-23 10:45:04.000","1.1225755","0"
"2025-05-23 11:00:04.000","1.1525524","0"
"2025-05-23 11:15:04.000","1.1997768","0"
"2025-05-23 11:30:04.000","1.3037745","0"
"2025-05-23 11:45:04.000","1.2485714","0"
"2025-05-23 12:00:04.000","1.289264","0"
"2025-05-23 12:15:04.000","1.339233","0"
"2025-05-23 12:30:04.000","1.3697989","0"
"2025-05-23 12:45:04.000","1.3585523","0"
"2025-05-23 13:00:04.000","1.2978876","0"
"2025-05-23 13:15:04.000","1.216627","0"
"2025-05-23 13:30:04.000","1.1320837","0"
"2025-05-23 13:45:04.000","1.0881709","0"
"2025-05-23 14:00:04.000","0.98034316","0"
"2025-05-23 14:15:04.000","0.77049655","0"
"2025-05-23 14:30:04.000","0.5780242","0"
"2025-05-23 14:45:04.000","0.41109857","0"
"2025-05-23 15:00:04.000","0.18292348","0"
"2025-05-23 15:15:04.000","0.23303433","0"
"2025-05-23 15:30:04.000","0.37255076","0"
"2025-05-23 15:45:04.000","0.3711172","0"
"2025-05-23 16:00:04.000","0.35305104","0"
"2025-05-23 16:15:04.000","0.31236035","0"
"2025-05-23 16:30:04.000","0.34464622","0"
"2025-05-23 16:45:04.000","0.4124379","0"
"2025-05-23 17:00:04.000","0.43802854","0"
"2025-05-23 17:15:04.000","0.42678568","0"
"2025-05-23 17:30:04.000","0.46229428","0"
"2025-05-23 17:45:04.000","0.6105972","0"
"2025-05-23 18:00:04.000","0.56825435","0"
"2025-05-23 18:15:04.000","0.5530036","0"
"2025-05-23 18:30:04.000","0.4904498","0"
"2025-05-23 18:45:04.000","0.6280008","0"
"2025-05-23 19:00:04.000","0.4943359","0"
"2025-05-23 19:15:04.000","0.5540001","0"
"2025-05-23 19:30:04.000","0.58468795","0"
"2025-05-23 19:45:04.000","0.41324326","0"
"2025-05-23 20:00:04.000","0.33849663","0"
"2025-05-23 20:15:04.000","0.3419766","0"
"2025-05-23 20:30:04.000","0.23249947","0"
"2025-05-23 20:45:04.000","0.15860012","0"
"2025-05-23 21:00:04.000","0.32174057","0"
"2025-05-23 21:15:04.000","0.24947946","0"
"2025-05-23 21:30:04.000","0.17880715","0"
"2025-05-23 21:45:04.000","0.10206861","0"
"2025-05-23 22:00:04.000","0.12924394","0"
"2025-05-23 22:15:04.000","0.22992389","0"
"2025-05-23 22:30:04.000","0.32764924","0"
"2025-05-23 22:45:04.000","0.37504667","0"
"2025-05-23 23:00:04.000","0.2938316","0"
"2025-05-23 23:15:04.000","0.30822885","0"
"2025-05-23 23:30:04.000","0.27861443","0"
"2025-05-23 23:45:04.000","0.28839213","0"
"2025-05-24 00:00:04.000","0.26284027","0"
"2025-05-24 00:15:04.000","0.37314877","0"
"2025-05-24 00:30:04.000","0.45731828","0"
"2025-05-24 00:45:04.000","0.5291398","0"
"2025-05-24 01:00:04.000","0.52737933","0"
"2025-05-24 01:15:05.000","0.44396064","0"
"2025-05-24 01:30:05.000","0.3677839","0"
"2025-05-24 01:45:04.000","0.28862607","0"
"2025-05-24 02:00:05.000","0.11870132","0"
"2025-05-24 02:15:05.000","0.24431129","0"
"2025-05-24 02:30:05.000","0.25425974","0"
"2025-05-24 02:45:05.000","0.40596676","0"
"2025-05-24 03:00:05.000","0.29317057","0"
"2025-05-24 03:15:05.000","0.24374168","0"
"2025-05-24 03:30:05.000","0.13689414","0"
"2025-05-24 03:45:05.000","0.23001957","0"
"2025-05-24 04:00:05.000","0.21226871","0"
"2025-05-24 04:15:05.000","0.21999998","0"
"2025-05-24 04:30:05.000","0.1983381","0"
"2025-05-24 04:45:05.000","0.4700011","0"
"2025-05-24 05:00:05.000","0.15476757","0"
"2025-05-24 05:15:05.000","0.26371196","0"
"2025-05-24 05:30:05.000","0.23190513","0"
"2025-05-24 05:45:05.000","0.28243405","0"
"2025-05-24 06:00:05.000","0.55643505","0"
"2025-05-24 06:15:05.000","0.60502976","0"
"2025-05-24 06:30:05.000","0.57545984","0"
"2025-05-24 06:45:05.000","0.5740418","0"
"2025-05-24 07:00:05.000","0.48799694","0"
"2025-05-24 07:15:05.000","0.48877394","0"
"2025-05-24 07:30:05.000","0.3712802","0"
"2025-05-24 07:45:05.000","0.3094382","0"
"2025-05-24 08:00:05.000","0.28738824","0"
"2025-05-24 08:15:05.000","0.17656727","0"
"2025-05-24 08:30:05.000","0.68001544","0"
"2025-05-24 08:45:05.000","0.6280391","0"
"2025-05-24 09:00:05.000","0.6410281","0"
"2025-05-24 09:15:05.000","0.7773313","0"
"2025-05-24 09:30:05.000","0.8506522","0"
"2025-05-24 09:45:05.000","0.9382749","0"
"2025-05-24 10:00:05.000","1.0536362","0"
"2025-05-24 10:15:05.000","1.1161206","0"
"2025-05-24 10:30:04.000","1.3319104","0"
"2025-05-24 10:45:04.000","1.475483","0"
"2025-05-24 11:00:04.000","1.5019909","0"
"2025-05-24 11:15:04.000","1.4757186","0"
"2025-05-24 11:30:04.000","1.5867565","0"
"2025-05-24 11:45:04.000","1.6202056","0"
"2025-05-24 12:00:04.000","1.5541701","0"
"2025-05-24 12:15:04.000","1.6866565","0"
"2025-05-24 12:30:04.000","1.7148402","0"
"2025-05-24 12:45:04.000","1.7756804","0"
"2025-05-24 13:00:04.000","1.7965394","0"
"2025-05-24 13:15:04.000","1.8459266","0"
"2025-05-24 13:30:04.000","1.7704816","0"
"2025-05-24 13:45:04.000","1.8075604","0"
"2025-05-24 14:00:04.000","1.5703776","0"
"2025-05-24 14:15:04.000","1.5521579","0"
"2025-05-24 14:30:04.000","1.4718187","0"
"2025-05-24 14:45:04.000","1.2887673","0"
"2025-05-24 15:00:04.000","1.0975207","0"
"2025-05-24 15:15:04.000","0.8686599","0"
"2025-05-24 15:30:04.000","0.6123602","0"
"2025-05-24 15:45:04.000","0.29804194","0"
"2025-05-24 16:00:04.000","0.2828162","0"
"2025-05-24 16:15:04.000","0.59499997","0"
"2025-05-24 16:30:04.000","0.6091388","0"
"2025-05-24 16:45:04.000","0.47899586","0"
"2025-05-24 17:00:04.000","0.5112387","0"
"2025-05-24 17:15:04.000","0.50635356","0"
"2025-05-24 17:30:04.000","0.5780805","0"
"2025-05-24 17:45:04.000","0.5694647","0"
"2025-05-24 18:00:04.000","0.7169555","0"
"2025-05-24 18:15:04.000","0.7452175","0"
"2025-05-24 18:30:04.000","0.7435658","0"
"2025-05-24 18:45:04.000","0.7560953","0"
"2025-05-24 19:00:04.000","0.7200028","0"
"2025-05-24 19:15:04.000","0.763","0"
"2025-05-24 19:30:04.000","0.8680092","0"
"2025-05-24 19:45:04.000","0.8370383","0"
"2025-05-24 20:00:04.000","0.8860457","0"
"2025-05-24 20:15:04.000","0.8307064","0"
"2025-05-24 20:30:04.000","0.7500673","0"
"2025-05-24 20:45:04.000","0.67280984","0"
"2025-05-24 21:00:04.000","0.5146358","0"
"2025-05-24 21:15:04.000","0.44715095","0"
"2025-05-24 21:30:04.000","0.36687052","0"
"2025-05-24 21:45:04.000","0.23749104","0"
"2025-05-24 22:00:04.000","0.28491756","0"
"2025-05-24 22:15:04.000","0.117953375","0"
"2025-05-24 22:30:04.000","0.25636303","0"
"2025-05-24 22:45:04.000","0.2526044","0"
"2025-05-24 23:00:04.000","0.20557238","0"
"2025-05-24 23:15:04.000","0.20753075","0"
"2025-05-24 23:30:04.000","0.15953055","0"
"2025-05-24 23:45:04.000","0.15678012","0"
"2025-05-25 00:00:04.000","0.13039172","0"
"2025-05-25 00:15:04.000","0.13130881","0"
"2025-05-25 00:30:04.000","0.16115211","0"
"2025-05-25 00:45:04.000","0.2402603","0"
"2025-05-25 01:00:04.000","0.34565446","0"
"2025-05-25 01:15:04.000","0.55189216","0"
"2025-05-25 01:30:04.000","0.39212245","0"
"2025-05-25 01:45:04.000","0.38845977","0"
"2025-05-25 02:00:04.000","0.42980227","0"
"2025-05-25 02:15:04.000","0.38953948","0"
"2025-05-25 02:30:04.000","0.3113728","0"
"2025-05-25 02:45:04.000","0.21205896","0"
"2025-05-25 03:00:04.000","0.17618175","0"
"2025-05-25 03:15:04.000","0.29249614","0"
"2025-05-25 03:30:04.000","0.37519193","0"
"2025-05-25 03:45:04.000","0.47271556","0"
"2025-05-25 04:00:04.000","0.5001","0"
"2025-05-25 04:15:04.000","0.500049","0"
"2025-05-25 04:30:04.000","0.4119466","0"
"2025-05-25 04:45:04.000","0.3325673","0"
"2025-05-25 05:00:04.000","0.39444262","0"
"2025-05-25 05:15:05.000","0.55367225","0"
"2025-05-25 05:30:04.000","0.47440594","0"
"2025-05-25 05:45:04.000","0.44393355","0"
"2025-05-25 06:00:04.000","0.42488703","0"
"2025-05-25 06:15:04.000","0.31024668","0"
"2025-05-25 06:30:04.000","0.78561187","0"
"2025-05-25 06:45:04.000","0.7920859","0"
"2025-05-25 07:00:04.000","0.75564873","0"
"2025-05-25 07:15:04.000","0.6532297","0"
"2025-05-25 07:30:04.000","0.57578206","0"
"2025-05-25 07:45:05.000","0.45313352","0"
"2025-05-25 08:00:04.000","0.35486472","0"
"2025-05-25 08:15:05.000","0.1753083","0"
"2025-05-25 08:30:05.000","0.13884164","0"
"2025-05-25 08:45:05.000","0.27768326","0"
"2025-05-25 09:00:05.000","0.4425573","0"
"2025-05-25 09:15:05.000","0.6352772","0"
"2025-05-25 09:30:05.000","0.77168715","0"
"2025-05-25 09:45:05.000","0.8115923","0"
"2025-05-25 10:00:05.000","0.8613385","0"
"2025-05-25 10:15:05.000","0.97278214","0"
"2025-05-25 10:30:05.000","1.0741533","0"
"2025-05-25 10:45:05.000","1.0897963","0"
"2025-05-25 11:00:05.000","1.0634122","0"
"2025-05-25 11:15:05.000","1.3052176","0"
"2025-05-25 11:30:05.000","1.2473722","0"
"2025-05-25 11:45:05.000","1.3673422","0"
"2025-05-25 12:00:05.000","1.6327082","0"
"2025-05-25 12:15:05.000","2.077649","0"
"2025-05-25 12:30:05.000","1.6944928","0"
"2025-05-25 12:45:05.000","1.6791693","0"
"2025-05-25 13:00:05.000","1.8594414","0"
"2025-05-25 13:15:05.000","1.7958314","0"
"2025-05-25 13:30:05.000","1.8429556","0"
"2025-05-25 13:45:05.000","1.8349814","0"
"2025-05-25 14:00:05.000","1.7638518","0"
"2025-05-25 14:15:05.000","1.8457329","0"
"2025-05-25 14:30:05.000","1.920713","0"
"2025-05-25 14:45:04.000","1.7967484","0"
"2025-05-25 15:00:04.000","1.6856315","0"
"2025-05-25 15:15:04.000","1.72985","0"
"2025-05-25 15:30:04.000","1.5948948","0"
"2025-05-25 15:45:04.000","1.4436361","0"
"2025-05-25 16:00:04.000","1.1818671","0"
"2025-05-25 16:15:04.000","0.8643424","0"
"2025-05-25 16:30:04.000","0.45617646","0"
"2025-05-25 16:45:04.000","0.28927672","0"
"2025-05-25 17:00:04.000","0.35932437","0"
"2025-05-25 17:15:04.000","0.75024056","0"
"2025-05-25 17:30:04.000","0.45069396","0"
"2025-05-25 17:45:04.000","0.5331464","0"
"2025-05-25 18:00:04.000","0.63953185","0"
"2025-05-25 18:15:04.000","0.6625436","0"
"2025-05-25 18:30:04.000","0.79339397","0"
"2025-05-25 18:45:04.000","0.79996246","0"
"2025-05-25 19:00:04.000","0.8740692","0"
"2025-05-25 19:15:04.000","0.89732105","0"
"2025-05-25 19:30:04.000","0.88327414","0"
"2025-05-25 19:45:04.000","1.0482104","0"
"2025-05-25 20:00:04.000","1.0990292","0"
"2025-05-25 20:15:04.000","1.0990552","0"
"2025-05-25 20:30:04.000","1.1320072","0"
"2025-05-25 20:45:04.000","1.316184","0"
"2025-05-25 21:00:04.000","1.1474189","0"
"2025-05-25 21:15:04.000","1.1404777","0"
"2025-05-25 21:30:04.000","1.0021616","0"
"2025-05-25 21:45:04.000","0.89024776","0"
"2025-05-25 22:00:04.000","0.77188724","0"
"2025-05-25 22:15:04.000","0.71108514","0"
"2025-05-25 22:30:04.000","0.61156934","0"
"2025-05-25 22:45:04.000","0.3653286","0"
"2025-05-25 23:00:04.000","0.33318162","0"
"2025-05-25 23:15:04.000","0.17618172","0"
"2025-05-25 23:30:04.000","0.13803262","0"
"2025-05-25 23:45:04.000","0.114586204","0"
"2025-05-26 00:00:04.000","0.092999995","0"
"2025-05-26 00:15:04.000","0.058180753","0"
"2025-05-26 00:30:04.000","0.075106606","0"
"2025-05-26 00:45:04.000","0.1540292","0"
"2025-05-26 01:00:04.000","0.2496177","0"
"2025-05-26 01:15:04.000","0.34346473","0"
"2025-05-26 01:30:04.000","0.4847309","0"
"2025-05-26 01:45:04.000","0.39882952","0"
"2025-05-26 02:00:04.000","0.3380947","0"
"2025-05-26 02:15:04.000","0.27189153","0"
"2025-05-26 02:30:04.000","0.25670215","0"
"2025-05-26 02:45:04.000","0.261467","0"
"2025-05-26 03:00:04.000","0.31338954","0"
"2025-05-26 03:15:04.000","0.33296248","0"
"2025-05-26 03:30:04.000","0.2553605","0"
"2025-05-26 03:45:04.000","0.16857344","0"
"2025-05-26 04:00:04.000","0.29103437","0"
"2025-05-26 04:15:04.000","0.34603038","0"
"2025-05-26 04:30:04.000","0.359547","0"
"2025-05-26 04:45:04.000","0.18456703","0"
"2025-05-26 05:00:04.000","0.21284033","0"
"2025-05-26 05:15:04.000","0.34670162","0"
"2025-05-26 05:30:04.000","0.24101451","0"
"2025-05-26 05:45:04.000","0.41973445","0"
"2025-05-26 06:00:04.000","0.42431712","0"
"2025-05-26 06:15:04.000","0.61393243","0"
"2025-05-26 06:30:04.000","0.6034037","0"
"2025-05-26 06:45:04.000","0.5553035","0"
"2025-05-26 07:00:04.000","0.52229685","0"
"2025-05-26 07:15:04.000","0.51563746","0"
"2025-05-26 07:30:04.000","0.52171737","0"
"2025-05-26 07:45:04.000","0.40419924","0"
"2025-05-26 08:00:04.000","0.32791767","0"
"2025-05-26 08:15:04.000","0.28082916","0"
"2025-05-26 08:30:04.000","0.21246177","0"
"2025-05-26 08:45:04.000","0.34341955","0"
"2025-05-26 09:00:04.000","0.25196233","0"
"2025-05-26 09:15:04.000","0.18036073","0"
"2025-05-26 09:30:04.000","0.16323297","0"
"2025-05-26 09:45:04.000","0.27305678","0"
"2025-05-26 10:00:04.000","0.60904026","0"
"2025-05-26 10:15:04.000","0.81817603","0"
"2025-05-26 10:30:04.000","0.9117484","0"
"2025-05-26 10:45:04.000","1.0917875","0"
"2025-05-26 11:00:04.000","1.2454591","0"
"2025-05-26 11:15:04.000","1.2998986","0"
"2025-05-26 11:30:04.000","1.458124","0"
"2025-05-26 11:45:04.000","1.4986452","0"
"2025-05-26 12:00:04.000","1.635923","0"
"2025-05-26 12:15:05.000","1.6143805","0"
"2025-05-26 12:30:05.000","1.7843779","0"
"2025-05-26 12:45:04.000","1.9120804","0"
"2025-05-26 13:00:05.000","1.834152","0"
"2025-05-26 13:15:05.000","1.8655729","0"
"2025-05-26 13:30:05.000","1.9645339","0"
"2025-05-26 13:45:05.000","2.0254824","0"
"2025-05-26 14:00:05.000","2.0839314","0"
"2025-05-26 14:15:05.000","2.0641444","0"
"2025-05-26 14:30:05.000","1.9896144","0"
"2025-05-26 14:45:05.000","1.9803314","0"
"2025-05-26 15:00:05.000","1.9837471","0"
"2025-05-26 15:15:05.000","1.9848028","0"
"2025-05-26 15:30:05.000","1.8894656","0"
"2025-05-26 15:45:05.000","1.8168654","0"
"2025-05-26 16:00:05.000","1.7713015","0"
"2025-05-26 16:15:05.000","1.769904","0"
"2025-05-26 16:30:05.000","1.5850075","0"
"2025-05-26 16:45:05.000","1.3679477","0"
"2025-05-26 17:00:05.000","1.0070404","0"
"2025-05-26 17:15:05.000","0.64648044","0"
"2025-05-26 17:30:05.000","0.19635938","0"
"2025-05-26 17:45:05.000","0.47749555","0"
"2025-05-26 18:00:05.000","0.6950115","0"
"2025-05-26 18:15:05.000","0.54546225","0"
"2025-05-26 18:30:05.000","0.4260716","0"
"2025-05-26 18:45:05.000","0.43147427","0"
"2025-05-26 19:00:04.000","0.47224572","0"
"2025-05-26 19:15:04.000","0.63385963","0"
"2025-05-26 19:30:04.000","0.7106969","0"
"2025-05-26 19:45:04.000","0.69544375","0"
"2025-05-26 20:00:04.000","0.86591053","0"
"2025-05-26 20:15:04.000","0.91107064","0"
"2025-05-26 20:30:04.000","1.008869","0"
"2025-05-26 20:45:04.000","1.1110649","0"
"2025-05-26 21:00:04.000","1.1030548","0"
"2025-05-26 21:15:04.000","1.1065226","0"
"2025-05-26 21:30:04.000","1.0360482","0"
"2025-05-26 21:45:04.000","1.2580063","0"
"2025-05-26 22:00:04.000","1.116869","0"
"2025-05-26 22:15:04.000","1.1313467","0"
"2025-05-26 22:30:04.000","1.0497547","0"
"2025-05-26 22:45:04.000","0.8863137","0"
"2025-05-26 23:00:04.000","0.8406093","0"
"2025-05-26 23:15:04.000","0.74311775","0"
"2025-05-26 23:30:04.000","0.5408142","0"
"2025-05-26 23:45:04.000","0.3911074","0"
"2025-05-27 00:00:04.000","0.16818145","0"
"2025-05-27 00:15:04.000","0.13081668","0"
"2025-05-27 00:30:04.000","0.38180757","0"
"2025-05-27 00:45:04.000","0.2896636","0"
"2025-05-27 01:00:04.000","0.22585838","0"
"2025-05-27 01:15:04.000","0.106282644","0"
"2025-05-27 01:30:04.000","0.057035074","0"
"2025-05-27 01:45:04.000","0.07532596","0"
"2025-05-27 02:00:04.000","0.10963577","0"
"2025-05-27 02:15:04.000","0.14395136","0"
"2025-05-27 02:30:04.000","0.19474341","0"
"2025-05-27 02:45:04.000","0.2605379","0"
"2025-05-27 03:00:04.000","0.28462082","0"
"2025-05-27 03:15:04.000","0.38141444","0"
"2025-05-27 03:30:04.000","0.43323204","0"
"2025-05-27 03:45:04.000","0.53880703","0"
"2025-05-27 04:00:04.000","0.46348256","0"
"2025-05-27 04:15:04.000","0.35961232","0"
"2025-05-27 04:30:04.000","0.24923085","0"
"2025-05-27 04:45:04.000","0.26315397","0"
"2025-05-27 05:00:04.000","0.23577105","0"
"2025-05-27 05:15:04.000","0.324475","0"
"2025-05-27 05:30:04.000","0.34207162","0"
"2025-05-27 05:45:04.000","0.35771635","0"
"2025-05-27 06:00:04.000","0.37727576","0"
"2025-05-27 06:15:04.000","0.27013516","0"
"2025-05-27 06:30:04.000","0.40036106","0"
"2025-05-27 06:45:04.000","0.51051843","0"
"2025-05-27 07:00:04.000","0.23844916","0"
"2025-05-27 07:15:04.000","0.38129255","0"
"2025-05-27 07:30:04.000","0.3882074","0"
"2025-05-27 07:45:04.000","0.36007217","0"
"2025-05-27 08:00:04.000","0.3462369","0"
"2025-05-27 08:15:04.000","0.24565218","0"
"2025-05-27 08:30:04.000","0.3127459","0"
"2025-05-27 08:45:04.000","0.2612279","0"
"2025-05-27 09:00:04.000","0.26161233","0"
"2025-05-27 09:15:04.000","0.22366045","0"
"2025-05-27 09:30:04.000","0.16189502","0"
"2025-05-27 09:45:04.000","0.13624242","0"
"2025-05-27 10:00:04.000","0.12822637","0"
"2025-05-27 10:15:04.000","0.32175305","0"
"2025-05-27 10:30:04.000","0.52231216","0"
"2025-05-27 10:45:04.000","0.66263497","0"
"2025-05-27 11:00:05.000","0.81047463","0"
"2025-05-27 11:15:05.000","0.8947067","0"
"2025-05-27 11:30:04.000","1.0742606","0"
"2025-05-27 11:45:04.000","1.1797496","0"
"2025-05-27 12:00:04.000","1.3251448","0"
"2025-05-27 12:15:04.000","1.3113998","0"
"2025-05-27 12:30:05.000","1.5151727","0"
"2025-05-27 12:45:05.000","1.4503313","0"
"2025-05-27 13:00:05.000","1.5314054","0"
"2025-05-27 13:15:05.000","1.6341398","0"
"2025-05-27 13:30:04.000","1.779689","0"
"2025-05-27 13:45:05.000","1.8584734","0"
"2025-05-27 14:00:05.000","1.9101039","0"
"2025-05-27 14:15:05.000","1.9041203","0"
"2025-05-27 14:30:05.000","1.9823879","0"
"2025-05-27 14:45:05.000","1.988483","0"
"2025-05-27 15:00:05.000","2.013431","0"
"2025-05-27 15:15:05.000","1.974696","0"
"2025-05-27 15:30:05.000","1.9194323","0"
"2025-05-27 15:45:05.000","1.9168142","0"
"2025-05-27 16:00:05.000","1.9172618","0"
"2025-05-27 16:15:05.000","1.9099764","0"
"2025-05-27 16:30:05.000","1.8857201","0"
"2025-05-27 16:45:05.000","1.8978758","0"
"2025-05-27 17:00:05.000","1.7604275","0"
"2025-05-27 17:15:05.000","1.5948601","0"
"2025-05-27 17:30:05.000","1.4550439","0"
"2025-05-27 17:45:05.000","1.2966592","0"
"2025-05-27 18:00:05.000","0.88456154","0"
"2025-05-27 18:15:05.000","0.365","0"
"2025-05-27 18:30:05.000","0.26101533","0"
"2025-05-27 18:45:05.000","0.70379835","0"
"2025-05-27 19:00:05.000","0.7922588","0"
"2025-05-27 19:15:05.000","0.8529742","0"
"2025-05-27 19:30:05.000","0.5683775","0"
"2025-05-27 19:45:05.000","0.6650865","0"
"2025-05-27 20:00:05.000","0.71438164","0"
"2025-05-27 20:15:05.000","0.83668697","0"
"2025-05-27 20:30:05.000","0.94249153","0"
"2025-05-27 20:45:05.000","1.0311145","0"
"2025-05-27 21:00:05.000","1.1723865","0"
"2025-05-27 21:15:05.000","1.2671427","0"
"2025-05-27 21:30:05.000","1.3562688","0"
"2025-05-27 21:45:04.000","1.4468429","0"
"2025-05-27 22:00:04.000","1.7008824","0"
"2025-05-27 22:15:04.000","1.4234394","0"
"2025-05-27 22:30:04.000","1.7864479","0"
"2025-05-27 22:45:04.000","1.5744119","0"
"2025-05-27 23:00:04.000","1.4622877","0"
"2025-05-27 23:15:04.000","1.3420093","0"
"2025-05-27 23:30:04.000","1.4690123","0"
"2025-05-27 23:45:04.000","1.1930268","0"
"2025-05-28 00:00:04.000","0.9354748","0"
"2025-05-28 00:15:04.000","0.7223324","0"
"2025-05-28 00:30:04.000","0.45486814","0"
"2025-05-28 00:45:04.000","0.39444268","0"
"2025-05-28 01:00:04.000","0.34524918","0"
"2025-05-28 01:15:04.000","0.30900648","0"
"2025-05-28 01:30:04.000","0.13448048","0"
"2025-05-28 01:45:04.000","0.15700321","0"
"2025-05-28 02:00:04.000","0.13274036","0"
"2025-05-28 02:15:04.000","0.06818358","0"
"2025-05-28 02:30:04.000","0.09200544","0"
"2025-05-28 02:45:04.000","0.105361275","0"
"2025-05-28 03:00:04.000","0.20840588","0"
"2025-05-28 03:15:04.000","0.199965","0"
"2025-05-28 03:30:04.000","0.2741332","0"
"2025-05-28 03:45:04.000","0.24963376","0"
"2025-05-28 04:00:04.000","0.2185063","0"
"2025-05-28 04:15:04.000","0.20597333","0"
"2025-05-28 04:30:04.000","0.22929676","0"
"2025-05-28 04:45:04.000","0.23369426","0"
"2025-05-28 05:00:04.000","0.15920113","0"
"2025-05-28 05:15:04.000","0.112712026","0"
"2025-05-28 05:30:04.000","0.15910059","0"
"2025-05-28 05:45:04.000","0.13829318","0"
"2025-05-28 06:00:04.000","0.0976934","0"
"2025-05-28 06:15:04.000","0.22826739","0"
"2025-05-28 06:30:04.000","0.31862837","0"
"2025-05-28 06:45:04.000","0.48389357","0"
"2025-05-28 07:00:04.000","0.5168994","0"
"2025-05-28 07:15:04.000","0.17893296","0"
"2025-05-28 07:30:04.000","0.18024705","0"
"2025-05-28 07:45:04.000","0.39751858","0"
"2025-05-28 08:00:04.000","0.41151914","0"
"2025-05-28 08:15:04.000","0.3461618","0"
"2025-05-28 08:30:04.000","0.2782391","0"
"2025-05-28 08:45:04.000","0.3116424","0"
"2025-05-28 09:00:04.000","0.37940088","0"
"2025-05-28 09:15:04.000","0.3755063","0"
"2025-05-28 09:30:04.000","0.37380475","0"
"2025-05-28 09:45:04.000","0.26264042","0"
"2025-05-28 10:00:04.000","0.150446","0"
"2025-05-28 10:15:04.000","0.23256828","0"
"2025-05-28 10:30:04.000","0.38360396","0"
"2025-05-28 10:45:04.000","0.4533752","0"
"2025-05-28 11:00:04.000","0.45362544","0"
"2025-05-28 11:15:04.000","0.40613303","0"
"2025-05-28 11:30:04.000","0.4646127","0"
"2025-05-28 11:45:04.000","0.65459913","0"
"2025-05-28 12:00:04.000","0.81945884","0"
"2025-05-28 12:15:04.000","1.0210079","0"
"2025-05-28 12:30:04.000","1.2268939","0"
"2025-05-28 12:45:04.000","1.415815","0"
"2025-05-28 13:00:04.000","1.5601094","0"
"2025-05-28 13:15:04.000","1.6456002","0"
"2025-05-28 13:30:04.000","1.6142218","0"
"2025-05-28 13:45:04.000","1.5754339","0"
"2025-05-28 14:00:04.000","2.061831","0"
"2025-05-28 14:15:04.000","2.1362793","0"
"2025-05-28 14:30:04.000","2.2471874","0"
"2025-05-28 14:45:04.000","2.3032103","0"
"2025-05-28 15:00:04.000","2.1186962","0"
"2025-05-28 15:15:04.000","2.032512","0"
"2025-05-28 15:30:04.000","2.0690024","0"
"2025-05-28 15:45:04.000","2.3459594","0"
"2025-05-28 16:00:04.000","2.0033934","0"
"2025-05-28 16:15:04.000","1.9762956","0"
"2025-05-28 16:30:04.000","1.9653504","0"
"2025-05-28 16:45:04.000","2.0234194","0"
"2025-05-28 17:00:04.000","1.9934099","0"
"2025-05-28 17:15:04.000","1.9779932","0"
"2025-05-28 17:30:04.000","1.9832523","0"
"2025-05-28 17:45:04.000","1.8572414","0"
"2025-05-28 18:00:04.000","1.6779524","0"
"2025-05-28 18:15:04.000","1.4621902","0"
"2025-05-28 18:30:04.000","1.3067899","0"
"2025-05-28 18:45:04.000","0.9397474","0"
"2025-05-28 19:00:04.000","0.52915406","0"
"2025-05-28 19:15:04.000","0.52206707","0"
"2025-05-28 19:30:04.000","0.5566193","0"
"2025-05-28 19:45:04.000","0.8826829","0"
"2025-05-28 20:00:04.000","0.69803506","0"
"2025-05-28 20:15:04.000","0.6877333","0"
"2025-05-28 20:30:05.000","0.7314348","0"
"2025-05-28 20:45:04.000","0.8494906","0"
"2025-05-28 21:00:04.000","0.8631674","0"
"2025-05-28 21:15:05.000","0.95115566","0"
"2025-05-28 21:30:05.000","1.0458384","0"
"2025-05-28 21:45:05.000","0.97753","0"
"2025-05-28 22:00:05.000","1.1429666","0"
"2025-05-28 22:15:05.000","1.0061853","0"
"2025-05-28 22:30:05.000","1.1222785","0"
"2025-05-28 22:45:05.000","1.1561211","0"
"2025-05-28 23:00:05.000","1.2763737","0"
"2025-05-28 23:15:05.000","1.2850752","0"
"2025-05-28 23:30:05.000","1.3520237","0"
"2025-05-28 23:45:05.000","1.4350784","0"
"2025-05-29 00:00:05.000","1.3660618","0"
"2025-05-29 00:15:05.000","1.0580044","0"
"2025-05-29 00:30:05.000","1.1494923","0"
"2025-05-29 00:45:05.000","0.9552069","0"
"2025-05-29 01:00:05.000","0.73231965","0"
"2025-05-29 01:15:05.000","0.5044017","0"
"2025-05-29 01:30:05.000","0.2616964","0"
"2025-05-29 01:45:05.000","0.46650723","0"
"2025-05-29 02:00:05.000","0.3793323","0"
"2025-05-29 02:15:05.000","0.25154322","0"
"2025-05-29 02:30:05.000","0.2100381","0"
"2025-05-29 02:45:05.000","0.1239395","0"
"2025-05-29 03:00:05.000","0.13147242","0"
"2025-05-29 03:15:05.000","0.2227128","0"
"2025-05-29 03:30:05.000","0.4266814","0"
"2025-05-29 03:45:05.000","0.38690826","0"
"2025-05-29 04:00:05.000","0.24796976","0"
"2025-05-29 04:15:05.000","0.08579627","0"
"2025-05-29 04:30:05.000","0.13641848","0"
"2025-05-29 04:45:05.000","0.11166468","0"
"2025-05-29 05:00:04.000","0.3326335","0"
"2025-05-29 05:15:04.000","0.63271874","0"
"2025-05-29 05:30:04.000","0.6075295","0"
"2025-05-29 05:45:04.000","0.55174005","0"
"2025-05-29 06:00:04.000","0.35102713","0"
"2025-05-29 06:15:04.000","0.17660406","0"
"2025-05-29 06:30:04.000","0.25238264","0"
"2025-05-29 06:45:04.000","0.10530907","0"
"2025-05-29 07:00:04.000","0.11738825","0"
"2025-05-29 07:15:04.000","0.09998501","0"
"2025-05-29 07:30:04.000","0.13497038","0"
"2025-05-29 07:45:04.000","0.14542697","0"
"2025-05-29 08:00:04.000","0.29732138","0"
"2025-05-29 08:15:04.000","0.21428253","0"
"2025-05-29 08:30:04.000","0.39241305","0"
"2025-05-29 08:45:04.000","0.35692295","0"
"2025-05-29 09:00:04.000","0.294961","0"
"2025-05-29 09:15:04.000","0.24857394","0"
"2025-05-29 09:30:04.000","0.32328936","0"
"2025-05-29 09:45:04.000","0.25902316","0"
"2025-05-29 10:00:04.000","0.21592823","0"
"2025-05-29 10:15:04.000","0.1523975","0"
"2025-05-29 10:30:04.000","0.07203472","0"
"2025-05-29 10:45:04.000","0.37226334","0"
"2025-05-29 11:00:04.000","0.35062525","0"
"2025-05-29 11:15:04.000","0.29666483","0"
"2025-05-29 11:30:04.000","0.21476729","0"
"2025-05-29 11:45:04.000","0.23660305","0"
"2025-05-29 12:00:04.000","0.37589893","0"
"2025-05-29 12:15:04.000","0.48754483","0"
"2025-05-29 12:30:04.000","0.5836481","0"
"2025-05-29 12:45:04.000","0.7394715","0"
"2025-05-29 13:00:04.000","0.7872447","0"
"2025-05-29 13:15:04.000","0.9031794","0"
"2025-05-29 13:30:04.000","0.99106526","0"
"2025-05-29 13:45:04.000","1.2636869","0"
"2025-05-29 14:00:04.000","1.3655906","0"
"2025-05-29 14:15:04.000","1.3645972","0"
"2025-05-29 14:30:04.000","1.9492831","0"
"2025-05-29 14:45:04.000","2.2051005","0"
"2025-05-29 15:00:04.000","2.1465547","0"
"2025-05-29 15:15:04.000","2.022387","0"
"2025-05-29 15:30:04.000","1.8516666","0"
"2025-05-29 15:45:04.000","1.8794596","0"
"2025-05-29 16:00:04.000","1.8908584","0"
"2025-05-29 16:15:04.000","1.9421577","0"
"2025-05-29 16:30:04.000","1.9487603","0"
"2025-05-29 16:45:04.000","1.9056796","0"
"2025-05-29 17:00:04.000","1.8912009","0"
"2025-05-29 17:15:04.000","1.8146348","0"
"2025-05-29 17:30:04.000","1.7677116","0"
"2025-05-29 17:45:04.000","1.7868154","0"
"2025-05-29 18:00:04.000","1.7465775","0"
"2025-05-29 18:15:04.000","1.7121114","0"
"2025-05-29 18:30:04.000","1.6087174","0"
"2025-05-29 18:45:04.000","1.5662007","0"
"2025-05-29 19:00:04.000","1.4370283","0"
"2025-05-29 19:15:04.000","1.1330888","0"
"2025-05-29 19:30:04.000","0.7971061","0"
"2025-05-29 19:45:04.000","0.33494177","0"
"2025-05-29 20:00:04.000","0.20465825","0"
"2025-05-29 20:15:04.000","0.45682055","0"
"2025-05-29 20:30:04.000","0.69042736","0"
"2025-05-29 20:45:04.000","0.43026507","0"
"2025-05-29 21:00:04.000","0.49844754","0"
"2025-05-29 21:15:04.000","0.46275806","0"
"2025-05-29 21:30:04.000","0.50860006","0"
"2025-05-29 21:45:04.000","0.6056551","0"
"2025-05-29 22:00:04.000","0.68273944","0"
"2025-05-29 22:15:04.000","0.7179652","0"
"2025-05-29 22:30:04.000","0.9866479","0"
"2025-05-29 22:45:04.000","1.0482079","0"
"2025-05-29 23:00:04.000","1.0895985","0"
"2025-05-29 23:15:04.000","1.1391422","0"
"2025-05-29 23:30:04.000","1.2952714","0"
"2025-05-29 23:45:04.000","1.1893666","0"
"2025-05-30 00:00:04.000","1.281478","0"
"2025-05-30 00:15:04.000","1.2890004","0"
"2025-05-30 00:30:04.000","1.2840877","0"
"2025-05-30 00:45:04.000","1.1801531","0"
"2025-05-30 01:00:04.000","1.0390481","0"
"2025-05-30 01:15:04.000","1.0811405","0"
"2025-05-30 01:30:04.000","0.8588859","0"
"2025-05-30 01:45:04.000","0.68066144","0"
"2025-05-30 02:00:04.000","0.5679657","0"
"2025-05-30 02:15:04.000","0.41034254","0"
"2025-05-30 02:30:04.000","0.33143628","0"
"2025-05-30 02:45:05.000","0.333024","0"
"2025-05-30 03:00:04.000","0.2540492","0"
"2025-05-30 03:15:05.000","0.31966236","0"
"2025-05-30 03:30:05.000","0.40520248","0"
"2025-05-30 03:45:05.000","0.2751818","0"
"2025-05-30 04:00:05.000","0.16282508","0"
"2025-05-30 04:15:05.000","0.100657836","0"
"2025-05-30 04:30:05.000","0.07543209","0"
"2025-05-30 04:45:05.000","0.08805681","0"
"2025-05-30 05:00:05.000","0.25167638","0"
"2025-05-30 05:15:05.000","0.49499196","0"
"2025-05-30 05:30:05.000","0.58535546","0"
"2025-05-30 05:45:05.000","0.500001","0"
"2025-05-30 06:00:05.000","0.5056264","0"
"2025-05-30 06:15:05.000","0.4808846","0"
"2025-05-30 06:30:05.000","0.4124961","0"
"2025-05-30 06:45:05.000","0.33930817","0"
"2025-05-30 07:00:05.000","0.25164464","0"
"2025-05-30 07:15:05.000","0.12599206","0"
"2025-05-30 07:30:05.000","0.17647663","0"
"2025-05-30 07:45:05.000","0.10815729","0"
"2025-05-30 08:00:05.000","0.04614109","0"
"2025-05-30 08:15:05.000","0.09544109","0"
"2025-05-30 08:30:05.000","0.067683086","0"
"2025-05-30 08:45:05.000","0.1457738","0"
"2025-05-30 09:00:05.000","0.27330935","0"
"2025-05-30 09:15:05.000","0.28727165","0"
"2025-05-30 09:30:05.000","0.30647188","0"
"2025-05-30 09:45:05.000","0.20624259","0"
"2025-05-30 10:00:05.000","0.121000014","0"
"2025-05-30 10:15:05.000","0.23274454","0"
"2025-05-30 10:30:05.000","0.09900506","0"
"2025-05-30 10:45:04.000","0.093600206","0"
"2025-05-30 11:00:04.000","0.099724635","0"
"2025-05-30 11:15:04.000","0.06484597","0"
"2025-05-30 11:30:04.000","0.12061924","0"
"2025-05-30 11:45:04.000","0.06545991","0"
"2025-05-30 12:00:04.000","0.07833902","0"
"2025-05-30 12:15:04.000","0.17548218","0"
"2025-05-30 12:30:04.000","0.3360134","0"
"2025-05-30 12:45:04.000","0.40872115","0"
"2025-05-30 13:00:04.000","0.47260976","0"
"2025-05-30 13:15:04.000","0.62648624","0"
"2025-05-30 13:30:04.000","0.73726255","0"
"2025-05-30 13:45:04.000","0.9439413","0"
"2025-05-30 14:00:04.000","0.9715472","0"
"2025-05-30 14:15:04.000","1.1535636","0"
"2025-05-30 14:30:04.000","1.3189151","0"
"2025-05-30 14:45:04.000","1.2072387","0"
"2025-05-30 15:00:04.000","1.612241","0"
"2025-05-30 15:15:04.000","1.3541186","0"
"2025-05-30 15:30:04.000","1.4113289","0"
"2025-05-30 15:45:04.000","1.4856819","0"
"2025-05-30 16:00:04.000","1.5555593","0"
"2025-05-30 16:15:04.000","1.6290712","0"
"2025-05-30 16:30:04.000","1.7191261","0"
"2025-05-30 16:45:04.000","1.771527","0"
"2025-05-30 17:00:04.000","1.8268163","0"
"2025-05-30 17:15:04.000","1.8025827","0"
"2025-05-30 17:30:04.000","1.7509364","0"
"2025-05-30 17:45:04.000","1.7827226","0"
"2025-05-30 18:00:04.000","1.7968249","0"
"2025-05-30 18:15:04.000","1.8665574","0"
"2025-05-30 18:30:04.000","1.787245","0"
"2025-05-30 18:45:04.000","1.7938432","0"
"2025-05-30 19:00:04.000","1.7705188","0"
"2025-05-30 19:15:04.000","1.6706003","0"
"2025-05-30 19:30:04.000","1.5296723","0"
"2025-05-30 19:45:05.000","1.3446313","0"
"2025-05-30 20:00:04.000","1.0590209","0"
"2025-05-30 20:15:04.000","0.74753267","0"
"2025-05-30 20:30:04.000","0.30828723","0"
"2025-05-30 20:45:04.000","0.13284954","0"
"2025-05-30 21:00:04.000","0.5311733","0"
"2025-05-30 21:15:04.000","0.72578585","0"
"2025-05-30 21:30:04.000","0.5360644","0"
"2025-05-30 21:45:04.000","0.49220526","0"
"2025-05-30 22:00:04.000","0.58864677","0"
"2025-05-30 22:15:04.000","0.6691824","0"
"2025-05-30 22:30:04.000","0.84374475","0"
"2025-05-30 22:45:04.000","0.89020276","0"
"2025-05-30 23:00:04.000","1.0060319","0"
"2025-05-30 23:15:04.000","1.0557581","0"
"2025-05-30 23:30:04.000","1.0812664","0"
"2025-05-30 23:45:04.000","1.2731272","0"
"2025-05-31 00:00:04.000","1.2660253","0"
"2025-05-31 00:15:04.000","1.2966803","0"
"2025-05-31 00:30:04.000","1.3560368","0"
"2025-05-31 00:45:04.000","1.4095398","0"
"2025-05-31 01:00:04.000","1.4411002","0"
"2025-05-31 01:15:04.000","1.362376","0"
"2025-05-31 01:30:04.000","1.3990604","0"
"2025-05-31 01:45:04.000","1.3268685","0"
"2025-05-31 02:00:04.000","1.215041","0"
"2025-05-31 02:15:04.000","1.0244107","0"
"2025-05-31 02:30:04.000","0.8078744","0"
"2025-05-31 02:45:04.000","0.7047702","0"
"2025-05-31 03:00:04.000","0.5830969","0"
"2025-05-31 03:15:04.000","0.3153173","0"
"2025-05-31 03:30:04.000","0.28300712","0"
"2025-05-31 03:45:04.000","0.2922619","0"
"2025-05-31 04:00:04.000","0.42178315","0"
"2025-05-31 04:15:04.000","0.17459668","0"
"2025-05-31 04:30:04.000","0.123709336","0"
"2025-05-31 04:45:04.000","0.097","0"
"2025-05-31 05:00:04.000","0.2924876","0"
"2025-05-31 05:15:04.000","0.37389436","0"
"2025-05-31 05:30:04.000","0.3401367","0"
"2025-05-31 05:45:04.000","0.26172504","0"
"2025-05-31 06:00:04.000","0.19424985","0"
"2025-05-31 06:15:04.000","0.25380504","0"
"2025-05-31 06:30:04.000","0.446213","0"
"2025-05-31 06:45:04.000","0.78499997","0"
"2025-05-31 07:00:04.000","0.70599216","0"
"2025-05-31 07:15:04.000","0.6783584","0"
"2025-05-31 07:30:04.000","0.48928624","0"
"2025-05-31 07:45:04.000","0.45419157","0"
"2025-05-31 08:00:04.000","0.3214032","0"
"2025-05-31 08:15:05.000","0.24957766","0"
"2025-05-31 08:30:04.000","0.14512062","0"
"2025-05-31 08:45:04.000","0.11779644","0"
"2025-05-31 09:00:05.000","0.1290775","0"
"2025-05-31 09:15:05.000","0.08944272","0"
"2025-05-31 09:30:05.000","0.093605556","0"
"2025-05-31 09:45:05.000","0.13505925","0"
"2025-05-31 10:00:05.000","0.14545447","0"
"2025-05-31 10:15:05.000","0.07871467","0"
"2025-05-31 10:30:05.000","0.072443075","0"
"2025-05-31 10:45:05.000","0.09525754","0"
"2025-05-31 11:00:05.000","0.14866069","0"
"2025-05-31 11:15:05.000","0.14866069","0"
"2025-05-31 11:30:05.000","0.107856385","0"
"2025-05-31 11:45:05.000","0.038078867","0"
"2025-05-31 12:00:05.000","0.12306501","0"
"2025-05-31 12:15:05.000","0.13897482","0"
"2025-05-31 12:30:05.000","0.10800463","0"
"2025-05-31 12:45:05.000","0.04684015","0"
"2025-05-31 13:00:05.000","0.07932212","0"
"2025-05-31 13:15:05.000","0.21203774","0"
"2025-05-31 13:30:05.000","0.31016123","0"
"2025-05-31 13:45:05.000","0.45594078","0"
"2025-05-31 14:00:05.000","0.68184614","0"
"2025-05-31 14:15:05.000","0.7884395","0"
"2025-05-31 14:30:05.000","0.80448985","0"
"2025-05-31 14:45:05.000","0.8024824","0"
"2025-05-31 15:00:05.000","0.95709985","0"
"2025-05-31 15:15:05.000","0.9800047","0"
"2025-05-31 15:30:05.000","1.036919","0"
"2025-05-31 15:45:05.000","1.0334343","0"
"2025-05-31 16:00:05.000","1.1254567","0"
"2025-05-31 16:15:05.000","1.1656218","0"
"2025-05-31 16:30:05.000","1.2272245","0"
"2025-05-31 16:45:05.000","1.2672194","0"
"2025-05-31 17:00:05.000","1.4170947","0"
"2025-05-31 17:15:05.000","1.5360316","0"
"2025-05-31 17:30:05.000","1.5790076","0"
"2025-05-31 17:45:04.000","1.5776619","0"
"2025-05-31 18:00:04.000","1.6583815","0"
"2025-05-31 18:15:04.000","1.7085913","0"
"2025-05-31 18:30:04.000","1.7617062","0"
"2025-05-31 18:45:04.000","1.7370875","0"
"2025-05-31 19:00:04.000","1.7564297","0"
"2025-05-31 19:15:04.000","1.7298189","0"
"2025-05-31 19:30:04.000","1.6616528","0"
"2025-05-31 19:45:04.000","1.5998832","0"
"2025-05-31 20:00:04.000","1.4841975","0"
"2025-05-31 20:15:04.000","1.3125262","0"
"2025-05-31 20:30:04.000","1.165937","0"
"2025-05-31 20:45:04.000","0.94322103","0"
"2025-05-31 21:00:04.000","0.6686891","0"
"2025-05-31 21:15:04.000","0.20806012","0"
"2025-05-31 21:30:04.000","0.38610363","0"
"2025-05-31 21:45:04.000","0.569807","0"
"2025-05-31 22:00:04.000","0.5950976","0"
"2025-05-31 22:15:04.000","0.35392234","0"
"2025-05-31 22:30:04.000","0.37718034","0"
"2025-05-31 22:45:04.000","0.40341792","0"
"2025-05-31 23:00:04.000","0.43599084","0"
"2025-05-31 23:15:04.000","0.5483185","0"
"2025-05-31 23:30:04.000","0.54251736","0"
"2025-05-31 23:45:04.000","0.6000809","0"
"2025-06-01 00:00:04.000","0.75867516","0"
"2025-06-01 00:15:04.000","0.7820928","0"
"2025-06-01 00:30:04.000","0.8980301","0"
"2025-06-01 00:45:04.000","0.8559001","0"
"2025-06-01 01:00:04.000","0.94582886","0"
"2025-06-01 01:15:04.000","1.0020844","0"
"2025-06-01 01:30:04.000","1.0290122","0"
"2025-06-01 01:45:04.000","1.0165688","0"
"2025-06-01 02:00:04.000","0.94301915","0"
"2025-06-01 02:15:04.000","1.0536019","0"
"2025-06-01 02:30:04.000","0.9539252","0"
"2025-06-01 02:45:04.000","0.92252374","0"
"2025-06-01 03:00:04.000","0.85352504","0"
"2025-06-01 03:15:04.000","0.7362996","0"
"2025-06-01 03:30:04.000","0.59799415","0"
"2025-06-01 03:45:04.000","0.48257852","0"
"2025-06-01 04:00:04.000","0.28084514","0"
"2025-06-01 04:15:04.000","0.15992811","0"
"2025-06-01 04:30:04.000","0.10304368","0"
"2025-06-01 04:45:04.000","0.19586988","0"
"2025-06-01 05:00:04.000","0.22840537","0"
"2025-06-01 05:15:04.000","0.18393478","0"
"2025-06-01 05:30:04.000","0.09126884","0"
"2025-06-01 05:45:04.000","0.08621486","0"
"2025-06-01 06:00:04.000","0.16113657","0"
"2025-06-01 06:15:04.000","0.24820355","0"
"2025-06-01 06:30:04.000","0.3735934","0"
"2025-06-01 06:45:04.000","0.41696525","0"
"2025-06-01 07:00:04.000","0.4122487","0"
"2025-06-01 07:15:04.000","0.4514532","0"
"2025-06-01 07:30:04.000","0.45677677","0"
"2025-06-01 07:45:04.000","0.5966615","0"
"2025-06-01 08:00:04.000","0.65258634","0"
"2025-06-01 08:15:04.000","0.674129","0"
"2025-06-01 08:30:04.000","0.62018144","0"
"2025-06-01 08:45:04.000","0.4893599","0"
"2025-06-01 09:00:04.000","0.49806124","0"
"2025-06-01 09:15:04.000","0.39074928","0"
"2025-06-01 09:30:04.000","0.29451656","0"
"2025-06-01 09:45:04.000","0.2620534","0"
"2025-06-01 10:00:04.000","0.21964064","0"
"2025-06-01 10:15:04.000","0.17102629","0"
"2025-06-01 10:30:04.000","0.09066973","0"
"2025-06-01 10:45:04.000","0.09693297","0"
"2025-06-01 11:00:04.000","0.112538874","0"
"2025-06-01 11:15:04.000","0.053150732","0"
"2025-06-01 11:30:04.000","0.07283544","0"
"2025-06-01 11:45:04.000","0.061294373","0"
"2025-06-01 12:00:04.000","0.078492045","0"
"2025-06-01 12:15:04.000","0.08653902","0"
"2025-06-01 12:30:04.000","0.103740074","0"
"2025-06-01 12:45:04.000","0.07354591","0"
"2025-06-01 13:00:04.000","0.05069517","0"
"2025-06-01 13:15:04.000","0.06640783","0"
"2025-06-01 13:30:04.000","0.060605276","0"
"2025-06-01 13:45:05.000","0.08823831","0"
"2025-06-01 14:00:05.000","0.14892954","0"
"2025-06-01 14:15:04.000","0.26281744","0"
"2025-06-01 14:30:04.000","0.45036215","0"
"2025-06-01 14:45:04.000","0.44767514","0"
"2025-06-01 15:00:04.000","0.41982856","0"
"2025-06-01 15:15:04.000","0.4360791","0"
"2025-06-01 15:30:05.000","0.4683343","0"
"2025-06-01 15:45:05.000","0.52298856","0"
"2025-06-01 16:00:05.000","0.66597676","0"
"2025-06-01 16:15:05.000","0.88069576","0"
"2025-06-01 16:30:05.000","0.9034556","0"
"2025-06-01 16:45:05.000","0.9518665","0"
"2025-06-01 17:00:05.000","0.96855","0"
"2025-06-01 17:15:05.000","1.0101457","0"
"2025-06-01 17:30:05.000","1.0196313","0"
"2025-06-01 17:45:05.000","1.0660548","0"
"2025-06-01 18:00:05.000","1.1551803","0"
"2025-06-01 18:15:05.000","1.190342","0"
"2025-06-01 18:30:05.000","1.26562","0"
"2025-06-01 18:45:05.000","1.2995327","0"
"2025-06-01 19:00:05.000","1.3550445","0"
"2025-06-01 19:15:05.000","1.3839104","0"
"2025-06-01 19:30:05.000","1.4070866","0"
"2025-06-01 19:45:05.000","1.4323983","0"
"2025-06-01 20:00:05.000","1.3972619","0"
"2025-06-01 20:15:05.000","1.4073535","0"
"2025-06-01 20:30:05.000","1.3429241","0"
"2025-06-01 20:45:05.000","1.2553885","0"
"2025-06-01 21:00:05.000","1.0469065","0"
"2025-06-01 21:15:05.000","0.850775","0"
"2025-06-01 21:30:05.000","0.6244437","0"
"2025-06-01 21:45:05.000","0.42386082","0"
"2025-06-01 22:00:05.000","0.20319943","0"
"2025-06-01 22:15:05.000","0.3749453","0"
"2025-06-01 22:30:05.000","0.43853968","0"
"2025-06-01 22:45:05.000","0.67485476","0"
"2025-06-01 23:00:05.000","0.51734906","0"
"2025-06-01 23:15:05.000","0.5880077","0"
"2025-06-01 23:30:05.000","0.51388717","0"
"2025-06-01 23:45:05.000","0.6214066","0"
"2025-06-02 00:00:05.000","0.7013772","0"
"2025-06-02 00:15:05.000","0.753393","0"
"2025-06-02 00:30:05.000","0.7701273","0"
"2025-06-02 00:45:05.000","0.8940274","0"
"2025-06-02 01:00:05.000","0.93430823","0"
"2025-06-02 01:15:04.000","1.0965911","0"
"2025-06-02 01:30:04.000","1.019227","0"
"2025-06-02 01:45:04.000","1.2587348","0"
"2025-06-02 02:00:04.000","1.3067751","0"
"2025-06-02 02:15:04.000","1.325068","0"
"2025-06-02 02:30:04.000","1.3244895","0"
"2025-06-02 02:45:04.000","1.0044482","0"
"2025-06-02 03:00:04.000","1.0111879","0"
"2025-06-02 03:15:04.000","0.43666464","0"
"2025-06-02 03:30:04.000","0.5569247","0"
"2025-06-02 03:45:04.000","0.4340472","0"
"2025-06-02 04:00:04.000","0.4985138","0"
"2025-06-02 04:15:04.000","0.3321822","0"
"2025-06-02 04:30:04.000","0.22081892","0"
"2025-06-02 04:45:04.000","0.1952332","0"
"2025-06-02 05:00:04.000","0.1943296","0"
"2025-06-02 05:15:04.000","0.18946505","0"
"2025-06-02 05:30:04.000","0.17074251","0"
"2025-06-02 05:45:04.000","0.17913404","0"
"2025-06-02 06:00:04.000","0.114061385","0"
"2025-06-02 06:15:04.000","0.16138464","0"
"2025-06-02 06:30:04.000","0.33459824","0"
"2025-06-02 06:45:04.000","0.53092563","0"
"2025-06-02 07:00:04.000","0.29906854","0"
"2025-06-02 07:15:04.000","0.35248268","0"
"2025-06-02 07:30:04.000","0.30588397","0"
"2025-06-02 07:45:04.000","0.36097652","0"
"2025-06-02 08:00:04.000","0.6683847","0"
"2025-06-02 08:15:04.000","0.84031487","0"
"2025-06-02 08:30:04.000","0.9600131","0"
"2025-06-02 08:45:04.000","0.9065766","0"
"2025-06-02 09:00:04.000","0.84335643","0"
"2025-06-02 09:15:04.000","0.88254297","0"
"2025-06-02 09:30:04.000","0.89652944","0"
"2025-06-02 09:45:04.000","0.8410023","0"
"2025-06-02 10:00:04.000","0.67679244","0"
"2025-06-02 10:15:04.000","0.5452816","0"
"2025-06-02 10:30:04.000","0.41454193","0"
"2025-06-02 10:45:04.000","0.32084888","0"
"2025-06-02 11:00:04.000","0.29676932","0"
"2025-06-02 11:15:04.000","0.24043296","0"
"2025-06-02 11:30:04.000","0.1718255","0"
"2025-06-02 11:45:04.000","0.13069814","0"
"2025-06-02 12:00:04.000","0.08683317","0"
"2025-06-02 12:15:04.000","0.07528613","0"
"2025-06-02 12:30:04.000","0.13482583","0"
"2025-06-02 12:45:04.000","0.15541558","0"
"2025-06-02 13:00:04.000","0.0781601","0"
"2025-06-02 13:15:04.000","0.0643506","0"
"2025-06-02 13:30:04.000","0.05632051","0"
"2025-06-02 13:45:04.000","0.07399999","0"
"2025-06-02 14:00:04.000","0.07404053","0"
"2025-06-02 14:15:04.000","0.089627005","0"
"2025-06-02 14:30:04.000","0.05008992","0"
"2025-06-02 14:45:04.000","0.050911695","0"
"2025-06-02 15:00:04.000","0.14583898","0"
"2025-06-02 15:15:04.000","0.16750227","0"
"2025-06-02 15:30:04.000","0.25260445","0"
"2025-06-02 15:45:04.000","0.27330935","0"
"2025-06-02 16:00:04.000","0.27387956","0"
"2025-06-02 16:15:04.000","0.344398","0"
"2025-06-02 16:30:04.000","0.486733","0"
"2025-06-02 16:45:04.000","0.539498","0"
"2025-06-02 17:00:04.000","0.6158027","0"
"2025-06-02 17:15:04.000","0.63187665","0"
"2025-06-02 17:30:05.000","0.725","0"
"2025-06-02 17:45:04.000","0.73758537","0"
"2025-06-02 18:00:04.000","0.74849313","0"
"2025-06-02 18:15:04.000","0.7645658","0"
"2025-06-02 18:30:04.000","0.7537228","0"
"2025-06-02 18:45:04.000","0.8049877","0"
"2025-06-02 19:00:04.000","0.91032577","0"
"2025-06-02 19:15:04.000","1.0032932","0"
"2025-06-02 19:30:04.000","1.0212826","0"
"2025-06-02 19:45:05.000","1.0691026","0"
"2025-06-02 20:00:04.000","1.0581845","0"
"2025-06-02 20:15:05.000","1.0543135","0"
"2025-06-02 20:30:05.000","0.9929417","0"
"2025-06-02 20:45:04.000","0.910618","0"
"2025-06-02 21:00:04.000","0.89982945","0"
"2025-06-02 21:15:04.000","0.8405005","0"
"2025-06-02 21:30:04.000","0.7856113","0"
"2025-06-02 21:45:04.000","0.63573116","0"
"2025-06-02 22:00:04.000","0.5811067","0"
"2025-06-02 22:15:05.000","0.4866806","0"
"2025-06-02 22:30:05.000","0.23901887","0"
"2025-06-02 22:45:05.000","0.19455077","0"
"2025-06-02 23:00:05.000","0.38364697","0"
"2025-06-02 23:15:05.000","0.45363536","0"
"2025-06-02 23:30:05.000","0.5945057","0"
"2025-06-02 23:45:05.000","0.5715916","0"
"2025-06-03 00:00:05.000","0.35313597","0"
"2025-06-03 00:15:05.000","0.4822997","0"
"2025-06-03 00:30:05.000","0.5954837","0"
"2025-06-03 00:45:05.000","0.67396224","0"
"2025-06-03 01:00:05.000","0.7684753","0"
"2025-06-03 01:15:05.000","0.71281135","0"
"2025-06-03 01:30:05.000","0.77334213","0"
"2025-06-03 01:45:05.000","0.8690466","0"
"2025-06-03 02:00:05.000","1.0075048","0"
"2025-06-03 02:15:05.000","1.1559972","0"
"2025-06-03 02:30:05.000","1.1910588","0"
"2025-06-03 02:45:05.000","1.0922422","0"
"2025-06-03 03:00:05.000","1.1063678","0"
"2025-06-03 03:15:05.000","0.93876946","0"
"2025-06-03 03:30:05.000","0.95264316","0"
"2025-06-03 03:45:05.000","0.93602616","0"
"2025-06-03 04:00:05.000","0.88114977","0"
"2025-06-03 04:15:05.000","0.80830497","0"
"2025-06-03 04:30:05.000","0.72011185","0"
"2025-06-03 04:45:05.000","0.628542","0"
"2025-06-03 05:00:05.000","0.547613","0"
"2025-06-03 05:15:05.000","0.32666346","0"
"2025-06-03 05:30:05.000","0.28712365","0"
"2025-06-03 05:45:05.000","0.29008445","0"
"2025-06-03 06:00:05.000","0.15556993","0"
"2025-06-03 06:15:05.000","0.34121695","0"
"2025-06-03 06:30:04.000","0.2717646","0"
"2025-06-03 06:45:04.000","0.28635645","0"
"2025-06-03 07:00:04.000","0.27940115","0"
"2025-06-03 07:15:04.000","0.31729484","0"
"2025-06-03 07:30:04.000","0.4375946","0"
"2025-06-03 07:45:04.000","0.5098432","0"
"2025-06-03 08:00:04.000","0.63903135","0"
"2025-06-03 08:15:04.000","0.64261967","0"
"2025-06-03 08:30:04.000","0.70437574","0"
"2025-06-03 08:45:04.000","0.7258001","0"
"2025-06-03 09:00:04.000","0.8828545","0"
"2025-06-03 09:15:04.000","1.0719744","0"
"2025-06-03 09:30:04.000","1.1113348","0"
"2025-06-03 09:45:04.000","1.1178879","0"
"2025-06-03 10:00:04.000","0.9519718","0"
"2025-06-03 10:15:04.000","0.8927094","0"
"2025-06-03 10:30:04.000","0.7519901","0"
"2025-06-03 10:45:04.000","0.7859778","0"
"2025-06-03 11:00:05.000","0.7320069","0"
"2025-06-03 11:15:04.000","0.68165237","0"
"2025-06-03 11:30:04.000","0.60747427","0"
"2025-06-03 11:45:04.000","0.5610249","0"
"2025-06-03 12:00:04.000","0.32887688","0"
"2025-06-03 12:15:04.000","0.3303529","0"
"2025-06-03 12:30:04.000","0.13041857","0"
"2025-06-03 12:45:04.000","0.18233211","0"
"2025-06-03 13:00:04.000","0.15273835","0"
"2025-06-03 13:15:04.000","0.12026636","0"
"2025-06-03 13:30:04.000","0.07550495","0"
"2025-06-03 13:45:04.000","0.085586205","0"
"2025-06-03 14:00:04.000","0.2835578","0"
"2025-06-03 14:15:04.000","0.19809088","0"
"2025-06-03 14:30:04.000","0.09687622","0"
"2025-06-03 14:45:04.000","0.080659784","0"
"2025-06-03 15:00:04.000","0.2095543","0"
"2025-06-03 15:15:04.000","0.21971348","0"
"2025-06-03 15:30:04.000","0.22965407","0"
"2025-06-03 15:45:04.000","0.2106419","0"
"2025-06-03 16:00:04.000","0.13159408","0"
"2025-06-03 16:15:04.000","0.11230762","0"
"2025-06-03 16:30:04.000","0.20242776","0"
"2025-06-03 16:45:04.000","0.21110189","0"
"2025-06-03 17:00:04.000","0.11950733","0"
"2025-06-03 17:15:04.000","0.09321482","0"
"2025-06-03 17:30:04.000","0.08464633","0"
"2025-06-03 17:45:04.000","0.13103436","0"
"2025-06-03 18:00:04.000","0.20981187","0"
"2025-06-03 18:15:04.000","0.43700466","0"
"2025-06-03 18:30:04.000","0.47780025","0"
"2025-06-03 18:45:04.000","0.49947175","0"
"2025-06-03 19:00:04.000","0.5731884","0"
"2025-06-03 19:15:04.000","0.6212029","0"
"2025-06-03 19:30:04.000","0.706952","0"
"2025-06-03 19:45:04.000","0.7497873","0"
"2025-06-03 20:00:04.000","0.67547315","0"
"2025-06-03 20:15:04.000","0.6665749","0"
"2025-06-03 20:30:04.000","0.8810902","0"
"2025-06-03 20:45:04.000","0.809579","0"
"2025-06-03 21:00:04.000","0.62215513","0"
"2025-06-03 21:15:04.000","0.7482547","0"
"2025-06-03 21:30:04.000","0.5964035","0"
"2025-06-03 21:45:04.000","0.59059715","0"
"2025-06-03 22:00:04.000","0.5556303","0"
"2025-06-03 22:15:04.000","0.43961012","0"
"2025-06-03 22:30:04.000","0.3695836","0"
"2025-06-03 22:45:04.000","0.26283455","0"
"2025-06-03 23:00:04.000","0.06958449","0"
"2025-06-03 23:15:04.000","0.14092906","0"
"2025-06-03 23:30:04.000","0.22012724","0"
"2025-06-03 23:45:04.000","0.3641236","0"
"2025-06-04 00:00:04.000","0.3580056","0"
"2025-06-04 00:15:04.000","0.377065","0"
"2025-06-04 00:30:04.000","0.2856869","0"
"2025-06-04 00:45:04.000","0.22022717","0"
"2025-06-04 01:00:04.000","0.3232893","0"
"2025-06-04 01:15:04.000","0.39626762","0"
"2025-06-04 01:30:04.000","0.4070774","0"
"2025-06-04 01:45:04.000","0.5388358","0"
"2025-06-04 02:00:04.000","0.62442696","0"
"2025-06-04 02:15:05.000","0.62942034","0"
"2025-06-04 02:30:05.000","0.6472233","0"
"2025-06-04 02:45:05.000","0.57001483","0"
"2025-06-04 03:00:04.000","0.52437866","0"
"2025-06-04 03:15:05.000","0.5787296","0"
"2025-06-04 03:30:05.000","0.60429883","0"
"2025-06-04 03:45:05.000","0.7002014","0"
"2025-06-04 04:00:04.000","0.6842902","0"
"2025-06-04 04:15:04.000","0.7561382","0"
"2025-06-04 04:30:04.000","0.7401364","0"
"2025-06-04 04:45:04.000","0.6562257","0"
"2025-06-04 05:00:05.000","0.646178","0"
"2025-06-04 05:15:05.000","0.5639903","0"
"2025-06-04 05:30:05.000","0.49916932","0"
"2025-06-04 05:45:05.000","0.40150836","0"
"2025-06-04 06:00:05.000","0.39524803","0"
"2025-06-04 06:15:05.000","0.25927976","0"
"2025-06-04 06:30:05.000","0.12000416","0"
"2025-06-04 06:45:05.000","0.21900915","0"
"2025-06-04 07:00:05.000","0.23478717","0"
"2025-06-04 07:15:05.000","0.2830477","0"
"2025-06-04 07:30:05.000","0.27553588","0"
"2025-06-04 07:45:05.000","0.56766546","0"
"2025-06-04 08:00:05.000","0.53666097","0"
"2025-06-04 08:15:05.000","0.60629034","0"
"2025-06-04 08:30:05.000","0.67675847","0"
"2025-06-04 08:45:05.000","0.6999914","0"
"2025-06-04 09:00:05.000","0.7997625","0"
"2025-06-04 09:15:05.000","1.0017583","0"
"2025-06-04 09:30:05.000","1.123851","0"
"2025-06-04 09:45:05.000","1.1876552","0"
"2025-06-04 10:00:05.000","1.2170991","0"
"2025-06-04 10:15:05.000","1.1576895","0"
"2025-06-04 10:30:05.000","1.378315","0"
"2025-06-04 10:45:05.000","1.1880156","0"
"2025-06-04 11:00:05.000","1.130941","0"
"2025-06-04 11:15:05.000","1.068345","0"
"2025-06-04 11:30:05.000","1.0353673","0"
"2025-06-04 11:45:05.000","1.0197673","0"
"2025-06-04 12:00:05.000","0.82634676","0"
"2025-06-04 12:15:05.000","0.74400544","0"
"2025-06-04 12:30:05.000","0.61744076","0"
"2025-06-04 12:45:05.000","0.5268558","0"
"2025-06-04 13:00:05.000","0.44797552","0"
"2025-06-04 13:15:05.000","0.2378445","0"
"2025-06-04 13:30:05.000","0.13403359","0"
"2025-06-04 13:45:04.000","0.06264982","0"
"2025-06-04 14:00:04.000","0.10938464","0"
"2025-06-04 14:15:04.000","0.17438464","0"
"2025-06-04 14:30:04.000","0.21430823","0"
"2025-06-04 14:45:04.000","0.18777116","0"
"2025-06-04 15:00:04.000","0.25950915","0"
"2025-06-04 15:15:04.000","0.3156343","0"
"2025-06-04 15:30:04.000","0.37852877","0"
"2025-06-04 15:45:04.000","0.49002555","0"
"2025-06-04 16:00:04.000","0.13536619","0"
"2025-06-04 16:15:04.000","0.1172732","0"
"2025-06-04 16:30:04.000","0.122","0"
"2025-06-04 16:45:04.000","0.15033296","0"
"2025-06-04 17:00:04.000","0.22240731","0"
"2025-06-04 17:15:04.000","0.22933383","0"
"2025-06-04 17:30:04.000","0.24259432","0"
"2025-06-04 17:45:04.000","0.19053873","0"
"2025-06-04 18:00:04.000","0.20706041","0"
"2025-06-04 18:15:04.000","0.17142054","0"
"2025-06-04 18:30:04.000","0.120341174","0"
"2025-06-04 18:45:04.000","0.14500001","0"
"2025-06-04 19:00:04.000","0.2722811","0"
"2025-06-04 19:15:04.000","0.25143194","0"
"2025-06-04 19:30:04.000","0.22522213","0"
"2025-06-04 19:45:04.000","0.0686003","0"
"2025-06-04 20:00:04.000","0.11162885","0"
"2025-06-04 20:15:04.000","0.17740633","0"
"2025-06-04 20:30:04.000","0.33383977","0"
"2025-06-04 20:45:04.000","0.44879395","0"
"2025-06-04 21:00:04.000","0.4340058","0"
"2025-06-04 21:15:04.000","0.3658866","0"
"2025-06-04 21:30:04.000","0.32653484","0"
"2025-06-04 21:45:04.000","0.30711892","0"
"2025-06-04 22:00:04.000","0.3374404","0"
"2025-06-04 22:15:04.000","0.28100178","0"
"2025-06-04 22:30:04.000","0.29451656","0"
"2025-06-04 22:45:04.000","0.26565018","0"
"2025-06-04 23:00:04.000","0.22316365","0"
"2025-06-04 23:15:04.000","0.16307667","0"
"2025-06-04 23:30:05.000","0.15811388","0"
"2025-06-04 23:45:04.000","0.16103728","0"
"2025-06-05 00:00:04.000","0.12193853","0"
"2025-06-05 00:15:04.000","0.04527693","0"
"2025-06-05 00:30:04.000","0.058258045","0"
"2025-06-05 00:45:04.000","0.07034203","0"
"2025-06-05 01:00:04.000","0.1536522","0"
"2025-06-05 01:15:04.000","0.28846145","0"
"2025-06-05 01:30:04.000","0.44670573","0"
"2025-06-05 01:45:04.000","0.4591318","0"
"2025-06-05 02:00:04.000","0.3481738","0"
"2025-06-05 02:15:04.000","0.2876891","0"
"2025-06-05 02:30:04.000","0.28595456","0"
"2025-06-05 02:45:04.000","0.3471311","0"
"2025-06-05 03:00:04.000","0.38442165","0"
"2025-06-05 03:15:04.000","0.4685168","0"
"2025-06-05 03:30:04.000","0.55512965","0"
"2025-06-05 03:45:04.000","0.57502186","0"
"2025-06-05 04:00:04.000","0.6510768","0"
"2025-06-05 04:15:04.000","0.6536206","0"
"2025-06-05 04:30:04.000","0.7562811","0"
"2025-06-05 04:45:04.000","0.7283632","0"
"2025-06-05 05:00:04.000","0.6990001","0"
"2025-06-05 05:15:04.000","0.6320284","0"
"2025-06-05 05:30:04.000","0.58653307","0"
"2025-06-05 05:45:04.000","0.49704936","0"
"2025-06-05 06:00:04.000","0.33412126","0"
"2025-06-05 06:15:04.000","0.14866069","0"
"2025-06-05 06:30:04.000","0.20048192","0"
"2025-06-05 06:45:04.000","0.16708381","0"
"2025-06-05 07:00:04.000","0.05108816","0"
"2025-06-05 07:15:04.000","0.20383573","0"
"2025-06-05 07:30:04.000","0.1712104","0"
"2025-06-05 07:45:04.000","0.24550764","0"
"2025-06-05 08:00:04.000","0.24523048","0"
"2025-06-05 08:15:05.000","0.38327536","0"
"2025-06-05 08:30:04.000","0.48701647","0"
"2025-06-05 08:45:04.000","0.5363022","0"
"2025-06-05 09:00:04.000","0.5954066","0"
"2025-06-05 09:15:05.000","0.4978534","0"
"2025-06-05 09:30:04.000","0.8143397","0"
"2025-06-05 09:45:05.000","1.049869","0"
"2025-06-05 10:00:04.000","1.1790441","0"
"2025-06-05 10:15:04.000","1.1744617","0"
"2025-06-05 10:30:04.000","1.3086517","0"
"2025-06-05 10:45:04.000","1.4007632","0"
"2025-06-05 11:00:04.000","1.4848411","0"
"2025-06-05 11:15:05.000","1.4395118","0"
"2025-06-05 11:30:04.000","1.5774189","0"
"2025-06-05 11:45:05.000","1.5748684","0"
"2025-06-05 12:00:05.000","1.5232941","0"
"2025-06-05 12:15:05.000","1.2853171","0"
"2025-06-05 12:30:05.000","1.0697327","0"
"2025-06-05 12:45:05.000","1.1816946","0"
"2025-06-05 13:00:05.000","1.1069019","0"
"2025-06-05 13:15:05.000","0.96325964","0"
"2025-06-05 13:30:05.000","0.80152166","0"
"2025-06-05 13:45:05.000","0.57447374","0"
"2025-06-05 14:00:05.000","0.5123378","0"
"2025-06-05 14:15:05.000","0.2770271","0"
"2025-06-05 14:30:05.000","0.10791201","0"
"2025-06-05 14:45:05.000","0.15352525","0"
"2025-06-05 15:00:05.000","0.22765326","0"
"2025-06-05 15:15:05.000","0.34354627","0"
"2025-06-05 15:30:05.000","0.24148083","0"
"2025-06-05 15:45:05.000","0.26689702","0"
"2025-06-05 16:00:05.000","0.2970152","0"
"2025-06-05 16:15:05.000","0.34124768","0"
"2025-06-05 16:30:05.000","0.27385405","0"
"2025-06-05 16:45:05.000","0.23945355","0"
"2025-06-05 17:00:05.000","0.26500192","0"
"2025-06-05 17:15:05.000","0.2718603","0"
"2025-06-05 17:30:05.000","0.36045524","0"
"2025-06-05 17:45:05.000","0.5157131","0"
"2025-06-05 18:00:05.000","0.52797824","0"
"2025-06-05 18:15:05.000","0.518896","0"
"2025-06-05 18:30:05.000","0.4671328","0"
"2025-06-05 18:45:05.000","0.44750085","0"
"2025-06-05 19:00:05.000","0.43401384","0"
"2025-06-05 19:15:05.000","0.4309107","0"
"2025-06-05 19:30:05.000","0.3681318","0"
"2025-06-05 19:45:05.000","0.28908482","0"
"2025-06-05 20:00:05.000","0.17582376","0"
"2025-06-05 20:15:05.000","0.14286359","0"
"2025-06-05 20:30:05.000","0.24492037","0"
"2025-06-05 20:45:05.000","0.18270195","0"
"2025-06-05 21:00:04.000","0.10707475","0"
"2025-06-05 21:15:04.000","0.16209875","0"
"2025-06-05 21:30:04.000","0.1685764","0"
"2025-06-05 21:45:04.000","0.07116882","0"
"2025-06-05 22:00:04.000","0.100647904","0"
"2025-06-05 22:15:04.000","0.16224673","0"
"2025-06-05 22:30:04.000","0.18672441","0"
"2025-06-05 22:45:04.000","0.26532435","0"
"2025-06-05 23:00:04.000","0.10407689","0"
"2025-06-05 23:15:04.000","0.20438443","0"
"2025-06-05 23:30:04.000","0.12940249","0"
"2025-06-05 23:45:04.000","0.0705762","0"
"2025-06-06 00:00:04.000","0.09868132","0"
"2025-06-06 00:15:04.000","0.19256687","0"
"2025-06-06 00:30:04.000","0.23847222","0"
"2025-06-06 00:45:04.000","0.24520402","0"
"2025-06-06 01:00:04.000","0.21162468","0"
"2025-06-06 01:15:04.000","0.129031","0"
"2025-06-06 01:30:04.000","0.23930109","0"
"2025-06-06 01:45:04.000","0.2938197","0"
"2025-06-06 02:00:04.000","0.37934813","0"
"2025-06-06 02:15:04.000","0.38515708","0"
"2025-06-06 02:30:04.000","0.3720054","0"
"2025-06-06 02:45:04.000","0.3548817","0"
"2025-06-06 03:00:04.000","0.3720054","0"
"2025-06-06 03:15:04.000","0.36507532","0"
"2025-06-06 03:30:04.000","0.47327054","0"
"2025-06-06 03:45:04.000","0.25339296","0"
"2025-06-06 04:00:04.000","0.20776191","0"
"2025-06-06 04:15:04.000","0.43786415","0"
"2025-06-06 04:30:04.000","0.5378197","0"
"2025-06-06 04:45:04.000","0.6281672","0"
"2025-06-06 05:00:04.000","0.6300072","0"
"2025-06-06 05:15:04.000","0.44315684","0"
"2025-06-06 05:30:04.000","0.408354","0"
"2025-06-06 05:45:04.000","0.42122203","0"
"2025-06-06 06:00:04.000","0.3924411","0"
"2025-06-06 06:15:04.000","0.44204184","0"
"2025-06-06 06:30:04.000","0.42351502","0"
"2025-06-06 06:45:04.000","0.36702177","0"
"2025-06-06 07:00:04.000","0.24734186","0"
"2025-06-06 07:15:04.000","0.13519245","0"
"2025-06-06 07:30:04.000","0.10977249","0"
"2025-06-06 07:45:04.000","0.25761986","0"
"2025-06-06 08:00:04.000","0.3282499","0"
"2025-06-06 08:15:04.000","0.387866","0"
"2025-06-06 08:30:04.000","0.34771395","0"
"2025-06-06 08:45:04.000","0.42673296","0"
"2025-06-06 09:00:04.000","0.53583586","0"
"2025-06-06 09:15:04.000","0.6078923","0"
"2025-06-06 09:30:04.000","0.6946316","0"
"2025-06-06 09:45:04.000","0.74822724","0"
"2025-06-06 10:00:04.000","0.7564192","0"
"2025-06-06 10:15:04.000","0.8284715","0"
"2025-06-06 10:30:04.000","0.9582171","0"
"2025-06-06 10:45:04.000","1.0005609","0"
"2025-06-06 11:00:04.000","1.1223058","0"
"2025-06-06 11:15:04.000","1.2680777","0"
"2025-06-06 11:30:04.000","1.466215","0"
"2025-06-06 11:45:04.000","1.4066564","0"
"2025-06-06 12:00:04.000","1.4658611","0"
"2025-06-06 12:15:04.000","1.4480227","0"
"2025-06-06 12:30:04.000","1.3670247","0"
"2025-06-06 12:45:04.000","1.4523253","0"
"2025-06-06 13:00:04.000","1.3563665","0"
"2025-06-06 13:15:04.000","1.1916418","0"
"2025-06-06 13:30:04.000","1.1770257","0"
"2025-06-06 13:45:05.000","1.0778167","0"
"2025-06-06 14:00:04.000","0.9443352","0"
"2025-06-06 14:15:04.000","0.828128","0"
"2025-06-06 14:30:04.000","0.6561106","0"
"2025-06-06 14:45:04.000","0.5643067","0"
"2025-06-06 15:00:04.000","0.22141592","0"
"2025-06-06 15:15:04.000","0.16502427","0"
"2025-06-06 15:30:04.000","0.2322628","0"
"2025-06-06 15:45:04.000","0.37387297","0"
"2025-06-06 16:00:04.000","0.43041956","0"
"2025-06-06 16:15:04.000","0.44975215","0"
"2025-06-06 16:30:04.000","0.46651903","0"
"2025-06-06 16:45:04.000","0.4516116","0"
"2025-06-06 17:00:04.000","0.51248604","0"
"2025-06-06 17:15:04.000","0.46537945","0"
"2025-06-06 17:30:04.000","0.52709484","0"
"2025-06-06 17:45:04.000","0.5771699","0"
"2025-06-06 18:00:04.000","0.5937584","0"
"2025-06-06 18:15:04.000","0.741135","0"
"2025-06-06 18:30:04.000","0.7342207","0"
"2025-06-06 18:45:04.000","0.72258216","0"
"2025-06-06 19:00:04.000","0.69997865","0"
"2025-06-06 19:15:04.000","0.5837098","0"
"2025-06-06 19:30:04.000","0.49063328","0"
"2025-06-06 19:45:04.000","0.39393526","0"
"2025-06-06 20:00:05.000","0.40340182","0"
"2025-06-06 20:15:04.000","0.380522","0"
"2025-06-06 20:30:04.000","0.43583718","0"
"2025-06-06 20:45:05.000","0.42769146","0"
"2025-06-06 21:00:05.000","0.3372907","0"
"2025-06-06 21:15:05.000","0.24100208","0"
"2025-06-06 21:30:05.000","0.16292945","0"
"2025-06-06 21:45:05.000","0.2290546","0"
"2025-06-06 22:00:05.000","0.110941425","0"
"2025-06-06 22:15:05.000","0.17373835","0"
"2025-06-06 22:30:05.000","0.07660939","0"
"2025-06-06 22:45:05.000","0.16949634","0"
"2025-06-06 23:00:05.000","0.21813068","0"
"2025-06-06 23:15:05.000","0.24413523","0"
"2025-06-06 23:30:05.000","0.18751535","0"
"2025-06-06 23:45:05.000","0.11107205","0"
"2025-06-07 00:00:05.000","0.13341664","0"
"2025-06-07 00:15:05.000","0.21596758","0"
"2025-06-07 00:30:05.000","0.26005003","0"
"2025-06-07 00:45:05.000","0.25966516","0"
"2025-06-07 01:00:05.000","0.2343075","0"
"2025-06-07 01:15:05.000","0.08723532","0"
"2025-06-07 01:30:05.000","0.07648528","0"
"2025-06-07 01:45:05.000","0.07655063","0"
"2025-06-07 02:00:05.000","0.0635059","0"
"2025-06-07 02:15:05.000","0.061098285","0"
"2025-06-07 02:30:05.000","0.18103316","0"
"2025-06-07 02:45:05.000","0.33402398","0"
"2025-06-07 03:00:05.000","0.36316663","0"
"2025-06-07 03:15:05.000","0.3152935","0"
"2025-06-07 03:30:05.000","0.31426904","0"
"2025-06-07 03:45:05.000","0.2831325","0"
"2025-06-07 04:00:05.000","0.29501528","0"
"2025-06-07 04:15:05.000","0.41734642","0"
"2025-06-07 04:30:05.000","0.25640008","0"
"2025-06-07 04:45:05.000","0.2929044","0"
"2025-06-07 05:00:05.000","0.35203695","0"
"2025-06-07 05:15:05.000","0.4310279","0"
"2025-06-07 05:30:04.000","0.33678627","0"
"2025-06-07 05:45:04.000","0.35300988","0"
"2025-06-07 06:00:04.000","0.37664306","0"
"2025-06-07 06:15:04.000","0.33772177","0"
"2025-06-07 06:30:04.000","0.23642546","0"
"2025-06-07 06:45:04.000","0.2777949","0"
"2025-06-07 07:00:04.000","0.13720058","0"
"2025-06-07 07:15:04.000","0.17207266","0"
"2025-06-07 07:30:04.000","0.12165526","0"
"2025-06-07 07:45:04.000","0.05434151","0"
"2025-06-07 08:00:04.000","0.106976636","0"
"2025-06-07 08:15:04.000","0.26669267","0"
"2025-06-07 08:30:04.000","0.34773123","0"
"2025-06-07 08:45:04.000","0.38246045","0"
"2025-06-07 09:00:04.000","0.43389055","0"
"2025-06-07 09:15:04.000","0.4890256","0"
"2025-06-07 09:30:04.000","0.59941643","0"
"2025-06-07 09:45:04.000","0.6930981","0"
"2025-06-07 10:00:04.000","0.77157634","0"
"2025-06-07 10:15:04.000","0.7516335","0"
"2025-06-07 10:30:04.000","0.72743386","0"
"2025-06-07 10:45:04.000","0.61016715","0"
"2025-06-07 11:00:04.000","1.2026558","0"
"2025-06-07 11:15:04.000","1.4850028","0"
"2025-06-07 11:30:04.000","1.2080979","0"
"2025-06-07 11:45:04.000","1.2780396","0"
"2025-06-07 12:00:04.000","1.6578593","0"
"2025-06-07 12:15:04.000","1.446674","0"
"2025-06-07 12:30:04.000","1.551166","0"
"2025-06-07 12:45:04.000","1.6011013","0"
"2025-06-07 13:00:04.000","1.6703739","0"
"2025-06-07 13:15:04.000","1.6504552","0"
"2025-06-07 13:30:04.000","1.6361542","0"
"2025-06-07 13:45:04.000","1.5032995","0"
"2025-06-07 14:00:04.000","1.4353935","0"
"2025-06-07 14:15:04.000","1.3114399","0"
"2025-06-07 14:30:04.000","1.2265271","0"
"2025-06-07 14:45:04.000","1.0724945","0"
"2025-06-07 15:00:04.000","0.8787087","0"
"2025-06-07 15:15:04.000","0.66680217","0"
"2025-06-07 15:30:04.000","0.5266356","0"
"2025-06-07 15:45:04.000","0.1951666","0"
"2025-06-07 16:00:04.000","0.14287408","0"
"2025-06-07 16:15:04.000","0.41939008","0"
"2025-06-07 16:30:04.000","0.4171199","0"
"2025-06-07 16:45:04.000","0.4713067","0"
"2025-06-07 17:00:04.000","0.5242948","0"
"2025-06-07 17:15:04.000","0.4870657","0"
"2025-06-07 17:30:04.000","0.55928975","0"
"2025-06-07 17:45:04.000","0.55431134","0"
"2025-06-07 18:00:04.000","0.5556978","0"
"2025-06-07 18:15:05.000","0.6099516","0"
"2025-06-07 18:30:04.000","0.65999997","0"
"2025-06-07 18:45:04.000","0.7749999","0"
"2025-06-07 19:00:04.000","0.78605145","0"
"2025-06-07 19:15:04.000","0.8053882","0"
"2025-06-07 19:30:04.000","0.8353359","0"
"2025-06-07 19:45:04.000","0.8246212","0"
"2025-06-07 20:00:05.000","0.8011405","0"
"2025-06-07 20:15:04.000","0.62223226","0"
"2025-06-07 20:30:04.000","0.63709503","0"
"2025-06-07 20:45:04.000","0.5722238","0"
"2025-06-07 21:00:04.000","0.577382","0"
"2025-06-07 21:15:04.000","0.41707677","0"
"2025-06-07 21:30:04.000","0.2991672","0"
"2025-06-07 21:45:04.000","0.28151375","0"
"2025-06-07 22:00:04.000","0.1861317","0"
"2025-06-07 22:15:04.000","0.19918084","0"
"2025-06-07 22:30:04.000","0.34186694","0"
"2025-06-07 22:45:04.000","0.27612314","0"
"2025-06-07 23:00:04.000","0.2271079","0"
"2025-06-07 23:15:04.000","0.20021242","0"
"2025-06-07 23:30:04.000","0.24366577","0"
"2025-06-07 23:45:04.000","0.18676192","0"
"2025-06-08 00:00:04.000","0.22541074","0"
"2025-06-08 00:15:04.000","0.11356497","0"
"2025-06-08 00:30:05.000","0.1","0"
"2025-06-08 00:45:05.000","0.088073835","0"
"2025-06-08 01:00:05.000","0.096747085","0"
"2025-06-08 01:15:05.000","0.20231906","0"
"2025-06-08 01:30:05.000","0.25330812","0"
"2025-06-08 01:45:05.000","0.2192031","0"
"2025-06-08 02:00:05.000","0.22105427","0"
"2025-06-08 02:15:05.000","0.16011246","0"
"2025-06-08 02:30:04.000","0.13879842","0"
"2025-06-08 02:45:05.000","0.25223008","0"
"2025-06-08 03:00:05.000","0.2320453","0"
"2025-06-08 03:15:05.000","0.26142877","0"
"2025-06-08 03:30:05.000","0.2868815","0"
"2025-06-08 03:45:05.000","0.19027613","0"
"2025-06-08 04:00:05.000","0.2261526","0"
"2025-06-08 04:15:05.000","0.24528353","0"
"2025-06-08 04:30:05.000","0.3671362","0"
"2025-06-08 04:45:05.000","0.41135994","0"
"2025-06-08 05:00:04.000","0.48060793","0"
"2025-06-08 05:15:05.000","0.5105487","0"
"2025-06-08 05:30:05.000","0.45036203","0"
"2025-06-08 05:45:05.000","0.3365353","0"
"2025-06-08 06:00:05.000","0.27280945","0"
"2025-06-08 06:15:05.000","0.3441933","0"
"2025-06-08 06:30:05.000","0.31401432","0"
"2025-06-08 06:45:05.000","0.30792373","0"
"2025-06-08 07:00:05.000","0.2791147","0"
"2025-06-08 07:15:05.000","0.26148996","0"
"2025-06-08 07:30:05.000","0.20665188","0"
"2025-06-08 07:45:05.000","0.08143709","0"
"2025-06-08 08:00:05.000","0.111323856","0"
"2025-06-08 08:15:05.000","0.08417245","0"
"2025-06-08 08:30:05.000","0.23172829","0"
"2025-06-08 08:45:05.000","0.353412","0"
"2025-06-08 09:00:05.000","0.3929288","0"
"2025-06-08 09:15:05.000","0.37538514","0"
"2025-06-08 09:30:05.000","0.43948266","0"
"2025-06-08 09:45:05.000","0.41286924","0"
"2025-06-08 10:00:05.000","0.59262305","0"
"2025-06-08 10:15:05.000","0.7644927","0"
"2025-06-08 10:30:05.000","0.8376904","0"
"2025-06-08 10:45:05.000","1.1272029","0"
"2025-06-08 11:00:05.000","1.2234746","0"
"2025-06-08 11:15:05.000","1.387326","0"
"2025-06-08 11:30:04.000","1.4772035","0"
"2025-06-08 11:45:04.000","1.5939152","0"
"2025-06-08 12:00:04.000","1.5580926","0"
"2025-06-08 12:15:04.000","1.5410256","0"
"2025-06-08 12:30:04.000","1.81064","0"
"2025-06-08 12:45:04.000","1.7304165","0"
"2025-06-08 13:00:04.000","1.6672876","0"
"2025-06-08 13:15:04.000","1.6771778","0"
"2025-06-08 13:30:04.000","1.6780932","0"
"2025-06-08 13:45:04.000","1.6612407","0"
"2025-06-08 14:00:04.000","1.6189777","0"
"2025-06-08 14:15:04.000","1.6271746","0"
"2025-06-08 14:30:04.000","1.5853984","0"
"2025-06-08 14:45:04.000","1.4784403","0"
"2025-06-08 15:00:04.000","1.4808898","0"
"2025-06-08 15:15:04.000","1.2350748","0"
"2025-06-08 15:30:04.000","0.9446323","0"
"2025-06-08 15:45:04.000","0.75328416","0"
"2025-06-08 16:00:04.000","0.52538085","0"
"2025-06-08 16:15:04.000","0.36624035","0"
"2025-06-08 16:30:04.000","0.16211107","0"
"2025-06-08 16:45:04.000","0.36334148","0"
"2025-06-08 17:00:04.000","0.49400103","0"
"2025-06-08 17:15:04.000","0.4467573","0"
"2025-06-08 17:30:04.000","0.5356491","0"
"2025-06-08 17:45:04.000","0.625156","0"
"2025-06-08 18:00:04.000","0.6966463","0"
"2025-06-08 18:15:04.000","0.6416371","0"
"2025-06-08 18:30:04.000","0.7225428","0"
"2025-06-08 18:45:04.000","0.7886907","0"
"2025-06-08 19:00:04.000","0.8103555","0"
"2025-06-08 19:15:04.000","0.844645","0"
"2025-06-08 19:30:04.000","0.83961004","0"
"2025-06-08 19:45:04.000","0.94508934","0"
"2025-06-08 20:00:04.000","1.0235004","0"
"2025-06-08 20:15:04.000","1.0630076","0"
"2025-06-08 20:30:04.000","1.056398","0"
"2025-06-08 20:45:04.000","1.0090079","0"
"2025-06-08 21:00:04.000","0.9040006","0"
"2025-06-08 21:15:04.000","0.9825543","0"
"2025-06-08 21:30:04.000","0.86623096","0"
"2025-06-08 21:45:04.000","0.791364","0"
"2025-06-08 22:00:04.000","0.7129692","0"
"2025-06-08 22:15:04.000","0.6538479","0"
"2025-06-08 22:30:04.000","0.46186146","0"
"2025-06-08 22:45:04.000","0.47790903","0"
"2025-06-08 23:00:04.000","0.40700006","0"
"2025-06-08 23:15:04.000","0.29514915","0"
"2025-06-08 23:30:04.000","0.2702832","0"
"2025-06-08 23:45:04.000","0.18601075","0"
"2025-06-09 00:00:04.000","0.2456522","0"
"2025-06-09 00:15:04.000","0.21019278","0"
"2025-06-09 00:30:04.000","0.14732958","0"
"2025-06-09 00:45:04.000","0.09823443","0"
"2025-06-09 01:00:04.000","0.05821511","0"
"2025-06-09 01:15:04.000","0.08221922","0"
"2025-06-09 01:30:04.000","0.07218033","0"
"2025-06-09 01:45:04.000","0.079177015","0"
"2025-06-09 02:00:05.000","0.1521184","0"
"2025-06-09 02:15:04.000","0.13043004","0"
"2025-06-09 02:30:04.000","0.1980101","0"
"2025-06-09 02:45:04.000","0.24374169","0"
"2025-06-09 03:00:04.000","0.29084876","0"
"2025-06-09 03:15:04.000","0.25645667","0"
"2025-06-09 03:30:04.000","0.19188015","0"
"2025-06-09 03:45:04.000","0.13192801","0"
"2025-06-09 04:00:04.000","0.10980895","0"
"2025-06-09 04:15:04.000","0.25475672","0"
"2025-06-09 04:30:04.000","0.34602314","0"
"2025-06-09 04:45:04.000","0.34522027","0"
"2025-06-09 05:00:04.000","0.3470519","0"
"2025-06-09 05:15:04.000","0.38330796","0"
"2025-06-09 05:30:04.000","0.3098935","0"
"2025-06-09 05:45:04.000","0.21472077","0"
"2025-06-09 06:00:04.000","0.2921814","0"
"2025-06-09 06:15:04.000","0.21204953","0"
"2025-06-09 06:30:05.000","0.37458512","0"
"2025-06-09 06:45:04.000","0.3782724","0"
"2025-06-09 07:00:04.000","0.34294748","0"
"2025-06-09 07:15:04.000","0.2701481","0"
"2025-06-09 07:30:05.000","0.19749685","0"
"2025-06-09 07:45:05.000","0.122102425","0"
"2025-06-09 08:00:05.000","0.0927793","0"
"2025-06-09 08:15:05.000","0.11036755","0"
"2025-06-09 08:30:05.000","0.05011986","0"
"2025-06-09 08:45:05.000","0.06888396","0"
"2025-06-09 09:00:05.000","0.18365727","0"
"2025-06-09 09:15:05.000","0.32457975","0"
"2025-06-09 09:30:05.000","0.39654768","0"
"2025-06-09 09:45:05.000","0.43382028","0"
"2025-06-09 10:00:05.000","0.57959986","0"
"2025-06-09 10:15:05.000","0.82060295","0"
"2025-06-09 10:30:05.000","0.9555884","0"
"2025-06-09 10:45:05.000","1.2893262","0"
"2025-06-09 11:00:05.000","1.3513169","0"
"2025-06-09 11:15:05.000","1.3572935","0"
"2025-06-09 11:30:05.000","1.4310088","0"
"2025-06-09 11:45:05.000","1.5605669","0"
"2025-06-09 12:00:05.000","1.5697851","0"
"2025-06-09 12:15:05.000","1.6239227","0"
"2025-06-09 12:30:05.000","1.6736051","0"
"2025-06-09 12:45:05.000","1.6182486","0"
"2025-06-09 13:00:05.000","1.9277024","0"
"2025-06-09 13:15:05.000","1.6215055","0"
"2025-06-09 13:30:05.000","1.9093019","0"
"2025-06-09 13:45:05.000","1.7438034","0"
"2025-06-09 14:00:05.000","1.7467906","0"
"2025-06-09 14:15:05.000","2.015073","0"
"2025-06-09 14:30:05.000","1.8929194","0"
"2025-06-09 14:45:05.000","1.6377088","0"
"2025-06-09 15:00:05.000","1.581594","0"
"2025-06-09 15:15:05.000","1.4865292","0"
"2025-06-09 15:30:05.000","1.4036083","0"
"2025-06-09 15:45:05.000","1.249471","0"
"2025-06-09 16:00:05.000","1.1542639","0"
"2025-06-09 16:15:05.000","1.0483725","0"
"2025-06-09 16:30:05.000","0.83952373","0"
"2025-06-09 16:45:05.000","0.562546","0"
"2025-06-09 17:00:05.000","0.1980909","0"
"2025-06-09 17:15:05.000","0.3828002","0"
"2025-06-09 17:30:05.000","0.55860007","0"
"2025-06-09 17:45:05.000","0.6709374","0"
"2025-06-09 18:00:05.000","0.51062506","0"
"2025-06-09 18:15:05.000","0.6664631","0"
"2025-06-09 18:30:04.000","0.67692393","0"
"2025-06-09 18:45:04.000","0.80355716","0"
"2025-06-09 19:00:04.000","0.7804005","0"
"2025-06-09 19:15:04.000","0.77762526","0"
"2025-06-09 19:30:04.000","0.8017213","0"
"2025-06-09 19:45:04.000","0.8956082","0"
"2025-06-09 20:00:04.000","0.9591173","0"
"2025-06-09 20:15:04.000","0.9886925","0"
"2025-06-09 20:30:04.000","1.1911361","0"
"2025-06-09 20:45:04.000","1.1060452","0"
"2025-06-09 21:00:04.000","1.1351274","0"
"2025-06-09 21:15:04.000","1.1721092","0"
"2025-06-09 21:30:04.000","1.0220078","0"
"2025-06-09 21:45:04.000","1.1293725","0"
"2025-06-09 22:00:04.000","1.0435541","0"
"2025-06-09 22:15:04.000","0.89214355","0"
"2025-06-09 22:30:04.000","0.88495034","0"
"2025-06-09 22:45:04.000","0.7507343","0"
"2025-06-09 23:00:04.000","0.6279762","0"
"2025-06-09 23:15:04.000","0.54712343","0"
"2025-06-09 23:30:04.000","0.45452508","0"
"2025-06-09 23:45:04.000","0.31724596","0"
"2025-06-10 00:00:04.000","0.3327777","0"
"2025-06-10 00:15:04.000","0.29548103","0"
"2025-06-10 00:30:04.000","0.1378441","0"
"2025-06-10 00:45:04.000","0.117643535","0"
"2025-06-10 01:00:04.000","0.0898443","0"
"2025-06-10 01:15:04.000","0.10720076","0"
"2025-06-10 01:30:04.000","0.13853878","0"
"2025-06-10 01:45:04.000","0.111803405","0"
"2025-06-10 02:00:04.000","0.060207978","0"
"2025-06-10 02:15:04.000","0.0667308","0"
"2025-06-10 02:30:04.000","0.18632498","0"
"2025-06-10 02:45:04.000","0.31532836","0"
"2025-06-10 03:00:04.000","0.4139046","0"
"2025-06-10 03:15:04.000","0.39337772","0"
"2025-06-10 03:30:04.000","0.25904438","0"
"2025-06-10 03:45:04.000","0.32234296","0"
"2025-06-10 04:00:04.000","0.26963124","0"
"2025-06-10 04:15:04.000","0.1372953","0"
"2025-06-10 04:30:04.000","0.09920182","0"
"2025-06-10 04:45:04.000","0.15720369","0"
"2025-06-10 05:00:04.000","0.23759839","0"
"2025-06-10 05:15:04.000","0.2228116","0"
"2025-06-10 05:30:04.000","0.23454213","0"
"2025-06-10 05:45:04.000","0.41986907","0"
"2025-06-10 06:00:04.000","0.39041516","0"
"2025-06-10 06:15:04.000","0.27241328","0"
"2025-06-10 06:30:04.000","0.35802233","0"
"2025-06-10 06:45:04.000","0.400005","0"
"2025-06-10 07:00:04.000","0.24747731","0"
"2025-06-10 07:15:04.000","0.14578411","0"
"2025-06-10 07:30:04.000","0.21414948","0"
"2025-06-10 07:45:04.000","0.20902155","0"
"2025-06-10 08:00:04.000","0.25710893","0"
"2025-06-10 08:15:04.000","0.30306602","0"
"2025-06-10 08:30:04.000","0.18704279","0"
"2025-06-10 08:45:04.000","0.11173183","0"
"2025-06-10 09:00:04.000","0.049396366","0"
"2025-06-10 09:15:04.000","0.1439514","0"
"2025-06-10 09:30:04.000","0.28861737","0"
"2025-06-10 09:45:04.000","0.39258757","0"
"2025-06-10 10:00:04.000","0.60146904","0"
"2025-06-10 10:15:04.000","0.5043857","0"
"2025-06-10 10:30:04.000","0.49900904","0"
"2025-06-10 10:45:05.000","0.69381416","0"
"2025-06-10 11:00:04.000","1.0466082","0"
"2025-06-10 11:15:04.000","1.2483945","0"
"2025-06-10 11:30:04.000","1.3029851","0"
"2025-06-10 11:45:04.000","1.2204856","0"
"2025-06-10 12:00:04.000","1.5386152","0"
"2025-06-10 12:15:04.000","1.6290882","0"
"2025-06-10 12:30:04.000","1.6846308","0"
"2025-06-10 12:45:04.000","1.7553588","0"
"2025-06-10 13:00:04.000","1.8834786","0"
"2025-06-10 13:15:04.000","2.005318","0"
"2025-06-10 13:30:04.000","2.0294142","0"
"2025-06-10 13:45:05.000","2.0025065","0"
"2025-06-10 14:00:04.000","2.074576","0"
"2025-06-10 14:15:05.000","2.0786707","0"
"2025-06-10 14:30:05.000","2.0906813","0"
"2025-06-10 14:45:05.000","2.0681534","0"
"2025-06-10 15:00:05.000","1.7922373","0"
"2025-06-10 15:15:05.000","1.7630557","0"
"2025-06-10 15:30:05.000","1.6977497","0"
"2025-06-10 15:45:05.000","1.6274723","0"
"2025-06-10 16:00:05.000","1.5528699","0"
"2025-06-10 16:15:05.000","1.4234933","0"
"2025-06-10 16:30:05.000","1.2551595","0"
"2025-06-10 16:45:05.000","1.0740248","0"
"2025-06-10 17:00:05.000","0.82997656","0"
"2025-06-10 17:15:05.000","0.5584048","0"
"2025-06-10 17:30:05.000","0.27515265","0"
"2025-06-10 17:45:05.000","0.30001667","0"
"2025-06-10 18:00:05.000","0.585575","0"
"2025-06-10 18:15:05.000","0.5670485","0"
"2025-06-10 18:30:05.000","0.5013233","0"
"2025-06-10 18:45:05.000","0.53659105","0"
"2025-06-10 19:00:05.000","0.5702227","0"
"2025-06-10 19:15:05.000","0.6328705","0"
"2025-06-10 19:30:05.000","0.6457592","0"
"2025-06-10 19:45:05.000","0.70817655","0"
"2025-06-10 20:00:05.000","0.8419989","0"
"2025-06-10 20:15:05.000","0.90926623","0"
"2025-06-10 20:30:05.000","0.9941631","0"
"2025-06-10 20:45:05.000","1.1580799","0"
"2025-06-10 21:00:05.000","1.2639956","0"
"2025-06-10 21:15:05.000","1.3141993","0"
"2025-06-10 21:30:05.000","1.0900074","0"
"2025-06-10 21:45:05.000","1.3348895","0"
"2025-06-10 22:00:05.000","1.2012203","0"
"2025-06-10 22:15:05.000","1.1529181","0"
"2025-06-10 22:30:05.000","0.93613684","0"
"2025-06-10 22:45:05.000","1.1440214","0"
"2025-06-10 23:00:05.000","0.91623586","0"
"2025-06-10 23:15:05.000","0.78986704","0"
"2025-06-10 23:30:05.000","0.74124223","0"
"2025-06-10 23:45:05.000","0.49359998","0"
"2025-06-11 00:00:05.000","0.6954316","0"
"2025-06-11 00:15:05.000","0.60293704","0"
"2025-06-11 00:30:05.000","0.46694118","0"
"2025-06-11 00:45:05.000","0.33471185","0"
"2025-06-11 01:00:05.000","0.17932372","0"
"2025-06-11 01:15:05.000","0.09202174","0"
"2025-06-11 01:30:05.000","0.05390732","0"
"2025-06-11 01:45:04.000","0.10955364","0"
"2025-06-11 02:00:04.000","0.18199448","0"
"2025-06-11 02:15:04.000","0.17923447","0"
"2025-06-11 02:30:04.000","0.07789736","0"
"2025-06-11 02:45:04.000","0.13576819","0"
"2025-06-11 03:00:04.000","0.17839283","0"
"2025-06-11 03:15:04.000","0.33593154","0"
"2025-06-11 03:30:04.000","0.33379334","0"
"2025-06-11 03:45:04.000","0.245937","0"
"2025-06-11 04:00:04.000","0.23186415","0"
"2025-06-11 04:15:04.000","0.2616964","0"
"2025-06-11 04:30:04.000","0.29224992","0"
"2025-06-11 04:45:04.000","0.21149234","0"
"2025-06-11 05:00:04.000","0.08902247","0"
"2025-06-11 05:15:04.000","0.19675872","0"
"2025-06-11 05:30:04.000","0.17913683","0"
"2025-06-11 05:45:04.000","0.18757933","0"
"2025-06-11 06:00:04.000","0.23722774","0"
"2025-06-11 06:15:04.000","0.2470182","0"
"2025-06-11 06:30:04.000","0.23400216","0"
"2025-06-11 06:45:04.000","0.25016195","0"
"2025-06-11 07:00:04.000","0.24803226","0"
"2025-06-11 07:15:04.000","0.3746265","0"
"2025-06-11 07:30:04.000","0.39555153","0"
"2025-06-11 07:45:04.000","0.2583273","0"
"2025-06-11 08:00:04.000","0.16981167","0"
"2025-06-11 08:15:04.000","0.0975141","0"
"2025-06-11 08:30:04.000","0.1026499","0"
"2025-06-11 08:45:04.000","0.12143311","0"
"2025-06-11 09:00:04.000","0.115433976","0"
"2025-06-11 09:15:04.000","0.093434475","0"
"2025-06-11 09:30:04.000","0.1465094","0"
"2025-06-11 09:45:04.000","0.19436564","0"
"2025-06-11 10:00:04.000","0.38066393","0"
"2025-06-11 10:15:04.000","0.38550746","0"
"2025-06-11 10:30:04.000","0.38549843","0"
"2025-06-11 10:45:04.000","0.45853898","0"
"2025-06-11 11:00:04.000","0.6404015","0"
"2025-06-11 11:15:04.000","0.74632764","0"
"2025-06-11 11:30:04.000","1.1431259","0"
"2025-06-11 11:45:04.000","1.0613772","0"
"2025-06-11 12:00:04.000","1.2160976","0"
"2025-06-11 12:15:04.000","1.3229575","0"
"2025-06-11 12:30:04.000","1.461802","0"
"2025-06-11 12:45:04.000","1.4678274","0"
"2025-06-11 13:00:04.000","1.5957459","0"
"2025-06-11 13:15:04.000","1.7820452","0"
"2025-06-11 13:30:04.000","1.9504782","0"
"2025-06-11 13:45:04.000","2.1112597","0"
"2025-06-11 14:00:04.000","2.1664093","0"
"2025-06-11 14:15:04.000","2.1116822","0"
"2025-06-11 14:30:05.000","1.7416041","0"
"2025-06-11 14:45:04.000","1.7760832","0"
"2025-06-11 15:00:04.000","1.8200983","0"
"2025-06-11 15:15:04.000","1.8231368","0"
"2025-06-11 15:30:04.000","1.8670096","0"
"2025-06-11 15:45:04.000","1.8496372","0"
"2025-06-11 16:00:04.000","1.7266923","0"
"2025-06-11 16:15:04.000","1.7273765","0"
"2025-06-11 16:30:04.000","1.5861907","0"
"2025-06-11 16:45:04.000","1.4860557","0"
"2025-06-11 17:00:04.000","1.387554","0"
"2025-06-11 17:15:04.000","1.2194754","0"
"2025-06-11 17:30:04.000","1.0066803","0"
"2025-06-11 17:45:04.000","0.71114844","0"
"2025-06-11 18:00:04.000","0.3325673","0"
"2025-06-11 18:15:05.000","0.16502729","0"
"2025-06-11 18:30:06.000","0.4147795","0"
"2025-06-11 18:45:05.000","0.6590554","0"
"2025-06-11 19:00:05.000","0.43513328","0"
"2025-06-11 19:15:05.000","0.35072067","0"
"2025-06-11 19:30:05.000","0.49344707","0"
"2025-06-11 19:45:05.000","0.56938034","0"
"2025-06-11 20:00:05.000","0.68291295","0"
"2025-06-11 20:15:05.000","0.7127898","0"
"2025-06-11 20:30:05.000","0.78186697","0"
"2025-06-11 20:45:05.000","0.894236","0"
"2025-06-11 21:00:05.000","0.8941432","0"
"2025-06-11 21:15:05.000","1.0560801","0"
"2025-06-11 21:30:05.000","1.0660231","0"
"2025-06-11 21:45:05.000","1.1480527","0"
"2025-06-11 22:00:05.000","1.1690427","0"
"2025-06-11 22:15:05.000","1.2720772","0"
"2025-06-11 22:30:05.000","1.2125355","0"
"2025-06-11 22:45:05.000","1.280625","0"
"2025-06-11 23:00:05.000","1.1422737","0"
"2025-06-11 23:15:05.000","1.0908478","0"
"2025-06-11 23:30:05.000","0.9434342","0"
"2025-06-11 23:45:05.000","0.90032","0"
"2025-06-12 00:00:05.000","0.7326562","0"
"2025-06-12 00:15:05.000","0.66026974","0"
"2025-06-12 00:30:05.000","0.52584887","0"
"2025-06-12 00:45:05.000","0.4210297","0"
"2025-06-12 01:00:05.000","0.26280034","0"
"2025-06-12 01:15:05.000","0.21360013","0"
"2025-06-12 01:30:05.000","0.09507892","0"
"2025-06-12 01:45:05.000","0.06906519","0"
"2025-06-12 02:00:05.000","0.33696437","0"
"2025-06-12 02:15:05.000","0.22022943","0"
"2025-06-12 02:30:05.000","0.14290206","0"
"2025-06-12 02:45:05.000","0.11734564","0"
"2025-06-12 03:00:04.000","0.1274559","0"
"2025-06-12 03:15:04.000","0.26826853","0"
"2025-06-12 03:30:04.000","0.30075237","0"
"2025-06-12 03:45:04.000","0.29620433","0"
"2025-06-12 04:00:04.000","0.23920913","0"
"2025-06-12 04:15:04.000","0.20003998","0"
"2025-06-12 04:30:04.000","0.17650495","0"
"2025-06-12 04:45:04.000","0.14727524","0"
"2025-06-12 05:00:04.000","0.16524528","0"
"2025-06-12 05:15:04.000","0.2163747","0"
"2025-06-12 05:30:04.000","0.23338594","0"
"2025-06-12 05:45:04.000","0.1976917","0"
"2025-06-12 06:00:04.000","0.099569075","0"
"2025-06-12 06:15:04.000","0.21756838","0"
"2025-06-12 06:30:04.000","0.31308788","0"
"2025-06-12 06:45:04.000","0.30576137","0"
"2025-06-12 07:00:04.000","0.19350712","0"
"2025-06-12 07:15:04.000","0.24207644","0"
"2025-06-12 07:30:04.000","0.2066035","0"
"2025-06-12 07:45:04.000","0.29966813","0"
"2025-06-12 08:00:04.000","0.2180023","0"
"2025-06-12 08:15:04.000","0.119419426","0"
"2025-06-12 08:30:04.000","0.14124092","0"
"2025-06-12 08:45:04.000","0.09656604","0"
"2025-06-12 09:00:04.000","0.13520354","0"
"2025-06-12 09:15:04.000","0.10718676","0"
"2025-06-12 09:30:04.000","0.30410856","0"
"2025-06-12 09:45:04.000","0.20300247","0"
"2025-06-12 10:00:04.000","0.16337688","0"
"2025-06-12 10:15:04.000","0.20235613","0"
"2025-06-12 10:30:04.000","0.15666845","0"
"2025-06-12 10:45:04.000","0.21159631","0"
"2025-06-12 11:00:04.000","0.32328936","0"
"2025-06-12 11:15:04.000","0.49458063","0"
"2025-06-12 11:30:04.000","0.6419985","0"
"2025-06-12 11:45:04.000","0.8568343","0"
"2025-06-12 12:00:04.000","0.8831784","0"
"2025-06-12 12:15:04.000","0.95880616","0"
"2025-06-12 12:30:04.000","1.1247624","0"
"2025-06-12 12:45:04.000","1.2441403","0"
"2025-06-12 13:00:04.000","1.2485329","0"
"2025-06-12 13:15:04.000","1.1857172","0"
"2025-06-12 13:30:04.000","1.2840202","0"
"2025-06-12 13:45:04.000","1.3711812","0"
"2025-06-12 14:00:04.000","1.4375693","0"
"2025-06-12 14:15:04.000","1.5421444","0"
"2025-06-12 14:30:04.000","1.6170404","0"
"2025-06-12 14:45:04.000","1.6808095","0"
"2025-06-12 15:00:04.000","1.7247201","0"
"2025-06-12 15:15:04.000","1.8142018","0"
"2025-06-12 15:30:04.000","1.8809831","0"
"2025-06-12 15:45:04.000","1.9015028","0"
"2025-06-12 16:00:04.000","1.9141947","0"
"2025-06-12 16:15:04.000","1.8875924","0"
"2025-06-12 16:30:04.000","1.8586231","0"
"2025-06-12 16:45:04.000","1.7943034","0"
"2025-06-12 17:00:04.000","1.7756238","0"
"2025-06-12 17:15:04.000","1.6159099","0"
"2025-06-12 17:30:04.000","1.4526472","0"
"2025-06-12 17:45:04.000","1.3067127","0"
"2025-06-12 18:00:04.000","1.1053691","0"
"2025-06-12 18:15:04.000","0.8796784","0"
"2025-06-12 18:30:04.000","0.6102074","0"
"2025-06-12 18:45:04.000","0.3510698","0"
"2025-06-12 19:00:04.000","0.2764706","0"
"2025-06-12 19:15:04.000","0.6383291","0"
"2025-06-12 19:30:04.000","0.6983553","0"
"2025-06-12 19:45:04.000","0.37887466","0"
"2025-06-12 20:00:04.000","0.38881615","0"
"2025-06-12 20:15:04.000","0.59901255","0"
"2025-06-12 20:30:04.000","0.6779566","0"
"2025-06-12 20:45:04.000","0.70607793","0"
"2025-06-12 21:00:04.000","0.7870667","0"
"2025-06-12 21:15:04.000","0.8706257","0"
"2025-06-12 21:30:04.000","0.8510146","0"
"2025-06-12 21:45:04.000","0.98400044","0"
"2025-06-12 22:00:04.000","1.0242581","0"
"2025-06-12 22:15:04.000","1.0730076","0"
"2025-06-12 22:30:04.000","1.1870949","0"
"2025-06-12 22:45:04.000","1.2572901","0"
"2025-06-12 23:00:04.000","1.3695436","0"
"2025-06-12 23:15:05.000","1.2639118","0"
"2025-06-12 23:30:04.000","1.3690004","0"
"2025-06-12 23:45:04.000","1.2581198","0"
"2025-06-13 00:00:05.000","1.0968829","0"
"2025-06-13 00:15:04.000","0.8860954","0"
"2025-06-13 00:30:05.000","0.7391272","0"
"2025-06-13 00:45:05.000","0.6823152","0"
"2025-06-13 01:00:05.000","0.5282282","0"
"2025-06-13 01:15:05.000","0.14355837","0"
"2025-06-13 01:30:05.000","0.21639316","0"
"2025-06-13 01:45:05.000","0.30280355","0"
"2025-06-13 02:00:05.000","0.24505103","0"
"2025-06-13 02:15:05.000","0.20086065","0"
"2025-06-13 02:30:05.000","0.2393533","0"
"2025-06-13 02:45:05.000","0.24397749","0"
"2025-06-13 03:00:05.000","0.12692124","0"
"2025-06-13 03:15:05.000","0.07271863","0"
"2025-06-13 03:30:05.000","0.122004114","0"
"2025-06-13 03:45:05.000","0.14492066","0"
"2025-06-13 04:00:05.000","0.089872144","0"
"2025-06-13 04:15:05.000","0.056920994","0"
"2025-06-13 04:30:05.000","0.06640783","0"
"2025-06-13 04:45:05.000","0.072138764","0"
"2025-06-13 05:00:05.000","0.17740634","0"
"2025-06-13 05:15:05.000","0.3076004","0"
"2025-06-13 05:30:05.000","0.41305208","0"
"2025-06-13 05:45:05.000","0.34249234","0"
"2025-06-13 06:00:05.000","0.28426924","0"
"2025-06-13 06:15:05.000","0.12322338","0"
"2025-06-13 06:30:05.000","0.16426809","0"
"2025-06-13 06:45:05.000","0.092309274","0"
"2025-06-13 07:00:05.000","0.14990664","0"
"2025-06-13 07:15:05.000","0.16329421","0"
"2025-06-13 07:30:05.000","0.12330856","0"
"2025-06-13 07:45:05.000","0.08745857","0"
"2025-06-13 08:00:05.000","0.084291175","0"
"2025-06-13 08:15:05.000","0.15834455","0"
"2025-06-13 08:30:05.000","0.1215936","0"
"2025-06-13 08:45:05.000","0.15026642","0"
"2025-06-13 09:00:04.000","0.10600473","0"
"2025-06-13 09:15:04.000","0.10440307","0"
"2025-06-13 09:30:04.000","0.12801564","0"
"2025-06-13 09:45:04.000","0.16347784","0"
"2025-06-13 10:00:04.000","0.15071164","0"
"2025-06-13 10:15:04.000","0.12","0"
"2025-06-13 10:30:04.000","0.17445344","0"
"2025-06-13 10:45:04.000","0.17810111","0"
"2025-06-13 11:00:04.000","0.2828463","0"
"2025-06-13 11:15:04.000","0.2562889","0"
"2025-06-13 11:30:04.000","0.32385492","0"
"2025-06-13 11:45:04.000","0.41465288","0"
"2025-06-13 12:00:04.000","0.5546981","0"
"2025-06-13 12:15:04.000","0.74430174","0"
"2025-06-13 12:30:04.000","0.964193","0"
"2025-06-13 12:45:04.000","1.0597043","0"
"2025-06-13 13:00:04.000","1.1036133","0"
"2025-06-13 13:15:04.000","1.076636","0"
"2025-06-13 13:30:04.000","1.1072962","0"
"2025-06-13 13:45:04.000","1.2143545","0"
"2025-06-13 14:00:04.000","1.2916448","0"
"2025-06-13 14:15:04.000","1.3328414","0"
"2025-06-13 14:30:04.000","1.4523433","0"
"2025-06-13 14:45:04.000","1.4304284","0"
"2025-06-13 15:00:04.000","1.6996601","0"
"2025-06-13 15:15:04.000","1.9561148","0"
"2025-06-13 15:30:04.000","2.0265708","0"
"2025-06-13 15:45:04.000","2.125036","0"
"2025-06-13 16:00:04.000","1.8395854","0"
"2025-06-13 16:15:04.000","1.8529311","0"
"2025-06-13 16:30:04.000","1.8928564","0"
"2025-06-13 16:45:04.000","1.8690635","0"
"2025-06-13 17:00:04.000","1.8730519","0"
"2025-06-13 17:15:04.000","1.8138494","0"
"2025-06-13 17:30:04.000","1.7048501","0"
"2025-06-13 17:45:04.000","1.5628068","0"
"2025-06-13 18:00:04.000","1.4521904","0"
"2025-06-13 18:15:04.000","1.3513552","0"
"2025-06-13 18:30:04.000","1.2105643","0"
"2025-06-13 18:45:04.000","1.0550812","0"
"2025-06-13 19:00:04.000","0.7682721","0"
"2025-06-13 19:15:04.000","0.43093508","0"
"2025-06-13 19:30:04.000","0.2036664","0"
"2025-06-13 19:45:04.000","0.44153032","0"
"2025-06-13 20:00:04.000","0.7282973","0"
"2025-06-13 20:15:04.000","0.41874224","0"
"2025-06-13 20:30:04.000","0.3542669","0"
"2025-06-13 20:45:04.000","0.36021385","0"
"2025-06-13 21:00:04.000","0.5916562","0"
"2025-06-13 21:15:04.000","0.6797185","0"
"2025-06-13 21:30:04.000","0.76280344","0"
"2025-06-13 21:45:04.000","0.8503388","0"
"2025-06-13 22:00:04.000","0.87622833","0"
"2025-06-13 22:15:04.000","0.7680026","0"
"2025-06-13 22:30:04.000","1.0423244","0"
"2025-06-13 22:45:04.000","1.1180114","0"
"2025-06-13 23:00:04.000","1.1281282","0"
"2025-06-13 23:15:04.000","1.2246217","0"
"2025-06-13 23:30:04.000","1.2496405","0"
"2025-06-13 23:45:04.000","1.2150807","0"
"2025-06-14 00:00:04.000","1.0896285","0"
"2025-06-14 00:15:04.000","1.1158289","0"
"2025-06-14 00:30:04.000","1.0719875","0"
"2025-06-14 00:45:04.000","0.9970046","0"
"2025-06-14 01:00:04.000","1.019002","0"
"2025-06-14 01:15:04.000","0.8667901","0"
"2025-06-14 01:30:04.000","0.6072306","0"
"2025-06-14 01:45:04.000","0.57121366","0"
"2025-06-14 02:00:04.000","0.46091756","0"
"2025-06-14 02:15:04.000","0.3803012","0"
"2025-06-14 02:30:04.000","0.33179814","0"
"2025-06-14 02:45:05.000","0.20205444","0"
"2025-06-14 03:00:04.000","0.2319483","0"
"2025-06-14 03:15:04.000","0.23593433","0"
"2025-06-14 03:30:04.000","0.16351761","0"
"2025-06-14 03:45:05.000","0.07840918","0"
"2025-06-14 04:00:05.000","0.057271294","0"
"2025-06-14 04:15:05.000","0.08561541","0"
"2025-06-14 04:30:05.000","0.12903488","0"
"2025-06-14 04:45:05.000","0.2573869","0"
"2025-06-14 05:00:05.000","0.2652433","0"
"2025-06-14 05:15:05.000","0.39041522","0"
"2025-06-14 05:30:05.000","0.40520245","0"
"2025-06-14 05:45:05.000","0.38679326","0"
"2025-06-14 06:00:05.000","0.4140048","0"
"2025-06-14 06:15:05.000","0.39450857","0"
"2025-06-14 06:30:05.000","0.36266378","0"
"2025-06-14 06:45:05.000","0.24840292","0"
"2025-06-14 07:00:05.000","0.13288341","0"
"2025-06-14 07:15:05.000","0.10340697","0"
"2025-06-14 07:30:05.000","0.13618003","0"
"2025-06-14 07:45:05.000","0.08980535","0"
"2025-06-14 08:00:05.000","0.15132087","0"
"2025-06-14 08:15:05.000","0.16440193","0"
"2025-06-14 08:30:05.000","0.13862179","0"
"2025-06-14 08:45:05.000","0.1237942","0"
"2025-06-14 09:00:05.000","0.10604244","0"
"2025-06-14 09:15:05.000","0.040804416","0"
"2025-06-14 09:30:05.000","0.13970327","0"
"2025-06-14 09:45:05.000","0.101872474","0"
"2025-06-14 10:00:05.000","0.0647611","0"
"2025-06-14 10:15:05.000","0.09714423","0"
"2025-06-14 10:30:05.000","0.06451357","0"
"2025-06-14 10:45:05.000","0.14871787","0"
"2025-06-14 11:00:05.000","0.27779487","0"
"2025-06-14 11:15:05.000","0.2804015","0"
"2025-06-14 11:30:05.000","0.13184841","0"
"2025-06-14 11:45:05.000","0.120332874","0"
"2025-06-14 12:00:05.000","0.21829566","0"
"2025-06-14 12:15:05.000","0.2694532","0"
"2025-06-14 12:30:05.000","0.45262456","0"
"2025-06-14 12:45:05.000","0.7161005","0"
"2025-06-14 13:00:05.000","0.8581212","0"
"2025-06-14 13:15:05.000","0.9144665","0"
"2025-06-14 13:30:04.000","1.0203438","0"
"2025-06-14 13:45:04.000","1.1937143","0"
"2025-06-14 14:00:04.000","1.4090469","0"
"2025-06-14 14:15:04.000","1.4689867","0"
"2025-06-14 14:30:04.000","1.5622356","0"
"2025-06-14 14:45:04.000","1.1801865","0"
"2025-06-14 15:00:04.000","1.200752","0"
"2025-06-14 15:15:04.000","1.4471866","0"
"2025-06-14 15:30:04.000","1.6043173","0"
"2025-06-14 15:45:04.000","1.4192542","0"
"2025-06-14 16:00:04.000","1.501898","0"
"2025-06-14 16:15:04.000","1.5575191","0"
"2025-06-14 16:30:04.000","1.6813188","0"
"2025-06-14 16:45:04.000","1.7456421","0"
"2025-06-14 17:00:04.000","1.781577","0"
"2025-06-14 17:15:04.000","1.7814292","0"
"2025-06-14 17:30:04.000","1.7581564","0"
"2025-06-14 17:45:04.000","1.7481158","0"
"2025-06-14 18:00:04.000","1.6779877","0"
"2025-06-14 18:15:04.000","1.6241784","0"
"2025-06-14 18:30:04.000","1.4957705","0"
"2025-06-14 18:45:04.000","1.4126076","0"
"2025-06-14 19:00:04.000","1.2942492","0"
"2025-06-14 19:15:04.000","1.1130732","0"
"2025-06-14 19:30:04.000","0.85278374","0"
"2025-06-14 19:45:04.000","0.5114548","0"
"2025-06-14 20:00:04.000","0.109252006","0"
"2025-06-14 20:15:04.000","0.2061553","0"
"2025-06-14 20:30:04.000","0.70017856","0"
"2025-06-14 20:45:04.000","0.6439332","0"
"2025-06-14 21:00:04.000","0.35264713","0"
"2025-06-14 21:15:04.000","0.3550352","0"
"2025-06-14 21:30:04.000","0.38407943","0"
"2025-06-14 21:45:04.000","0.4516248","0"
"2025-06-14 22:00:04.000","0.52667266","0"
"2025-06-14 22:15:04.000","0.5861945","0"
"2025-06-14 22:30:04.000","0.63763624","0"
"2025-06-14 22:45:04.000","0.72803974","0"
"2025-06-14 23:00:04.000","0.7733312","0"
"2025-06-14 23:15:04.000","0.7682819","0"
"2025-06-14 23:30:04.000","0.85398483","0"
"2025-06-14 23:45:04.000","0.96449846","0"
"2025-06-15 00:00:04.000","0.9290344","0"
"2025-06-15 00:15:04.000","0.9400022","0"
"2025-06-15 00:30:04.000","0.93551385","0"
"2025-06-15 00:45:04.000","0.8801006","0"
"2025-06-15 01:00:04.000","0.89800227","0"
"2025-06-15 01:15:04.000","0.834","0"
"2025-06-15 01:30:04.000","0.8530844","0"
"2025-06-15 01:45:04.000","0.65103763","0"
"2025-06-15 02:00:04.000","0.70443875","0"
"2025-06-15 02:15:04.000","0.5932833","0"
"2025-06-15 02:30:04.000","0.5053008","0"
"2025-06-15 02:45:04.000","0.3466324","0"
"2025-06-15 03:00:04.000","0.351973","0"
"2025-06-15 03:15:04.000","0.17364909","0"
"2025-06-15 03:30:04.000","0.271249","0"
"2025-06-15 03:45:04.000","0.17647949","0"
"2025-06-15 04:00:04.000","0.15253197","0"
"2025-06-15 04:15:04.000","0.073979735","0"
"2025-06-15 04:30:04.000","0.043566044","0"
"2025-06-15 04:45:04.000","0.067955874","0"
"2025-06-15 05:00:04.000","0.06419502","0"
"2025-06-15 05:15:04.000","0.110353984","0"
"2025-06-15 05:30:04.000","0.17455372","0"
"2025-06-15 05:45:04.000","0.37682492","0"
"2025-06-15 06:00:04.000","0.4420916","0"
"2025-06-15 06:15:04.000","0.3750467","0"
"2025-06-15 06:30:04.000","0.3444778","0"
"2025-06-15 06:45:04.000","0.3066154","0"
"2025-06-15 07:00:04.000","0.2577693","0"
"2025-06-15 07:15:04.000","0.22360012","0"
"2025-06-15 07:30:04.000","0.20871034","0"
"2025-06-15 07:45:04.000","0.18027757","0"
"2025-06-15 08:00:04.000","0.16995588","0"
"2025-06-15 08:15:05.000","0.18462123","0"
"2025-06-15 08:30:04.000","0.14877164","0"
"2025-06-15 08:45:05.000","0.0825409","0"
"2025-06-15 09:00:05.000","0.03929377","0"
"2025-06-15 09:15:05.000","0.038","0"
"2025-06-15 09:30:05.000","0.03328664","0"
"2025-06-15 09:45:05.000","0.07494665","0"
"2025-06-15 10:00:05.000","0.15868522","0"
"2025-06-15 10:15:05.000","0.16464812","0"
"2025-06-15 10:30:05.000","0.12020815","0"
"2025-06-15 10:45:05.000","0.094","0"
"2025-06-15 11:00:05.000","0.056859475","0"
"2025-06-15 11:15:05.000","0.1127209","0"
"2025-06-15 11:30:05.000","0.19019201","0"
"2025-06-15 11:45:05.000","0.26307794","0"
"2025-06-15 12:00:05.000","0.24334748","0"
"2025-06-15 12:15:05.000","0.20859769","0"
"2025-06-15 12:30:05.000","0.12314624","0"
"2025-06-15 12:45:05.000","0.16909465","0"
"2025-06-15 13:00:05.000","0.22641778","0"
"2025-06-15 13:15:05.000","0.3206899","0"
"2025-06-15 13:30:05.000","0.48607197","0"
"2025-06-15 13:45:05.000","0.84260786","0"
"2025-06-15 14:00:05.000","0.8395201","0"
"2025-06-15 14:15:05.000","0.92243654","0"
"2025-06-15 14:30:05.000","1.0752655","0"
"2025-06-15 14:45:05.000","0.9918237","0"
"2025-06-15 15:00:05.000","1.2704936","0"
"2025-06-15 15:15:05.000","1.3958571","0"
"2025-06-15 15:30:05.000","1.3714374","0"
"2025-06-15 15:45:05.000","1.3492533","0"
"2025-06-15 16:00:05.000","1.2179774","0"
"2025-06-15 16:15:05.000","1.2313411","0"
"2025-06-15 16:30:05.000","1.293127","0"
"2025-06-15 16:45:05.000","1.4603629","0"
"2025-06-15 17:00:05.000","1.4826372","0"
"2025-06-15 17:15:05.000","1.5385854","0"
"2025-06-15 17:30:05.000","1.5818324","0"
"2025-06-15 17:45:05.000","1.5920817","0"
"2025-06-15 18:00:05.000","1.5722145","0"
"2025-06-15 18:15:05.000","1.5580096","0"
"2025-06-15 18:30:05.000","1.5983245","0"
"2025-06-15 18:45:05.000","1.5429728","0"
"2025-06-15 19:00:04.000","1.4901344","0"
"2025-06-15 19:15:04.000","1.37742","0"
"2025-06-15 19:30:04.000","1.2332956","0"
"2025-06-15 19:45:04.000","1.0947405","0"
"2025-06-15 20:00:04.000","0.8690898","0"
"2025-06-15 20:15:04.000","0.58030766","0"
"2025-06-15 20:30:04.000","0.17099999","0"
"2025-06-15 20:45:04.000","0.2217589","0"
"2025-06-15 21:00:04.000","0.572291","0"
"2025-06-15 21:15:04.000","0.576092","0"
"2025-06-15 21:30:04.000","0.40428206","0"
"2025-06-15 21:45:04.000","0.3757193","0"
"2025-06-15 22:00:04.000","0.4075205","0"
"2025-06-15 22:15:04.000","0.5286484","0"
"2025-06-15 22:30:04.000","0.4419559","0"
"2025-06-15 22:45:04.000","0.52512956","0"
"2025-06-15 23:00:04.000","0.6744546","0"
"2025-06-15 23:15:04.000","0.69277555","0"
"2025-06-15 23:30:04.000","0.72677714","0"
"2025-06-15 23:45:04.000","0.70144504","0"
"2025-06-16 00:00:04.000","0.8348803","0"
"2025-06-16 00:15:04.000","0.8566358","0"
"2025-06-16 00:30:04.000","0.81198585","0"
"2025-06-16 00:45:04.000","0.76718843","0"
"2025-06-16 01:00:04.000","0.99200207","0"
"2025-06-16 01:15:04.000","0.8824767","0"
"2025-06-16 01:30:04.000","0.9526474","0"
"2025-06-16 01:45:04.000","0.90419966","0"
"2025-06-16 02:00:04.000","0.8133253","0"
"2025-06-16 02:15:04.000","0.79932475","0"
"2025-06-16 02:30:04.000","0.68623614","0"
"2025-06-16 02:45:04.000","0.6246735","0"
"2025-06-16 03:00:04.000","0.5312043","0"
"2025-06-16 03:15:04.000","0.28338668","0"
"2025-06-16 03:30:04.000","0.33403742","0"
"2025-06-16 03:45:04.000","0.3649233","0"
"2025-06-16 04:00:04.000","0.25035372","0"
"2025-06-16 04:15:04.000","0.15028307","0"
"2025-06-16 04:30:04.000","0.14567432","0"
"2025-06-16 04:45:04.000","0.14412841","0"
"2025-06-16 05:00:04.000","0.15023315","0"
"2025-06-16 05:15:04.000","0.19501027","0"
"2025-06-16 05:30:04.000","0.40757826","0"
"2025-06-16 05:45:04.000","0.446652","0"
"2025-06-16 06:00:04.000","0.32259265","0"
"2025-06-16 06:15:04.000","0.22432122","0"
"2025-06-16 06:30:04.000","0.22271283","0"
"2025-06-16 06:45:04.000","0.2673462","0"
"2025-06-16 07:00:04.000","0.46248135","0"
"2025-06-16 07:15:04.000","0.6225271","0"
"2025-06-16 07:30:04.000","0.5812487","0"
"2025-06-16 07:45:04.000","0.62177163","0"
"2025-06-16 08:00:04.000","0.45937026","0"
"2025-06-16 08:15:04.000","0.44276404","0"
"2025-06-16 08:30:04.000","0.42728564","0"
"2025-06-16 08:45:04.000","0.2839754","0"
"2025-06-16 09:00:04.000","0.20999047","0"
"2025-06-16 09:15:04.000","0.16346562","0"
"2025-06-16 09:30:04.000","0.15035956","0"
"2025-06-16 09:45:04.000","0.07543209","0"
"2025-06-16 10:00:04.000","0.056293868","0"
"2025-06-16 10:15:04.000","0.13962807","0"
"2025-06-16 10:30:04.000","0.10820814","0"
"2025-06-16 10:45:04.000","0.15901259","0"
"2025-06-16 11:00:04.000","0.10594809","0"
"2025-06-16 11:15:04.000","0.08168844","0"
"2025-06-16 11:30:04.000","0.047885273","0"
"2025-06-16 11:45:04.000","0.071021125","0"
"2025-06-16 12:00:04.000","0.10473777","0"
"2025-06-16 12:15:04.000","0.06312685","0"
"2025-06-16 12:30:04.000","0.09626006","0"
"2025-06-16 12:45:04.000","0.050009996","0"
"2025-06-16 13:00:04.000","0.09080198","0"
"2025-06-16 13:15:05.000","0.22886898","0"
"2025-06-16 13:30:04.000","0.43180206","0"
"2025-06-16 13:45:04.000","0.48520714","0"
"2025-06-16 14:00:04.000","0.5112621","0"
"2025-06-16 14:15:04.000","0.527091","0"
"2025-06-16 14:30:04.000","0.5874803","0"
"2025-06-16 14:45:05.000","0.6396882","0"
"2025-06-16 15:00:05.000","0.676932","0"
"2025-06-16 15:15:05.000","0.8264877","0"
"2025-06-16 15:30:05.000","0.89730316","0"
"2025-06-16 15:45:05.000","0.9309458","0"
"2025-06-16 16:00:05.000","1.027133","0"
"2025-06-16 16:15:05.000","0.96916056","0"
"2025-06-16 16:30:05.000","0.95421636","0"
"2025-06-16 16:45:05.000","1.0276343","0"
"2025-06-16 17:00:05.000","1.1202089","0"
"2025-06-16 17:15:05.000","1.1691397","0"
"2025-06-16 17:30:05.000","1.2172055","0"
"2025-06-16 17:45:05.000","1.2634634","0"
"2025-06-16 18:00:05.000","1.3485667","0"
"2025-06-16 18:15:05.000","1.3622221","0"
"2025-06-16 18:30:05.000","1.3777292","0"
"2025-06-16 18:45:05.000","1.4195945","0"
"2025-06-16 19:00:05.000","1.5869448","0"
"2025-06-16 19:15:05.000","1.5229185","0"
"2025-06-16 19:30:05.000","1.3632023","0"
"2025-06-16 19:45:05.000","1.2869321","0"
"2025-06-16 20:00:05.000","1.1491224","0"
"2025-06-16 20:15:05.000","1.0162348","0"
"2025-06-16 20:30:05.000","0.8159866","0"
"2025-06-16 20:45:05.000","0.5931518","0"
"2025-06-16 21:00:05.000","0.30429095","0"
"2025-06-16 21:15:05.000","0.1665323","0"
"2025-06-16 21:30:05.000","0.31202564","0"
"2025-06-16 21:45:05.000","0.5487331","0"
"2025-06-16 22:00:05.000","0.5632372","0"
"2025-06-16 22:15:05.000","0.30432224","0"
"2025-06-16 22:30:05.000","0.38051808","0"
"2025-06-16 22:45:05.000","0.40235555","0"
"2025-06-16 23:00:05.000","0.42735112","0"
"2025-06-16 23:15:05.000","0.42276472","0"
"2025-06-16 23:30:05.000","0.43303576","0"
"2025-06-16 23:45:05.000","0.61881906","0"
"2025-06-17 00:00:05.000","0.75895196","0"
"2025-06-17 00:15:05.000","0.8010157","0"
"2025-06-17 00:30:05.000","0.67739064","0"
"2025-06-17 00:45:04.000","0.8721857","0"
"2025-06-17 01:00:04.000","0.6371224","0"
"2025-06-17 01:15:04.000","0.980025","0"
"2025-06-17 01:30:04.000","0.8980452","0"
"2025-06-17 01:45:04.000","1.0440004","0"
"2025-06-17 02:00:04.000","0.8856151","0"
"2025-06-17 02:15:04.000","0.9024661","0"
"2025-06-17 02:30:04.000","0.7968595","0"
"2025-06-17 02:45:04.000","0.8354975","0"
"2025-06-17 03:00:04.000","0.71191716","0"
"2025-06-17 03:15:04.000","0.50489604","0"
"2025-06-17 03:30:04.000","0.44222733","0"
"2025-06-17 03:45:04.000","0.25000802","0"
"2025-06-17 04:00:04.000","0.28110144","0"
"2025-06-17 04:15:04.000","0.18124019","0"
"2025-06-17 04:30:04.000","0.20850421","0"
"2025-06-17 04:45:04.000","0.14284258","0"
"2025-06-17 05:00:04.000","0.25519603","0"
"2025-06-17 05:15:04.000","0.23785712","0"
"2025-06-17 05:30:04.000","0.161524","0"
"2025-06-17 05:45:04.000","0.17541382","0"
"2025-06-17 06:00:04.000","0.18984205","0"
"2025-06-17 06:15:04.000","0.23819317","0"
"2025-06-17 06:30:04.000","0.3103627","0"
"2025-06-17 06:45:04.000","0.45790175","0"
"2025-06-17 07:00:04.000","0.58429533","0"
"2025-06-17 07:15:04.000","0.5631519","0"
"2025-06-17 07:30:04.000","0.76971745","0"
"2025-06-17 07:45:04.000","0.884943","0"
"2025-06-17 08:00:04.000","0.8182842","0"
"2025-06-17 08:15:04.000","0.78790855","0"
"2025-06-17 08:30:04.000","0.78023595","0"
"2025-06-17 08:45:04.000","0.72651094","0"
"2025-06-17 09:00:04.000","0.7969698","0"
"2025-06-17 09:15:04.000","0.54911655","0"
"2025-06-17 09:30:04.000","0.29826334","0"
"2025-06-17 09:45:04.000","0.22549723","0"
"2025-06-17 10:00:04.000","0.19450448","0"
"2025-06-17 10:15:04.000","0.21130076","0"
"2025-06-17 10:30:04.000","0.2012213","0"
"2025-06-17 10:45:04.000","0.11834272","0"
"2025-06-17 11:00:04.000","0.120440856","0"
"2025-06-17 11:15:04.000","0.10070253","0"
"2025-06-17 11:30:04.000","0.10560305","0"
"2025-06-17 11:45:04.000","0.112698704","0"
"2025-06-17 12:00:04.000","0.08769265","0"
"2025-06-17 12:15:04.000","0.08234684","0"
"2025-06-17 12:30:04.000","0.09066973","0"
"2025-06-17 12:45:04.000","0.080777474","0"
"2025-06-17 13:00:04.000","0.04237924","0"
"2025-06-17 13:15:04.000","0.098234415","0"
"2025-06-17 13:30:04.000","0.06519203","0"
"2025-06-17 13:45:04.000","0.08906739","0"
"2025-06-17 14:00:04.000","0.21312203","0"
"2025-06-17 14:15:04.000","0.28004465","0"
"2025-06-17 14:30:04.000","0.26641324","0"
"2025-06-17 14:45:04.000","0.21272752","0"
"2025-06-17 15:00:04.000","0.19246298","0"
"2025-06-17 15:15:04.000","0.23049513","0"
"2025-06-17 15:30:04.000","0.30408058","0"
"2025-06-17 15:45:04.000","0.47909185","0"
"2025-06-17 16:00:04.000","0.71611804","0"
"2025-06-17 16:15:04.000","0.81238985","0"
"2025-06-17 16:30:04.000","0.7473165","0"
"2025-06-17 16:45:04.000","0.75535226","0"
"2025-06-17 17:00:04.000","0.7123376","0"
"2025-06-17 17:15:04.000","0.76759696","0"
"2025-06-17 17:30:04.000","0.72126627","0"
"2025-06-17 17:45:04.000","0.8496316","0"
"2025-06-17 18:00:04.000","0.9179162","0"
"2025-06-17 18:15:04.000","0.999685","0"
"2025-06-17 18:30:05.000","1.0824049","0"
"2025-06-17 18:45:04.000","1.0628961","0"
"2025-06-17 19:00:04.000","1.112285","0"
"2025-06-17 19:15:04.000","1.1377205","0"
"2025-06-17 19:30:05.000","1.1566525","0"
"2025-06-17 19:45:04.000","1.0911961","0"
"2025-06-17 20:00:04.000","1.0795726","0"
"2025-06-17 20:15:05.000","1.061878","0"
"2025-06-17 20:30:05.000","0.99415547","0"
"2025-06-17 20:45:05.000","0.8596448","0"
"2025-06-17 21:00:05.000","0.6816106","0"
"2025-06-17 21:15:05.000","0.5081781","0"
"2025-06-17 21:30:05.000","0.23742792","0"
"2025-06-17 21:45:05.000","0.12912397","0"
"2025-06-17 22:00:05.000","0.24731557","0"
"2025-06-17 22:15:05.000","0.5160941","0"
"2025-06-17 22:30:05.000","0.49064952","0"
"2025-06-17 22:45:05.000","0.41968682","0"
"2025-06-17 23:00:05.000","0.42104277","0"
"2025-06-17 23:15:05.000","0.31835204","0"
"2025-06-17 23:30:05.000","0.4098256","0"
"2025-06-17 23:45:05.000","0.5338108","0"
"2025-06-18 00:00:05.000","0.6477076","0"
"2025-06-18 00:15:05.000","0.6407995","0"
"2025-06-18 00:30:05.000","0.7690937","0"
"2025-06-18 00:45:05.000","0.78986704","0"
"2025-06-18 01:00:05.000","0.85908383","0"
"2025-06-18 01:15:05.000","0.9083441","0"
"2025-06-18 01:30:05.000","0.9000005","0"
"2025-06-18 01:45:05.000","0.9971449","0"
"2025-06-18 02:00:05.000","1.0510576","0"
"2025-06-18 02:15:05.000","1.0795674","0"
"2025-06-18 02:30:05.000","1.0920554","0"
"2025-06-18 02:45:05.000","0.9990139","0"
"2025-06-18 03:00:05.000","0.8980067","0"
"2025-06-18 03:15:05.000","0.8023895","0"
"2025-06-18 03:30:05.000","0.7603709","0"
"2025-06-18 03:45:05.000","0.6930297","0"
"2025-06-18 04:00:05.000","0.5433682","0"
"2025-06-18 04:15:05.000","0.46637437","0"
"2025-06-18 04:30:05.000","0.48936895","0"
"2025-06-18 04:45:05.000","0.37412566","0"
"2025-06-18 05:00:05.000","0.29238504","0"
"2025-06-18 05:15:05.000","0.109165005","0"
"2025-06-18 05:30:05.000","0.4478236","0"
"2025-06-18 05:45:05.000","0.48166382","0"
"2025-06-18 06:00:05.000","0.45972607","0"
"2025-06-18 06:15:05.000","0.36889702","0"
"2025-06-18 06:30:05.000","0.32364184","0"
"2025-06-18 06:45:05.000","0.3261978","0"
"2025-06-18 07:00:05.000","0.34937802","0"
"2025-06-18 07:15:05.000","0.6011472","0"
"2025-06-18 07:30:04.000","0.85375637","0"
"2025-06-18 07:45:04.000","0.9352524","0"
"2025-06-18 08:00:04.000","0.9922994","0"
"2025-06-18 08:15:04.000","1.0170451","0"
"2025-06-18 08:30:04.000","1.0957103","0"
"2025-06-18 08:45:04.000","1.2479464","0"
"2025-06-18 09:00:04.000","1.2936249","0"
"2025-06-18 09:15:04.000","1.2275871","0"
"2025-06-18 09:30:04.000","1.1276174","0"
"2025-06-18 09:45:04.000","1.0595404","0"
"2025-06-18 10:00:04.000","0.9534008","0"
"2025-06-18 10:15:04.000","0.7243046","0"
"2025-06-18 10:30:04.000","0.6185961","0"
"2025-06-18 10:45:04.000","0.54462916","0"
"2025-06-18 11:00:04.000","0.43017325","0"
"2025-06-18 11:15:04.000","0.28762823","0"
"2025-06-18 11:30:04.000","0.21444812","0"
"2025-06-18 11:45:04.000","0.081154175","0"
"2025-06-18 12:00:04.000","0.17140596","0"
"2025-06-18 12:15:04.000","0.18613169","0"
"2025-06-18 12:30:04.000","0.13587126","0"
"2025-06-18 12:45:04.000","0.09082401","0"
"2025-06-18 13:00:04.000","0.07787811","0"
"2025-06-18 13:15:04.000","0.07940404","0"
"2025-06-18 13:30:04.000","0.0720139","0"
"2025-06-18 13:45:04.000","0.07003571","0"
"2025-06-18 14:00:04.000","0.06332457","0"
"2025-06-18 14:15:04.000","0.066887975","0"
"2025-06-18 14:30:04.000","0.08372575","0"
"2025-06-18 14:45:04.000","0.15654394","0"
"2025-06-18 15:00:04.000","0.21345961","0"
"2025-06-18 15:15:04.000","0.21760976","0"
"2025-06-18 15:30:04.000","0.1440868","0"
"2025-06-18 15:45:04.000","0.069462225","0"
"2025-06-18 16:00:04.000","0.3046112","0"
"2025-06-18 16:15:04.000","0.4914804","0"
"2025-06-18 16:30:04.000","0.585773","0"
"2025-06-18 16:45:04.000","0.5186107","0"
"2025-06-18 17:00:04.000","0.40322822","0"
"2025-06-18 17:15:04.000","0.27911466","0"
"2025-06-18 17:30:04.000","0.22912443","0"
"2025-06-18 17:45:04.000","0.296589","0"
"2025-06-18 18:00:04.000","0.42676926","0"
"2025-06-18 18:15:04.000","0.5217288","0"
"2025-06-18 18:30:04.000","0.7243681","0"
"2025-06-18 18:45:04.000","0.78402174","0"
"2025-06-18 19:00:04.000","0.7691301","0"
"2025-06-18 19:15:04.000","0.82525754","0"
"2025-06-18 19:30:04.000","0.8851988","0"
"2025-06-18 19:45:04.000","0.8336","0"
"2025-06-18 20:00:04.000","0.82303834","0"
"2025-06-18 20:15:04.000","0.8336937","0"
"2025-06-18 20:30:04.000","0.7878028","0"
"2025-06-18 20:45:04.000","0.71903396","0"
"2025-06-18 21:00:04.000","0.713785","0"
"2025-06-18 21:15:04.000","0.7064396","0"
"2025-06-18 21:30:04.000","0.64821374","0"
"2025-06-18 21:45:04.000","0.47815064","0"
"2025-06-18 22:00:04.000","0.33352962","0"
"2025-06-18 22:15:04.000","0.16324829","0"
"2025-06-18 22:30:04.000","0.12700394","0"
"2025-06-18 22:45:04.000","0.21612269","0"
"2025-06-18 23:00:04.000","0.35347706","0"
"2025-06-18 23:15:04.000","0.32897568","0"
"2025-06-18 23:30:04.000","0.27480358","0"
"2025-06-18 23:45:04.000","0.24493468","0"
"2025-06-19 00:00:04.000","0.30760527","0"
"2025-06-19 00:15:04.000","0.3323432","0"
"2025-06-19 00:30:04.000","0.3017052","0"
"2025-06-19 00:45:04.000","0.29492036","0"
"2025-06-19 01:00:04.000","0.431677","0"
"2025-06-19 01:15:04.000","0.4559233","0"
"2025-06-19 01:30:04.000","0.3963395","0"
"2025-06-19 01:45:04.000","0.5387281","0"
"2025-06-19 02:00:04.000","0.5560009","0"
"2025-06-19 02:15:04.000","0.71505666","0"
"2025-06-19 02:30:04.000","0.7440241","0"
"2025-06-19 02:45:04.000","0.76500064","0"
"2025-06-19 03:00:04.000","0.76602364","0"
"2025-06-19 03:15:04.000","0.7032844","0"
"2025-06-19 03:30:04.000","0.74430174","0"
"2025-06-19 03:45:04.000","0.71407706","0"
"2025-06-19 04:00:05.000","0.6112553","0"
"2025-06-19 04:15:04.000","0.57254523","0"
"2025-06-19 04:30:05.000","0.36704904","0"
"2025-06-19 04:45:05.000","0.39125696","0"
"2025-06-19 05:00:05.000","0.36619118","0"
"2025-06-19 05:15:05.000","0.14159803","0"
"2025-06-19 05:30:05.000","0.26857585","0"
"2025-06-19 05:45:05.000","0.28991723","0"
"2025-06-19 06:00:05.000","0.32393822","0"
"2025-06-19 06:15:05.000","0.30902594","0"
"2025-06-19 06:30:05.000","0.37572864","0"
"2025-06-19 06:45:05.000","0.37825915","0"
"2025-06-19 07:00:05.000","0.41942105","0"
"2025-06-19 07:15:05.000","0.4714245","0"
"2025-06-19 07:30:05.000","0.55789065","0"
"2025-06-19 07:45:05.000","0.7083735","0"
"2025-06-19 08:00:05.000","0.8528787","0"
"2025-06-19 08:15:05.000","0.84747267","0"
"2025-06-19 08:30:05.000","0.9767148","0"
"2025-06-19 08:45:05.000","1.1601349","0"
"2025-06-19 09:00:05.000","1.2681347","0"
"2025-06-19 09:15:05.000","1.1565502","0"
"2025-06-19 09:30:05.000","1.1470244","0"
"2025-06-19 09:45:05.000","1.3121649","0"
"2025-06-19 10:00:05.000","1.334658","0"
"2025-06-19 10:15:05.000","1.247734","0"
"2025-06-19 10:30:05.000","1.2042391","0"
"2025-06-19 10:45:05.000","1.1321948","0"
"2025-06-19 11:00:05.000","1.0199107","0"
"2025-06-19 11:15:05.000","0.921929","0"
"2025-06-19 11:30:05.000","0.76934403","0"
"2025-06-19 11:45:05.000","0.6565584","0"
"2025-06-19 12:00:05.000","0.4481518","0"
"2025-06-19 12:15:05.000","0.32571924","0"
"2025-06-19 12:30:05.000","0.20662045","0"
"2025-06-19 12:45:05.000","0.094541006","0"
"2025-06-19 13:00:05.000","0.12314626","0"
"2025-06-19 13:15:05.000","0.17390804","0"
"2025-06-19 13:30:05.000","0.18406793","0"
"2025-06-19 13:45:04.000","0.21440151","0"
"2025-06-19 14:00:04.000","0.177792","0"
"2025-06-19 14:15:04.000","0.32952085","0"
"2025-06-19 14:30:04.000","0.2201318","0"
"2025-06-19 14:45:04.000","0.283","0"
"2025-06-19 15:00:04.000","0.18569061","0"
"2025-06-19 15:15:04.000","0.20055175","0"
"2025-06-19 15:30:04.000","0.2853945","0"
"2025-06-19 15:45:04.000","0.11236102","0"
"2025-06-19 16:00:04.000","0.08714356","0"
"2025-06-19 16:15:04.000","0.077","0"
"2025-06-19 16:30:04.000","0.06519203","0"
"2025-06-19 16:45:04.000","0.07061162","0"
"2025-06-19 17:00:04.000","0.05636489","0"
"2025-06-19 17:15:04.000","0.0828734","0"
"2025-06-19 17:30:04.000","0.060000002","0"
"2025-06-19 17:45:04.000","0.06239392","0"
"2025-06-19 18:00:04.000","0.078644775","0"
"2025-06-19 18:15:04.000","0.06983552","0"
"2025-06-19 18:30:04.000","0.12731457","0"
"2025-06-19 18:45:04.000","0.27920067","0"
"2025-06-19 19:00:04.000","0.45353833","0"
"2025-06-19 19:15:04.000","0.45092458","0"
"2025-06-19 19:30:04.000","0.50479","0"
"2025-06-19 19:45:04.000","0.46544605","0"
"2025-06-19 20:00:04.000","0.40206093","0"
"2025-06-19 20:15:04.000","0.3335206","0"
"2025-06-19 20:30:04.000","0.3551859","0"
"2025-06-19 20:45:04.000","0.36055514","0"
"2025-06-19 21:00:04.000","0.37652358","0"
"2025-06-19 21:15:04.000","0.3847623","0"
"2025-06-19 21:30:04.000","0.3491619","0"
"2025-06-19 21:45:04.000","0.3532436","0"
"2025-06-19 22:00:04.000","0.37542108","0"
"2025-06-19 22:15:04.000","0.37232375","0"
"2025-06-19 22:30:04.000","0.28263938","0"
"2025-06-19 22:45:04.000","0.24884737","0"
"2025-06-19 23:00:04.000","0.10916502","0"
"2025-06-19 23:15:04.000","0.27475446","0"
"2025-06-19 23:30:04.000","0.3304618","0"
"2025-06-19 23:45:04.000","0.39613762","0"
"2025-06-20 00:00:04.000","0.50412","0"
"2025-06-20 00:15:04.000","0.109931804","0"
"2025-06-20 00:30:04.000","0.13380957","0"
"2025-06-20 00:45:04.000","0.19795205","0"
"2025-06-20 01:00:04.000","0.24870867","0"
"2025-06-20 01:15:04.000","0.28400707","0"
"2025-06-20 01:30:04.000","0.2807775","0"
"2025-06-20 01:45:04.000","0.29167277","0"
"2025-06-20 02:00:04.000","0.46399674","0"
"2025-06-20 02:15:04.000","0.53203386","0"
"2025-06-20 02:30:04.000","0.44328886","0"
"2025-06-20 02:45:04.000","0.5205392","0"
"2025-06-20 03:00:04.000","0.51565593","0"
"2025-06-20 03:15:04.000","0.5240773","0"
"2025-06-20 03:30:04.000","0.68353343","0"
"2025-06-20 03:45:04.000","0.68689233","0"
"2025-06-20 04:00:04.000","0.65051985","0"
"2025-06-20 04:15:04.000","0.60369694","0"
"2025-06-20 04:30:04.000","0.6059042","0"
"2025-06-20 04:45:04.000","0.5173867","0"
"2025-06-20 05:00:04.000","0.538145","0"
"2025-06-20 05:15:04.000","0.3797104","0"
"2025-06-20 05:30:04.000","0.3619351","0"
"2025-06-20 05:45:04.000","0.25281024","0"
"2025-06-20 06:00:05.000","0.08450443","0"
"2025-06-20 06:15:04.000","0.33828983","0"
"2025-06-20 06:30:04.000","0.34983426","0"
"2025-06-20 06:45:04.000","0.28217903","0"
"2025-06-20 07:00:05.000","0.23346093","0"
"2025-06-20 07:15:05.000","0.2462235","0"
"2025-06-20 07:30:05.000","0.54605675","0"
"2025-06-20 07:45:05.000","0.50675535","0"
"2025-06-20 08:00:05.000","0.69794625","0"
"2025-06-20 08:15:05.000","0.70405966","0"
"2025-06-20 08:30:05.000","0.828059","0"
"2025-06-20 08:45:05.000","0.9057429","0"
"2025-06-20 09:00:05.000","1.1104639","0"
"2025-06-20 09:15:05.000","1.3823583","0"
"2025-06-20 09:30:05.000","1.4945905","0"
"2025-06-20 09:45:05.000","1.5467168","0"
"2025-06-20 10:00:05.000","1.5957748","0"
"2025-06-20 10:15:05.000","1.643015","0"
"2025-06-20 10:30:05.000","1.6376096","0"
"2025-06-20 10:45:05.000","1.5052475","0"
"2025-06-20 11:00:05.000","1.4456571","0"
"2025-06-20 11:15:05.000","1.4139115","0"
"2025-06-20 11:30:05.000","1.3064874","0"
"2025-06-20 11:45:05.000","1.2705355","0"
"2025-06-20 12:00:05.000","1.208368","0"
"2025-06-20 12:15:05.000","1.0390534","0"
"2025-06-20 12:30:05.000","0.976086","0"
"2025-06-20 12:45:05.000","0.8405249","0"
"2025-06-20 13:00:05.000","0.72469646","0"
"2025-06-20 13:15:05.000","0.42185903","0"
"2025-06-20 13:30:05.000","0.28476307","0"
"2025-06-20 13:45:05.000","0.16191973","0"
"2025-06-20 14:00:05.000","0.25825763","0"
"2025-06-20 14:15:05.000","0.28478765","0"
"2025-06-20 14:30:05.000","0.33871076","0"
"2025-06-20 14:45:05.000","0.22533755","0"
"2025-06-20 15:00:05.000","0.3513645","0"
"2025-06-20 15:15:05.000","0.25619522","0"
"2025-06-20 15:30:05.000","0.2518829","0"
"2025-06-20 15:45:05.000","0.31729007","0"
"2025-06-20 16:00:05.000","0.3906776","0"
"2025-06-20 16:15:05.000","0.35725898","0"
"2025-06-20 16:30:05.000","0.39645556","0"
"2025-06-20 16:45:05.000","0.46646976","0"
"2025-06-20 17:00:05.000","0.48127434","0"
"2025-06-20 17:15:05.000","0.48412603","0"
"2025-06-20 17:30:04.000","0.5210777","0"
"2025-06-20 17:45:04.000","0.4288823","0"
"2025-06-20 18:00:04.000","0.50072944","0"
"2025-06-20 18:15:04.000","0.48857555","0"
"2025-06-20 18:30:04.000","0.41298914","0"
"2025-06-20 18:45:04.000","0.3855036","0"
"2025-06-20 19:00:04.000","0.22768399","0"
"2025-06-20 19:15:04.000","0.2468765","0"
"2025-06-20 19:30:04.000","0.1815709","0"
"2025-06-20 19:45:04.000","0.12863126","0"
"2025-06-20 20:00:04.000","0.0941913","0"
"2025-06-20 20:15:04.000","0.038118236","0"
"2025-06-20 20:30:04.000","0.059808027","0"
"2025-06-20 20:45:04.000","0.06896376","0"
"2025-06-20 21:00:04.000","0.09454101","0"
"2025-06-20 21:15:04.000","0.17956895","0"
"2025-06-20 21:30:04.000","0.19746646","0"
"2025-06-20 21:45:04.000","0.19543287","0"
"2025-06-20 22:00:04.000","0.098412395","0"
"2025-06-20 22:15:04.000","0.13265368","0"
"2025-06-20 22:30:04.000","0.19563486","0"
"2025-06-20 22:45:04.000","0.16735591","0"
"2025-06-20 23:00:04.000","0.087000005","0"
"2025-06-20 23:15:04.000","0.09521031","0"
"2025-06-20 23:30:04.000","0.20527302","0"
"2025-06-20 23:45:04.000","0.25613472","0"
"2025-06-21 00:00:04.000","0.17773016","0"
"2025-06-21 00:15:04.000","0.10500478","0"
"2025-06-21 00:30:04.000","0.16426809","0"
"2025-06-21 00:45:04.000","0.21946296","0"
"2025-06-21 01:00:04.000","0.2481693","0"
"2025-06-21 01:15:04.000","0.32200933","0"
"2025-06-21 01:30:04.000","0.3388687","0"
"2025-06-21 01:45:04.000","0.32743397","0"
"2025-06-21 02:00:04.000","0.23988537","0"
"2025-06-21 02:15:04.000","0.23516169","0"
"2025-06-21 02:30:04.000","0.3260138","0"
"2025-06-21 02:45:04.000","0.44504046","0"
"2025-06-21 03:00:04.000","0.48341805","0"
"2025-06-21 03:15:04.000","0.5171895","0"
"2025-06-21 03:30:04.000","0.4723823","0"
"2025-06-21 03:45:04.000","0.5410693","0"
"2025-06-21 04:00:04.000","0.4825536","0"
"2025-06-21 04:15:04.000","0.494171","0"
"2025-06-21 04:30:04.000","0.507141","0"
"2025-06-21 04:45:04.000","0.4626759","0"
"2025-06-21 05:00:04.000","0.39561218","0"
"2025-06-21 05:15:04.000","0.4100305","0"
"2025-06-21 05:30:04.000","0.33442646","0"
"2025-06-21 05:45:04.000","0.372607","0"
"2025-06-21 06:00:04.000","0.26721716","0"
"2025-06-21 06:15:04.000","0.13613227","0"
"2025-06-21 06:30:04.000","0.120266385","0"
"2025-06-21 06:45:04.000","0.12835108","0"
"2025-06-21 07:00:04.000","0.38881487","0"
"2025-06-21 07:15:04.000","0.73544","0"
"2025-06-21 07:30:04.000","0.8943042","0"
"2025-06-21 07:45:04.000","0.79132366","0"
"2025-06-21 08:00:04.000","0.6356885","0"
"2025-06-21 08:15:04.000","0.7129684","0"
"2025-06-21 08:30:04.000","0.86856675","0"
"2025-06-21 08:45:04.000","1.0683979","0"
"2025-06-21 09:00:04.000","1.1936536","0"
"2025-06-21 09:15:04.000","1.3805543","0"
"2025-06-21 09:30:04.000","1.5524526","0"
"2025-06-21 09:45:04.000","1.3200731","0"
"2025-06-21 10:00:04.000","1.3802048","0"
"2025-06-21 10:15:04.000","1.3693374","0"
"2025-06-21 10:30:04.000","1.528184","0"
"2025-06-21 10:45:04.000","1.5241514","0"
"2025-06-21 11:00:04.000","1.730482","0"
"2025-06-21 11:15:04.000","1.8039608","0"
"2025-06-21 11:30:05.000","1.7664846","0"
"2025-06-21 11:45:04.000","1.7067052","0"
"2025-06-21 12:00:05.000","1.7183923","0"
"2025-06-21 12:15:05.000","1.6600418","0"
"2025-06-21 12:30:05.000","1.5345391","0"
"2025-06-21 12:45:05.000","1.5514872","0"
"2025-06-21 13:00:05.000","1.4276011","0"
"2025-06-21 13:15:05.000","1.2984707","0"
"2025-06-21 13:30:05.000","1.1185405","0"
"2025-06-21 13:45:05.000","0.98628443","0"
"2025-06-21 14:00:05.000","0.8042899","0"
"2025-06-21 14:15:05.000","0.6017749","0"
"2025-06-21 14:30:05.000","0.33182076","0"
"2025-06-21 14:45:05.000","0.18676186","0"
"2025-06-21 15:00:05.000","0.44500002","0"
"2025-06-21 15:15:05.000","0.6393701","0"
"2025-06-21 15:30:05.000","0.3788113","0"
"2025-06-21 15:45:05.000","0.399362","0"
"2025-06-21 16:00:05.000","0.52234286","0"
"2025-06-21 16:15:05.000","0.30472448","0"
"2025-06-21 16:30:05.000","0.3990802","0"
"2025-06-21 16:45:05.000","0.30807957","0"
"2025-06-21 17:00:05.000","0.35444748","0"
"2025-06-21 17:15:05.000","0.5256806","0"
"2025-06-21 17:30:05.000","0.43216664","0"
"2025-06-21 17:45:05.000","0.42014402","0"
"2025-06-21 18:00:05.000","0.43111598","0"
"2025-06-21 18:15:05.000","0.31545842","0"
"2025-06-21 18:30:05.000","0.89757055","0"
"2025-06-21 18:45:05.000","0.34098825","0"
"2025-06-21 19:00:05.000","0.46290502","0"
"2025-06-21 19:15:05.000","0.286028","0"
"2025-06-21 19:30:05.000","0.6639766","0"
"2025-06-21 19:45:05.000","0.48166376","0"
"2025-06-21 20:00:05.000","0.3016637","0"
"2025-06-21 20:15:05.000","0.41012198","0"
"2025-06-21 20:30:05.000","0.24959569","0"
"2025-06-21 20:45:05.000","0.3188636","0"
"2025-06-21 21:00:05.000","0.23067077","0"
"2025-06-21 21:15:05.000","0.21408643","0"
"2025-06-21 21:30:05.000","0.18338211","0"
"2025-06-21 21:45:05.000","0.2680392","0"
"2025-06-21 22:00:05.000","0.1938479","0"
"2025-06-21 22:15:05.000","0.13000001","0"
"2025-06-21 22:30:04.000","0.09479452","0"
"2025-06-21 22:45:04.000","0.05964059","0"
"2025-06-21 23:00:04.000","0.051623635","0"
"2025-06-21 23:15:04.000","0.047675993","0"
"2025-06-21 23:30:04.000","0.038078867","0"
"2025-06-21 23:45:04.000","0.093150415","0"
"2025-06-22 00:00:04.000","0.13072874","0"
"2025-06-22 00:15:04.000","0.16122654","0"
"2025-06-22 00:30:04.000","0.18989734","0"
"2025-06-22 00:45:04.000","0.20125856","0"
"2025-06-22 01:00:04.000","0.21335419","0"
"2025-06-22 01:15:04.000","0.11723907","0"
"2025-06-22 01:30:04.000","0.12509999","0"
"2025-06-22 01:45:04.000","0.10394229","0"
"2025-06-22 02:00:04.000","0.17792414","0"
"2025-06-22 02:15:04.000","0.49206206","0"
"2025-06-22 02:30:04.000","0.45113638","0"
"2025-06-22 02:45:04.000","0.54718554","0"
"2025-06-22 03:00:04.000","0.46658865","0"
"2025-06-22 03:15:04.000","0.4029057","0"
"2025-06-22 03:30:04.000","0.41754162","0"
"2025-06-22 03:45:04.000","0.6013003","0"
"2025-06-22 04:00:04.000","0.6454843","0"
"2025-06-22 04:15:04.000","0.8070303","0"
"2025-06-22 04:30:04.000","0.5691722","0"
"2025-06-22 04:45:04.000","0.6147821","0"
"2025-06-22 05:00:04.000","0.59321576","0"
"2025-06-22 05:15:04.000","0.452345","0"
"2025-06-22 05:30:04.000","0.353617","0"
"2025-06-22 05:45:04.000","0.14453372","0"
"2025-06-22 06:00:04.000","0.10371113","0"
"2025-06-22 06:15:04.000","0.097943865","0"
"2025-06-22 06:30:04.000","0.12969194","0"
"2025-06-22 06:45:04.000","0.2024253","0"
"2025-06-22 07:00:04.000","0.13869752","0"
"2025-06-22 07:15:04.000","0.18422812","0"
"2025-06-22 07:30:04.000","0.3278323","0"
"2025-06-22 07:45:04.000","0.3592214","0"
"2025-06-22 08:00:04.000","0.5858669","0"
"2025-06-22 08:15:04.000","0.74263453","0"
"2025-06-22 08:30:04.000","0.7227372","0"
"2025-06-22 08:45:04.000","0.8976826","0"
"2025-06-22 09:00:04.000","1.0331023","0"
"2025-06-22 09:15:04.000","1.1404719","0"
"2025-06-22 09:30:04.000","1.2474102","0"
"2025-06-22 09:45:04.000","1.4086945","0"
"2025-06-22 10:00:04.000","1.5415452","0"
"2025-06-22 10:15:04.000","1.6828609","0"
"2025-06-22 10:30:04.000","1.7423118","0"
"2025-06-22 10:45:04.000","1.8770174","0"
"2025-06-22 11:00:04.000","2.076106","0"
"2025-06-22 11:15:04.000","1.7465409","0"
"2025-06-22 11:30:04.000","1.7711748","0"
"2025-06-22 11:45:04.000","1.8362569","0"
"2025-06-22 12:00:04.000","1.8450407","0"
"2025-06-22 12:15:04.000","1.8656003","0"
"2025-06-22 12:30:04.000","1.6931537","0"
"2025-06-22 12:45:04.000","1.8329787","0"
"2025-06-22 13:00:04.000","1.7323142","0"
"2025-06-22 13:15:04.000","1.674854","0"
"2025-06-22 13:30:04.000","1.697755","0"
"2025-06-22 13:45:04.000","1.4993696","0"
"2025-06-22 14:00:04.000","1.6752553","0"
"2025-06-22 14:15:04.000","1.5280327","0"
"2025-06-22 14:30:04.000","1.301028","0"
"2025-06-22 14:45:04.000","1.1179986","0"
"2025-06-22 15:00:04.000","0.8821757","0"
"2025-06-22 15:15:04.000","0.56757116","0"
"2025-06-22 15:30:04.000","0.16131027","0"
"2025-06-22 15:45:04.000","0.25118122","0"
"2025-06-22 16:00:05.000","0.5601607","0"
"2025-06-22 16:15:04.000","0.6687817","0"
"2025-06-22 16:30:04.000","0.34331325","0"
"2025-06-22 16:45:04.000","0.3376581","0"
"2025-06-22 17:00:05.000","0.33854097","0"
"2025-06-22 17:15:04.000","0.39982498","0"
"2025-06-22 17:30:05.000","0.47928804","0"
"2025-06-22 17:45:05.000","0.49374583","0"
"2025-06-22 18:00:05.000","0.6632843","0"
"2025-06-22 18:15:05.000","0.64694744","0"
"2025-06-22 18:30:05.000","0.7370327","0"
"2025-06-22 18:45:05.000","0.887036","0"
"2025-06-22 19:00:05.000","0.8770206","0"
"2025-06-22 19:15:05.000","0.92906505","0"
"2025-06-22 19:30:05.000","0.9111236","0"
"2025-06-22 19:45:05.000","0.8871933","0"
"2025-06-22 20:00:05.000","0.9072205","0"
"2025-06-22 20:15:05.000","0.76806504","0"
"2025-06-22 20:30:05.000","0.7486013","0"
"2025-06-22 20:45:05.000","0.643308","0"
"2025-06-22 21:00:05.000","0.5177065","0"
"2025-06-22 21:15:05.000","0.39881447","0"
"2025-06-22 21:30:05.000","0.44540882","0"
"2025-06-22 21:45:05.000","0.19070657","0"
"2025-06-22 22:00:05.000","0.1944865","0"
"2025-06-22 22:15:05.000","0.20718347","0"
"2025-06-22 22:30:05.000","0.119854085","0"
"2025-06-22 22:45:05.000","0.16019988","0"
"2025-06-22 23:00:05.000","0.13485177","0"
"2025-06-22 23:15:05.000","0.1411276","0"
"2025-06-22 23:30:05.000","0.13170043","0"
"2025-06-22 23:45:05.000","0.12035366","0"
"2025-06-23 00:00:05.000","0.083600245","0"
"2025-06-23 00:15:05.000","0.30123082","0"
"2025-06-23 00:30:05.000","0.14534444","0"
"2025-06-23 00:45:05.000","0.16323297","0"
"2025-06-23 01:00:05.000","0.0805295","0"
"2025-06-23 01:15:05.000","0.16198765","0"
"2025-06-23 01:30:05.000","0.122527555","0"
"2025-06-23 01:45:05.000","0.10783784","0"
"2025-06-23 02:00:05.000","0.12500401","0"
"2025-06-23 02:15:05.000","0.17046995","0"
"2025-06-23 02:30:05.000","0.14808106","0"
"2025-06-23 02:45:05.000","0.07249828","0"
"2025-06-23 03:00:05.000","0.19260581","0"
"2025-06-23 03:15:05.000","0.30265492","0"
"2025-06-23 03:30:05.000","0.29962814","0"
"2025-06-23 03:45:05.000","0.20400982","0"
"2025-06-23 04:00:05.000","0.15705097","0"
"2025-06-23 04:15:05.000","0.41696525","0"
"2025-06-23 04:30:04.000","0.41716304","0"
"2025-06-23 04:45:04.000","0.47812238","0"
"2025-06-23 05:00:04.000","0.4128353","0"
"2025-06-23 05:15:04.000","0.40859762","0"
"2025-06-23 05:30:04.000","0.4453639","0"
"2025-06-23 05:45:04.000","0.32144207","0"
"2025-06-23 06:00:04.000","0.42826745","0"
"2025-06-23 06:15:04.000","0.37521327","0"
"2025-06-23 06:30:04.000","0.16122654","0"
"2025-06-23 06:45:04.000","0.1610497","0"
"2025-06-23 07:00:04.000","0.20631288","0"
"2025-06-23 07:15:04.000","0.12940247","0"
"2025-06-23 07:30:04.000","0.09970456","0"
"2025-06-23 07:45:04.000","0.20582761","0"
"2025-06-23 08:00:04.000","0.27317762","0"
"2025-06-23 08:15:04.000","0.3204138","0"
"2025-06-23 08:30:04.000","0.3532733","0"
"2025-06-23 08:45:04.000","0.53215224","0"
"2025-06-23 09:00:04.000","0.6896557","0"
"2025-06-23 09:15:04.000","0.89353466","0"
"2025-06-23 09:30:04.000","0.892836","0"
"2025-06-23 09:45:04.000","0.9700238","0"
"2025-06-23 10:00:04.000","1.0216522","0"
"2025-06-23 10:15:04.000","1.1701885","0"
"2025-06-23 10:30:04.000","1.3240238","0"
"2025-06-23 10:45:04.000","1.4856732","0"
"2025-06-23 11:00:04.000","1.6247687","0"
"2025-06-23 11:15:04.000","1.3124306","0"
"2025-06-23 11:30:04.000","1.7058374","0"
"2025-06-23 11:45:04.000","1.7618266","0"
"2025-06-23 12:00:04.000","1.8050935","0"
"2025-06-23 12:15:04.000","1.4645466","0"
"2025-06-23 12:30:04.000","1.9432256","0"
"2025-06-23 12:45:04.000","1.910103","0"
"2025-06-23 13:00:04.000","1.8877817","0"
"2025-06-23 13:15:04.000","1.7687806","0"
"2025-06-23 13:30:04.000","1.9131209","0"
"2025-06-23 13:45:04.000","2.1589265","0"
"2025-06-23 14:00:04.000","2.1535442","0"
"2025-06-23 14:15:04.000","2.0900955","0"
"2025-06-23 14:30:04.000","1.9982386","0"
"2025-06-23 14:45:04.000","1.8463144","0"
"2025-06-23 15:00:04.000","1.648278","0"
"2025-06-23 15:15:04.000","1.5821508","0"
"2025-06-23 15:30:04.000","1.433643","0"
"2025-06-23 15:45:04.000","1.1442977","0"
"2025-06-23 16:00:04.000","0.92807114","0"
"2025-06-23 16:15:04.000","0.54866385","0"
"2025-06-23 16:30:04.000","0.23911713","0"
"2025-06-23 16:45:04.000","0.25752866","0"
"2025-06-23 17:00:04.000","0.65622026","0"
"2025-06-23 17:15:04.000","0.5144755","0"
"2025-06-23 17:30:04.000","0.51356107","0"
"2025-06-23 17:45:04.000","0.4146143","0"
"2025-06-23 18:00:04.000","0.6188585","0"
"2025-06-23 18:15:04.000","0.7129727","0"
"2025-06-23 18:30:04.000","0.73004246","0"
"2025-06-23 18:45:04.000","0.75180054","0"
"2025-06-23 19:00:04.000","0.8501394","0"
"2025-06-23 19:15:04.000","0.9550083","0"
"2025-06-23 19:30:04.000","1.0540231","0"
"2025-06-23 19:45:04.000","1.1470017","0"
"2025-06-23 20:00:04.000","1.111045","0"
"2025-06-23 20:15:04.000","1.1513145","0"
"2025-06-23 20:30:04.000","1.1960018","0"
"2025-06-23 20:45:04.000","1.2257197","0"
"2025-06-23 21:00:04.000","1.1206445","0"
"2025-06-23 21:15:04.000","1.0410582","0"
"2025-06-23 21:30:04.000","0.6433109","0"
"2025-06-23 21:45:04.000","0.71405673","0"
"2025-06-23 22:00:04.000","0.78200585","0"
"2025-06-23 22:15:04.000","0.6659557","0"
"2025-06-23 22:30:05.000","0.6046694","0"
"2025-06-23 22:45:04.000","0.18462123","0"
"2025-06-23 23:00:04.000","0.19873598","0"
"2025-06-23 23:15:04.000","0.1878004","0"
"2025-06-23 23:30:05.000","0.34943527","0"
"2025-06-23 23:45:04.000","0.3175059","0"
"2025-06-24 00:00:05.000","0.25886095","0"
"2025-06-24 00:15:04.000","0.1980707","0"
"2025-06-24 00:30:05.000","0.11160645","0"
"2025-06-24 00:45:04.000","0.09932775","0"
"2025-06-24 01:00:05.000","0.19525625","0"
"2025-06-24 01:15:05.000","0.18768325","0"
"2025-06-24 01:30:05.000","0.09677294","0"
"2025-06-24 01:45:05.000","0.059464272","0"
"2025-06-24 02:00:05.000","0.09424436","0"
"2025-06-24 02:15:05.000","0.12557468","0"
"2025-06-24 02:30:05.000","0.20024236","0"
"2025-06-24 02:45:05.000","0.13986422","0"
"2025-06-24 03:00:05.000","0.14983322","0"
"2025-06-24 03:15:05.000","0.1372771","0"
"2025-06-24 03:30:04.000","0.06933975","0"
"2025-06-24 03:45:05.000","0.15179263","0"
"2025-06-24 04:00:05.000","0.18383147","0"
"2025-06-24 04:15:05.000","0.18927495","0"
"2025-06-24 04:30:05.000","0.30143818","0"
"2025-06-24 04:45:05.000","0.15134399","0"
"2025-06-24 05:00:05.000","0.17810111","0"
"2025-06-24 05:15:05.000","0.49748662","0"
"2025-06-24 05:30:05.000","0.44598213","0"
"2025-06-24 05:45:05.000","0.41012198","0"
"2025-06-24 06:00:05.000","0.41673616","0"
"2025-06-24 06:15:05.000","0.47905117","0"
"2025-06-24 06:30:05.000","0.46204445","0"
"2025-06-24 06:45:05.000","0.26010957","0"
"2025-06-24 07:00:05.000","0.17065756","0"
"2025-06-24 07:15:05.000","0.22808988","0"
"2025-06-24 07:30:05.000","0.13080136","0"
"2025-06-24 07:45:05.000","0.107563935","0"
"2025-06-24 08:00:05.000","0.1326386","0"
"2025-06-24 08:15:05.000","0.10560304","0"
"2025-06-24 08:30:05.000","0.079075925","0"
"2025-06-24 08:45:05.000","0.15556668","0"
"2025-06-24 09:00:05.000","0.2542853","0"
"2025-06-24 09:15:05.000","0.34011325","0"
"2025-06-24 09:30:05.000","0.6130008","0"
"2025-06-24 09:45:05.000","0.60380214","0"
"2025-06-24 10:00:05.000","0.7954835","0"
"2025-06-24 10:15:05.000","0.6668051","0"
"2025-06-24 10:30:05.000","0.8317716","0"
"2025-06-24 10:45:05.000","1.052586","0"
"2025-06-24 11:00:04.000","1.0955952","0"
"2025-06-24 11:15:04.000","1.1967058","0"
"2025-06-24 11:30:04.000","1.5328327","0"
"2025-06-24 11:45:04.000","1.6143266","0"
"2025-06-24 12:00:04.000","1.5590845","0"
"2025-06-24 12:15:04.000","1.6066241","0"
"2025-06-24 12:30:04.000","1.8003612","0"
"2025-06-24 12:45:04.000","1.8829299","0"
"2025-06-24 13:00:04.000","1.8794107","0"
"2025-06-24 13:15:04.000","1.8190396","0"
"2025-06-24 13:30:04.000","2.019249","0"
"2025-06-24 13:45:04.000","1.6803598","0"
"2025-06-24 14:00:04.000","1.9556086","0"
"2025-06-24 14:15:04.000","1.9817479","0"
"2025-06-24 14:30:04.000","2.082124","0"
"2025-06-24 14:45:04.000","2.1774564","0"
"2025-06-24 15:00:04.000","2.0565636","0"
"2025-06-24 15:15:04.000","2.1443603","0"
"2025-06-24 15:30:04.000","1.9641268","0"
"2025-06-24 15:45:04.000","1.9384493","0"
"2025-06-24 16:00:04.000","1.8164802","0"
"2025-06-24 16:15:04.000","1.5603002","0"
"2025-06-24 16:30:04.000","1.3797778","0"
"2025-06-24 16:45:04.000","1.1075383","0"
"2025-06-24 17:00:04.000","0.7936247","0"
"2025-06-24 17:15:04.000","0.3288039","0"
"2025-06-24 17:30:04.000","0.36240584","0"
"2025-06-24 17:45:04.000","0.683791","0"
"2025-06-24 18:00:04.000","0.4882961","0"
"2025-06-24 18:15:04.000","0.40607885","0"
"2025-06-24 18:30:04.000","0.31077483","0"
"2025-06-24 18:45:04.000","0.4011384","0"
"2025-06-24 19:00:04.000","0.61106133","0"
"2025-06-24 19:15:04.000","0.6490647","0"
"2025-06-24 19:30:04.000","0.8030473","0"
"2025-06-24 19:45:04.000","0.7482887","0"
"2025-06-24 20:00:04.000","0.90749604","0"
"2025-06-24 20:15:04.000","0.90800494","0"
"2025-06-24 20:30:04.000","1.0890044","0"
"2025-06-24 20:45:04.000","1.2580193","0"
"2025-06-24 21:00:04.000","1.2560779","0"
"2025-06-24 21:15:04.000","1.3095512","0"
"2025-06-24 21:30:04.000","1.3662474","0"
"2025-06-24 21:45:04.000","1.2814782","0"
"2025-06-24 22:00:04.000","1.1681579","0"
"2025-06-24 22:15:04.000","1.2073249","0"
"2025-06-24 22:30:04.000","0.9542081","0"
"2025-06-24 22:45:04.000","0.82802176","0"
"2025-06-24 23:00:04.000","0.6257444","0"
"2025-06-24 23:15:04.000","0.4521427","0"
"2025-06-24 23:30:04.000","0.3572394","0"
"2025-06-24 23:45:04.000","0.30425814","0"
"2025-06-25 00:00:04.000","0.1970406","0"
"2025-06-25 00:15:04.000","0.1794798","0"
"2025-06-25 00:30:04.000","0.16311039","0"
"2025-06-25 00:45:04.000","0.109772496","0"
"2025-06-25 01:00:04.000","0.14579438","0"
"2025-06-25 01:15:04.000","0.044011366","0"
"2025-06-25 01:30:04.000","0.09352006","0"
"2025-06-25 01:45:04.000","0.15212166","0"
"2025-06-25 02:00:04.000","0.14152385","0"
"2025-06-25 02:15:05.000","0.20026232","0"
"2025-06-25 02:30:04.000","0.08989439","0"
"2025-06-25 02:45:04.000","0.096046865","0"
"2025-06-25 03:00:04.000","0.11569358","0"
"2025-06-25 03:15:04.000","0.24392007","0"
"2025-06-25 03:30:04.000","0.41433564","0"
"2025-06-25 03:45:04.000","0.43665093","0"
"2025-06-25 04:00:04.000","0.36355603","0"
"2025-06-25 04:15:04.000","0.14972308","0"
"2025-06-25 04:30:04.000","0.17687568","0"
"2025-06-25 04:45:05.000","0.27415508","0"
"2025-06-25 05:00:05.000","0.2746525","0"
"2025-06-25 05:15:04.000","0.18146352","0"
"2025-06-25 05:30:05.000","0.07521304","0"
"2025-06-25 05:45:05.000","0.104120106","0"
"2025-06-25 06:00:05.000","0.25700778","0"
"2025-06-25 06:15:05.000","0.18955211","0"
"2025-06-25 06:30:05.000","0.29113916","0"
"2025-06-25 06:45:05.000","0.26703185","0"
"2025-06-25 07:00:05.000","0.24545877","0"
"2025-06-25 07:15:05.000","0.35774013","0"
"2025-06-25 07:30:05.000","0.25848985","0"
"2025-06-25 07:45:05.000","0.10043904","0"
"2025-06-25 08:00:05.000","0.08400595","0"
"2025-06-25 08:15:05.000","0.10504285","0"
"2025-06-25 08:30:05.000","0.29760715","0"
"2025-06-25 08:45:05.000","0.16929561","0"
"2025-06-25 09:00:05.000","0.10700001","0"
"2025-06-25 09:15:05.000","0.19181763","0"
"2025-06-25 09:30:05.000","0.20300001","0"
"2025-06-25 09:45:05.000","0.18757933","0"
"2025-06-25 10:00:05.000","0.34643325","0"
"2025-06-25 10:15:05.000","0.5817027","0"
"2025-06-25 10:30:05.000","0.66324127","0"
"2025-06-25 10:45:05.000","0.86367244","0"
"2025-06-25 11:00:05.000","0.93518347","0"
"2025-06-25 11:15:05.000","1.1130967","0"
"2025-06-25 11:30:05.000","1.2758839","0"
"2025-06-25 11:45:05.000","1.4440902","0"
"2025-06-25 12:00:05.000","1.269132","0"
"2025-06-25 12:15:05.000","1.3727845","0"
"2025-06-25 12:30:05.000","1.3914828","0"
"2025-06-25 12:45:05.000","1.375855","0"
"2025-06-25 13:00:05.000","1.5458671","0"
"2025-06-25 13:15:05.000","1.5624039","0"
"2025-06-25 13:30:05.000","1.7111121","0"
"2025-06-25 13:45:05.000","1.562145","0"
"2025-06-25 14:00:05.000","1.8276329","0"
"2025-06-25 14:15:05.000","1.9811659","0"
"2025-06-25 14:30:05.000","2.193376","0"
"2025-06-25 14:45:05.000","2.1939063","0"
"2025-06-25 15:00:05.000","2.2808826","0"
"2025-06-25 15:15:05.000","2.3030033","0"
"2025-06-25 15:30:05.000","2.2949393","0"
"2025-06-25 15:45:05.000","2.2204506","0"
"2025-06-25 16:00:05.000","2.2290504","0"
"2025-06-25 16:15:05.000","2.1320527","0"
"2025-06-25 16:30:05.000","1.9938167","0"
"2025-06-25 16:45:04.000","1.921584","0"
"2025-06-25 17:00:04.000","1.702766","0"
"2025-06-25 17:15:04.000","1.4478709","0"
"2025-06-25 17:30:04.000","1.1086321","0"
"2025-06-25 17:45:04.000","0.87802577","0"
"2025-06-25 18:00:04.000","0.52674574","0"
"2025-06-25 18:15:04.000","0.267","0"
"2025-06-25 18:30:04.000","0.53486913","0"
"2025-06-25 18:45:04.000","0.7280453","0"
"2025-06-25 19:00:04.000","0.53618276","0"
"2025-06-25 19:15:04.000","0.38980255","0"
"2025-06-25 19:30:04.000","0.6594125","0"
"2025-06-25 19:45:04.000","0.7144375","0"
"2025-06-25 20:00:04.000","0.79633975","0"
"2025-06-25 20:15:04.000","0.88685787","0"
"2025-06-25 20:30:04.000","0.98489606","0"
"2025-06-25 20:45:04.000","1.0279856","0"
"2025-06-25 21:00:04.000","1.1685548","0"
"2025-06-25 21:15:04.000","1.3413358","0"
"2025-06-25 21:30:04.000","1.4190286","0"
"2025-06-25 21:45:04.000","1.6268314","0"
"2025-06-25 22:00:04.000","1.5634363","0"
"2025-06-25 22:15:04.000","1.65135","0"
"2025-06-25 22:30:04.000","1.620178","0"
"2025-06-25 22:45:04.000","1.5032606","0"
"2025-06-25 23:00:04.000","1.4404672","0"
"2025-06-25 23:15:04.000","1.3979675","0"
"2025-06-25 23:30:04.000","1.1983043","0"
"2025-06-25 23:45:04.000","1.0770075","0"
"2025-06-26 00:00:04.000","0.834","0"
"2025-06-26 00:15:04.000","0.60976475","0"
"2025-06-26 00:30:04.000","0.39598992","0"
"2025-06-26 00:45:04.000","0.18577676","0"
"2025-06-26 01:00:04.000","0.15890248","0"
"2025-06-26 01:15:04.000","0.23913386","0"
"2025-06-26 01:30:04.000","0.062128898","0"
"2025-06-26 01:45:04.000","0.1018332","0"
"2025-06-26 02:00:04.000","0.059135437","0"
"2025-06-26 02:15:04.000","0.09848857","0"
"2025-06-26 02:30:04.000","0.08407734","0"
"2025-06-26 02:45:04.000","0.08768124","0"
"2025-06-26 03:00:04.000","0.09617692","0"
"2025-06-26 03:15:04.000","0.16001563","0"
"2025-06-26 03:30:04.000","0.2932644","0"
"2025-06-26 03:45:04.000","0.4249847","0"
"2025-06-26 04:00:04.000","0.52322465","0"
"2025-06-26 04:15:04.000","0.43322167","0"
"2025-06-26 04:30:04.000","0.27666047","0"
"2025-06-26 04:45:04.000","0.20465825","0"
"2025-06-26 05:00:04.000","0.13892445","0"
"2025-06-26 05:15:04.000","0.08875246","0"
"2025-06-26 05:30:04.000","0.07106335","0"
"2025-06-26 05:45:04.000","0.059033886","0"
"2025-06-26 06:00:04.000","0.12605157","0"
"2025-06-26 06:15:05.000","0.1522268","0"
"2025-06-26 06:30:04.000","0.13396269","0"
"2025-06-26 06:45:04.000","0.12080564","0"
"2025-06-26 07:00:04.000","0.13888484","0"
"2025-06-26 07:15:04.000","0.18544273","0"
"2025-06-26 07:30:05.000","0.18435292","0"
"2025-06-26 07:45:04.000","0.23382899","0"
"2025-06-26 08:00:04.000","0.46706846","0"
"2025-06-26 08:15:05.000","0.32796344","0"
"2025-06-26 08:30:05.000","0.2926431","0"
"2025-06-26 08:45:05.000","0.17397988","0"
"2025-06-26 09:00:05.000","0.116619036","0"
"2025-06-26 09:15:05.000","0.055946402","0"
"2025-06-26 09:30:05.000","0.04720169","0"
"2025-06-26 09:45:05.000","0.18023595","0"
"2025-06-26 10:00:05.000","0.124402545","0"
"2025-06-26 10:15:05.000","0.077665955","0"
"2025-06-26 10:30:05.000","0.1637101","0"
"2025-06-26 10:45:05.000","0.29301876","0"
"2025-06-26 11:00:05.000","0.4242665","0"
"2025-06-26 11:15:05.000","0.39069173","0"
"2025-06-26 11:30:05.000","0.6308122","0"
"2025-06-26 11:45:05.000","0.80341524","0"
"2025-06-26 12:00:05.000","1.0510044","0"
"2025-06-26 12:15:05.000","1.3140609","0"
"2025-06-26 12:30:05.000","1.3898062","0"
"2025-06-26 12:45:05.000","1.4673082","0"
"2025-06-26 13:00:05.000","1.6297734","0"
"2025-06-26 13:15:05.000","1.4517497","0"
"2025-06-26 13:30:05.000","1.4514564","0"
"2025-06-26 13:45:05.000","1.6749834","0"
"2025-06-26 14:00:05.000","1.7478826","0"
"2025-06-26 14:15:05.000","1.8222654","0"
"2025-06-26 14:30:05.000","1.8963398","0"
"2025-06-26 14:45:05.000","1.9030429","0"
"2025-06-26 15:00:05.000","2.036001","0"
"2025-06-26 15:15:05.000","2.0447614","0"
"2025-06-26 15:30:05.000","2.0026197","0"
"2025-06-26 15:45:05.000","2.1445215","0"
"2025-06-26 16:00:05.000","1.9560149","0"
"2025-06-26 16:15:05.000","2.0178964","0"
"2025-06-26 16:30:05.000","1.9297135","0"
"2025-06-26 16:45:05.000","2.065024","0"
"2025-06-26 17:00:05.000","2.0986626","0"
"2025-06-26 17:15:05.000","1.9489988","0"
"2025-06-26 17:30:05.000","1.8178629","0"
"2025-06-26 17:45:05.000","1.6414827","0"
"2025-06-26 18:00:05.000","1.3870621","0"
"2025-06-26 18:15:05.000","1.0979145","0"
"2025-06-26 18:30:05.000","0.70232534","0"
"2025-06-26 18:45:05.000","0.32833213","0"
"2025-06-26 19:00:05.000","0.2424397","0"
"2025-06-26 19:15:05.000","0.49791768","0"
"2025-06-26 19:30:05.000","0.69005793","0"
"2025-06-26 19:45:05.000","0.62200725","0"
"2025-06-26 20:00:05.000","0.56430936","0"
"2025-06-26 20:15:04.000","0.5669744","0"
"2025-06-26 20:30:04.000","0.6992524","0"
"2025-06-26 20:45:04.000","0.7500194","0"
"2025-06-26 21:00:04.000","0.8736092","0"
"2025-06-26 21:15:04.000","0.94780266","0"
"2025-06-26 21:30:04.000","1.0863932","0"
"2025-06-26 21:45:04.000","1.1206485","0"
"2025-06-26 22:00:04.000","1.2320913","0"
"2025-06-26 22:15:04.000","1.6109391","0"
"2025-06-26 22:30:04.000","1.6641203","0"
"2025-06-26 22:45:04.000","1.839599","0"
"2025-06-26 23:00:04.000","1.5925539","0"
"2025-06-26 23:15:04.000","1.7234043","0"
"2025-06-26 23:30:04.000","1.6496239","0"
"2025-06-26 23:45:04.000","1.5424932","0"
"2025-06-27 00:00:04.000","1.4291301","0"
"2025-06-27 00:15:04.000","1.2418156","0"
"2025-06-27 00:30:04.000","1.172154","0"
"2025-06-27 00:45:04.000","0.72159827","0"
"2025-06-27 01:00:04.000","0.56972015","0"
"2025-06-27 01:15:04.000","0.3806692","0"
"2025-06-27 01:30:04.000","0.23072927","0"
"2025-06-27 01:45:04.000","0.31540608","0"
"2025-06-27 02:00:04.000","0.21945615","0"
"2025-06-27 02:15:04.000","0.09786215","0"
"2025-06-27 02:30:04.000","0.1161077","0"
"2025-06-27 02:45:04.000","0.09936297","0"
"2025-06-27 03:00:04.000","0.101789005","0"
"2025-06-27 03:15:04.000","0.2034232","0"
"2025-06-27 03:30:04.000","0.44326967","0"
"2025-06-27 03:45:04.000","0.5876402","0"
"2025-06-27 04:00:04.000","0.4455581","0"
"2025-06-27 04:15:04.000","0.3277865","0"
"2025-06-27 04:30:04.000","0.34705192","0"
"2025-06-27 04:45:04.000","0.39401138","0"
"2025-06-27 05:00:04.000","0.23113848","0"
"2025-06-27 05:15:04.000","0.20041211","0"
"2025-06-27 05:30:04.000","0.26294488","0"
"2025-06-27 05:45:04.000","0.30927655","0"
"2025-06-27 06:00:04.000","0.2896757","0"
"2025-06-27 06:15:04.000","0.18962066","0"
"2025-06-27 06:30:04.000","0.110634536","0"
"2025-06-27 06:45:04.000","0.098234415","0"
"2025-06-27 07:00:04.000","0.13612494","0"
"2025-06-27 07:15:04.000","0.20087057","0"
"2025-06-27 07:30:04.000","0.14204223","0"
"2025-06-27 07:45:04.000","0.14236926","0"
"2025-06-27 08:00:04.000","0.17126882","0"
"2025-06-27 08:15:04.000","0.21371244","0"
"2025-06-27 08:30:04.000","0.12592855","0"
"2025-06-27 08:45:04.000","0.23703378","0"
"2025-06-27 09:00:04.000","0.36755547","0"
"2025-06-27 09:15:04.000","0.24476929","0"
"2025-06-27 09:30:04.000","0.18623105","0"
"2025-06-27 09:45:04.000","0.20849219","0"
"2025-06-27 10:00:04.000","0.05442426","0"
"2025-06-27 10:15:04.000","0.081394106","0"
"2025-06-27 10:30:04.000","0.06670833","0"
"2025-06-27 10:45:04.000","0.07353911","0"
"2025-06-27 11:00:04.000","0.110476255","0"
"2025-06-27 11:15:04.000","0.19102353","0"
"2025-06-27 11:30:04.000","0.2836565","0"
"2025-06-27 11:45:04.000","0.29364094","0"
"2025-06-27 12:00:04.000","0.37097985","0"
"2025-06-27 12:15:04.000","0.3432098","0"
"2025-06-27 12:30:04.000","0.5321889","0"
"2025-06-27 12:45:04.000","0.5407347","0"
"2025-06-27 13:00:04.000","0.9284999","0"
"2025-06-27 13:15:04.000","1.1143652","0"
"2025-06-27 13:30:04.000","1.1919942","0"
"2025-06-27 13:45:04.000","1.1825547","0"
"2025-06-27 14:00:04.000","1.2924956","0"
"2025-06-27 14:15:04.000","1.4201696","0"
"2025-06-27 14:30:04.000","1.5124195","0"
"2025-06-27 14:45:04.000","1.5342555","0"
"2025-06-27 15:00:04.000","1.5238144","0"
"2025-06-27 15:15:04.000","1.4123868","0"
"2025-06-27 15:30:05.000","1.5528698","0"
"2025-06-27 15:45:04.000","1.7900879","0"
"2025-06-27 16:00:05.000","1.7830856","0"
"2025-06-27 16:15:05.000","1.9316528","0"
"2025-06-27 16:30:05.000","2.1735983","0"
"2025-06-27 16:45:05.000","2.1268687","0"
"2025-06-27 17:00:05.000","2.0797436","0"
"2025-06-27 17:15:05.000","2.0077543","0"
"2025-06-27 17:30:05.000","1.8860011","0"
"2025-06-27 17:45:05.000","1.8151541","0"
"2025-06-27 18:00:05.000","1.804641","0"
"2025-06-27 18:15:05.000","1.6679752","0"
"2025-06-27 18:30:05.000","1.5114566","0"
"2025-06-27 18:45:05.000","1.3212544","0"
"2025-06-27 19:00:05.000","1.134741","0"
"2025-06-27 19:15:05.000","0.800611","0"
"2025-06-27 19:30:05.000","0.41244277","0"
"2025-06-27 19:45:05.000","0.22729716","0"
"2025-06-27 20:00:05.000","0.5901738","0"
"2025-06-27 20:15:05.000","0.64650613","0"
"2025-06-27 20:30:05.000","0.28193793","0"
"2025-06-27 20:45:05.000","0.36358905","0"
"2025-06-27 21:00:05.000","0.49222052","0"
"2025-06-27 21:15:05.000","0.7545516","0"
"2025-06-27 21:30:05.000","0.79209924","0"
"2025-06-27 21:45:05.000","0.914419","0"
"2025-06-27 22:00:05.000","0.949371","0"
"2025-06-27 22:15:05.000","1.0901033","0"
"2025-06-27 22:30:05.000","1.1200447","0"
"2025-06-27 22:45:05.000","1.1593384","0"
"2025-06-27 23:00:05.000","1.2174746","0"
"2025-06-27 23:15:05.000","1.2610097","0"
"2025-06-27 23:30:05.000","1.2053252","0"
"2025-06-27 23:45:05.000","1.4441676","0"
"2025-06-28 00:00:05.000","1.341006","0"
"2025-06-28 00:15:05.000","1.2062593","0"
"2025-06-28 00:30:05.000","1.3990515","0"
"2025-06-28 00:45:05.000","1.3436568","0"
"2025-06-28 01:00:05.000","1.1402124","0"
"2025-06-28 01:15:05.000","0.9940081","0"
"2025-06-28 01:30:05.000","0.7470542","0"
"2025-06-28 01:45:05.000","0.5661987","0"
"2025-06-28 02:00:05.000","0.37604386","0"
"2025-06-28 02:15:05.000","0.19866806","0"
"2025-06-28 02:30:05.000","0.09455685","0"
"2025-06-28 02:45:05.000","0.07833901","0"
"2025-06-28 03:00:05.000","0.07000714","0"
"2025-06-28 03:15:05.000","0.089537695","0"
"2025-06-28 03:30:05.000","0.2636968","0"
"2025-06-28 03:45:05.000","0.52148736","0"
"2025-06-28 04:00:05.000","0.50701976","0"
"2025-06-28 04:15:05.000","0.30062103","0"
"2025-06-28 04:30:05.000","0.19674347","0"
"2025-06-28 04:45:05.000","0.18794946","0"
"2025-06-28 05:00:05.000","0.2123982","0"
"2025-06-28 05:15:04.000","0.41979524","0"
"2025-06-28 05:30:04.000","0.63555","0"
"2025-06-28 05:45:04.000","0.67231315","0"
"2025-06-28 06:00:04.000","0.6726798","0"
"2025-06-28 06:15:04.000","0.5243215","0"
"2025-06-28 06:30:04.000","0.42675757","0"
"2025-06-28 06:45:04.000","0.29955295","0"
"2025-06-28 07:00:04.000","0.20877741","0"
"2025-06-28 07:15:04.000","0.1563202","0"
"2025-06-28 07:30:04.000","0.06168469","0"
"2025-06-28 07:45:04.000","0.049999997","0"
"2025-06-28 08:00:04.000","0.047507893","0"
"2025-06-28 08:15:04.000","0.08229824","0"
"2025-06-28 08:30:04.000","0.059413806","0"
"2025-06-28 08:45:04.000","0.15844874","0"
"2025-06-28 09:00:04.000","0.16020611","0"
"2025-06-28 09:15:04.000","0.19801012","0"
"2025-06-28 09:30:04.000","0.2033052","0"
"2025-06-28 09:45:04.000","0.2140841","0"
"2025-06-28 10:00:04.000","0.40327907","0"
"2025-06-28 10:15:04.000","0.1584929","0"
"2025-06-28 10:30:04.000","0.07710383","0"
"2025-06-28 10:45:04.000","0.062201284","0"
"2025-06-28 11:00:04.000","0.084344536","0"
"2025-06-28 11:15:04.000","0.06957011","0"
"2025-06-28 11:30:04.000","0.09300539","0"
"2025-06-28 11:45:04.000","0.08500588","0"
"2025-06-28 12:00:04.000","0.07930952","0"
"2025-06-28 12:15:04.000","0.13892443","0"
"2025-06-28 12:30:04.000","0.29120436","0"
"2025-06-28 12:45:04.000","0.36460665","0"
"2025-06-28 13:00:04.000","0.5158731","0"
"2025-06-28 13:15:04.000","0.5708529","0"
"2025-06-28 13:30:04.000","0.8098821","0"
"2025-06-28 13:45:04.000","0.9505642","0"
"2025-06-28 14:00:04.000","1.0445002","0"
"2025-06-28 14:15:04.000","1.0773791","0"
"2025-06-28 14:30:04.000","1.124527","0"
"2025-06-28 14:45:04.000","1.2466354","0"
"2025-06-28 15:00:04.000","1.2354776","0"
"2025-06-28 15:15:04.000","1.2784121","0"
"2025-06-28 15:30:04.000","1.3057809","0"
"2025-06-28 15:45:04.000","1.4884523","0"
"2025-06-28 16:00:04.000","1.5544002","0"
"2025-06-28 16:15:04.000","1.6241502","0"
"2025-06-28 16:30:04.000","1.6994735","0"
"2025-06-28 16:45:04.000","1.6984807","0"
"2025-06-28 17:00:04.000","1.7493831","0"
"2025-06-28 17:15:04.000","1.8420883","0"
"2025-06-28 17:30:04.000","1.8126965","0"
"2025-06-28 17:45:04.000","1.8953471","0"
"2025-06-28 18:00:04.000","1.9314847","0"
"2025-06-28 18:15:04.000","1.8627808","0"
"2025-06-28 18:30:04.000","1.7975008","0"
"2025-06-28 18:45:04.000","1.7029836","0"
"2025-06-28 19:00:04.000","1.5776048","0"
"2025-06-28 19:15:04.000","1.4169332","0"
"2025-06-28 19:30:04.000","1.1909022","0"
"2025-06-28 19:45:04.000","0.8611085","0"
"2025-06-28 20:00:05.000","0.5400677","0"
"2025-06-28 20:15:05.000","0.20751145","0"
"2025-06-28 20:30:04.000","0.35180116","0"
"2025-06-28 20:45:04.000","0.5488543","0"
"2025-06-28 21:00:04.000","0.47285098","0"
"2025-06-28 21:15:04.000","0.39640883","0"
"2025-06-28 21:30:05.000","0.3806363","0"
"2025-06-28 21:45:04.000","0.39719015","0"
"2025-06-28 22:00:05.000","0.42696252","0"
"2025-06-28 22:15:05.000","0.44047365","0"
"2025-06-28 22:30:05.000","0.60460323","0"
"2025-06-28 22:45:05.000","0.71217483","0"
"2025-06-28 23:00:05.000","0.6582463","0"
"2025-06-28 23:15:05.000","0.6524187","0"
"2025-06-28 23:30:05.000","1.045012","0"
"2025-06-28 23:45:05.000","0.97959024","0"
"2025-06-29 00:00:05.000","1.074538","0"
"2025-06-29 00:15:05.000","0.9930986","0"
"2025-06-29 00:30:05.000","1.0030978","0"
"2025-06-29 00:45:05.000","1.0264683","0"
"2025-06-29 01:00:05.000","1.0393507","0"
"2025-06-29 01:15:05.000","0.96500045","0"
"2025-06-29 01:30:05.000","0.8365746","0"
"2025-06-29 01:45:05.000","0.5588059","0"
"2025-06-29 02:00:05.000","0.49719712","0"
"2025-06-29 02:15:05.000","0.39400512","0"
"2025-06-29 02:30:05.000","0.32973477","0"
"2025-06-29 02:45:05.000","0.23407693","0"
"2025-06-29 03:00:05.000","0.17592327","0"
"2025-06-29 03:15:05.000","0.26722652","0"
"2025-06-29 03:30:05.000","0.26034594","0"
"2025-06-29 03:45:05.000","0.18539688","0"
"2025-06-29 04:00:05.000","0.07334848","0"
"2025-06-29 04:15:05.000","0.111803405","0"
"2025-06-29 04:30:05.000","0.12280065","0"
"2025-06-29 04:45:05.000","0.19622436","0"
"2025-06-29 05:00:05.000","0.16665234","0"
"2025-06-29 05:15:05.000","0.22177693","0"
"2025-06-29 05:30:05.000","0.1656412","0"
"2025-06-29 05:45:05.000","0.14814185","0"
"2025-06-29 06:00:05.000","0.3406494","0"
"2025-06-29 06:15:05.000","0.4490178","0"
"2025-06-29 06:30:05.000","0.23574778","0"
"2025-06-29 06:45:05.000","0.2355101","0"
"2025-06-29 07:00:05.000","0.3885061","0"
"2025-06-29 07:15:05.000","0.30477694","0"
"2025-06-29 07:30:05.000","0.18054639","0"
"2025-06-29 07:45:05.000","0.20252901","0"
"2025-06-29 08:00:04.000","0.2085977","0"
"2025-06-29 08:15:04.000","0.10648005","0"
"2025-06-29 08:30:04.000","0.070342004","0"
"2025-06-29 08:45:04.000","0.07072482","0"
"2025-06-29 09:00:04.000","0.072422385","0"
"2025-06-29 09:15:04.000","0.11356497","0"
"2025-06-29 09:30:04.000","0.15148927","0"
"2025-06-29 09:45:04.000","0.07877183","0"
"2025-06-29 10:00:04.000","0.12030379","0"
"2025-06-29 10:15:04.000","0.063820064","0"
"2025-06-29 10:30:04.000","0.083216585","0"
"2025-06-29 10:45:04.000","0.061032776","0"
"2025-06-29 11:00:04.000","0.070213966","0"
"2025-06-29 11:15:04.000","0.053758726","0"
"2025-06-29 11:30:04.000","0.04579301","0"
"2025-06-29 11:45:04.000","0.051855564","0"
"2025-06-29 12:00:04.000","0.101513535","0"
"2025-06-29 12:15:04.000","0.100224756","0"
"2025-06-29 12:30:04.000","0.07789737","0"
"2025-06-29 12:45:04.000","0.09121953","0"
"2025-06-29 13:00:04.000","0.118848644","0"
"2025-06-29 13:15:04.000","0.13406344","0"
"2025-06-29 13:30:04.000","0.35293207","0"
"2025-06-29 13:45:04.000","0.5596231","0"
"2025-06-29 14:00:04.000","0.42171204","0"
"2025-06-29 14:15:04.000","0.45834488","0"
"2025-06-29 14:30:04.000","0.5643874","0"
"2025-06-29 14:45:04.000","0.78804195","0"
"2025-06-29 15:00:04.000","0.9481989","0"
"2025-06-29 15:15:04.000","1.0588036","0"
"2025-06-29 15:30:04.000","0.9699371","0"
"2025-06-29 15:45:04.000","1.3633083","0"
"2025-06-29 16:00:04.000","1.1149099","0"
"2025-06-29 16:15:04.000","1.1032537","0"
"2025-06-29 16:30:04.000","1.0979592","0"
"2025-06-29 16:45:04.000","1.2776247","0"
"2025-06-29 17:00:04.000","1.3553602","0"
"2025-06-29 17:15:04.000","1.476202","0"
"2025-06-29 17:30:04.000","1.5535953","0"
"2025-06-29 17:45:04.000","1.5521123","0"
"2025-06-29 18:00:04.000","1.5496743","0"
"2025-06-29 18:15:04.000","1.5977714","0"
"2025-06-29 18:30:04.000","1.6187384","0"
"2025-06-29 18:45:04.000","1.6153662","0"
"2025-06-29 19:00:04.000","1.5421036","0"
"2025-06-29 19:15:04.000","1.5073189","0"
"2025-06-29 19:30:04.000","1.348659","0"
"2025-06-29 19:45:04.000","1.2588428","0"
"2025-06-29 20:00:04.000","1.0298064","0"
"2025-06-29 20:15:04.000","0.7855864","0"
"2025-06-29 20:30:04.000","0.39171678","0"
"2025-06-29 20:45:04.000","0.10689246","0"
"2025-06-29 21:00:04.000","0.40320715","0"
"2025-06-29 21:15:04.000","0.6366805","0"
"2025-06-29 21:30:04.000","0.5410693","0"
"2025-06-29 21:45:04.000","0.34224263","0"
"2025-06-29 22:00:04.000","0.32220027","0"
"2025-06-29 22:15:04.000","0.40028492","0"
"2025-06-29 22:30:04.000","0.5205536","0"
"2025-06-29 22:45:04.000","0.6103279","0"
"2025-06-29 23:00:04.000","0.6795586","0"
"2025-06-29 23:15:04.000","0.70830643","0"
"2025-06-29 23:30:04.000","0.8098006","0"
"2025-06-29 23:45:04.000","0.53478694","0"
"2025-06-30 00:00:04.000","0.4307958","0"
"2025-06-30 00:15:04.000","0.5334136","0"
"2025-06-30 00:30:05.000","0.51465714","0"
"2025-06-30 00:45:04.000","0.8290646","0"
"2025-06-30 01:00:04.000","0.7232241","0"
"2025-06-30 01:15:05.000","0.69905794","0"
"2025-06-30 01:30:04.000","0.78004104","0"
"2025-06-30 01:45:04.000","0.86139256","0"
"2025-06-30 02:00:04.000","0.73349714","0"
"2025-06-30 02:15:04.000","0.60989183","0"
"2025-06-30 02:30:05.000","0.6026251","0"
"2025-06-30 02:45:04.000","0.4106994","0"
"2025-06-30 03:00:04.000","0.2304257","0"
"2025-06-30 03:15:04.000","0.26740608","0"
"2025-06-30 03:30:05.000","0.15472879","0"
"2025-06-30 03:45:05.000","0.18940169","0"
"2025-06-30 04:00:04.000","0.07692205","0"
"2025-06-30 04:15:05.000","0.1113957","0"
"2025-06-30 04:30:05.000","0.177792","0"
"2025-06-30 04:45:05.000","0.1976689","0"
"2025-06-30 05:00:05.000","0.23256186","0"
"2025-06-30 05:15:05.000","0.37250504","0"
"2025-06-30 05:30:05.000","0.56710136","0"
"2025-06-30 05:45:05.000","0.5793669","0"
"2025-06-30 06:00:05.000","0.4225222","0"
"2025-06-30 06:15:05.000","0.48119125","0"
"2025-06-30 06:30:05.000","0.60629374","0"
"2025-06-30 06:45:05.000","0.61002046","0"
"2025-06-30 07:00:05.000","0.876432","0"
"2025-06-30 07:15:05.000","1.0182028","0"
"2025-06-30 07:30:05.000","1.2697011","0"
"2025-06-30 07:45:05.000","1.1564952","0"
"2025-06-30 08:00:05.000","1.090201","0"
"2025-06-30 08:15:05.000","0.9990756","0"
"2025-06-30 08:30:05.000","0.8425581","0"
"2025-06-30 08:45:05.000","0.6580464","0"
"2025-06-30 09:00:05.000","0.32106853","0"
"2025-06-30 09:15:05.000","0.18869287","0"
"2025-06-30 09:30:05.000","0.17017636","0"
"2025-06-30 09:45:05.000","0.1719564","0"
"2025-06-30 10:00:05.000","0.08305421","0"
"2025-06-30 10:15:05.000","0.11113954","0"
"2025-06-30 10:30:05.000","0.09230927","0"
"2025-06-30 10:45:05.000","0.15315354","0"
"2025-06-30 11:00:05.000","0.10604244","0"
"2025-06-30 11:15:05.000","0.107629","0"
"2025-06-30 11:30:05.000","0.11454693","0"
"2025-06-30 11:45:05.000","0.04272002","0"
"2025-06-30 12:00:05.000","0.04368066","0"
"2025-06-30 12:15:05.000","0.0748131","0"
"2025-06-30 12:30:05.000","0.05135173","0"
"2025-06-30 12:45:04.000","0.047095645","0"
"2025-06-30 13:00:04.000","0.075133204","0"
"2025-06-30 13:15:04.000","0.09902021","0"
"2025-06-30 13:30:04.000","0.06811754","0"
"2025-06-30 13:45:04.000","0.06365532","0"
"2025-06-30 14:00:04.000","0.1182709","0"
"2025-06-30 14:15:04.000","0.34863168","0"
"2025-06-30 14:30:04.000","0.31656432","0"
"2025-06-30 14:45:04.000","0.4248152","0"
"2025-06-30 15:00:04.000","0.6413026","0"
"2025-06-30 15:15:04.000","0.6045437","0"
"2025-06-30 15:30:04.000","0.80054545","0"
"2025-06-30 15:45:04.000","0.80717593","0"
"2025-06-30 16:00:04.000","0.8270218","0"
"2025-06-30 16:15:04.000","0.7747645","0"
"2025-06-30 16:30:04.000","0.83737326","0"
"2025-06-30 16:45:04.000","0.97566646","0"
"2025-06-30 17:00:04.000","1.0718378","0"
"2025-06-30 17:15:04.000","1.1895882","0"
"2025-06-30 17:30:04.000","1.1052321","0"
"2025-06-30 17:45:04.000","1.2792264","0"
"2025-06-30 18:00:04.000","1.261672","0"
"2025-06-30 18:15:04.000","1.3206729","0"
"2025-06-30 18:30:04.000","1.2917125","0"
"2025-06-30 18:45:04.000","1.3044939","0"
"2025-06-30 19:00:04.000","1.3252265","0"
"2025-06-30 19:15:04.000","1.2619644","0"
"2025-06-30 19:30:04.000","1.2123371","0"
"2025-06-30 19:45:04.000","1.1574543","0"
"2025-06-30 20:00:04.000","0.9936246","0"
"2025-06-30 20:15:04.000","0.84766805","0"
"2025-06-30 20:30:04.000","0.7240478","0"
"2025-06-30 20:45:04.000","0.57639223","0"
"2025-06-30 21:00:04.000","0.3396131","0"
"2025-06-30 21:15:04.000","0.20718352","0"
"2025-06-30 21:30:04.000","0.30372527","0"
"2025-06-30 21:45:04.000","0.6010009","0"
"2025-06-30 22:00:04.000","0.65546703","0"
"2025-06-30 22:15:04.000","0.31560105","0"
"2025-06-30 22:30:04.000","0.31881812","0"
"2025-06-30 22:45:04.000","0.35567543","0"
"2025-06-30 23:00:04.000","0.6054991","0"
"2025-06-30 23:15:04.000","0.63215506","0"
"2025-06-30 23:30:04.000","0.67626697","0"
"2025-06-30 23:45:04.000","0.8332647","0"
"2025-07-01 00:00:04.000","0.85928166","0"
"2025-07-01 00:15:04.000","0.8181033","0"
"2025-07-01 00:30:04.000","0.8371171","0"
"2025-07-01 00:45:04.000","0.8970674","0"
"2025-07-01 01:00:04.000","0.72103405","0"
"2025-07-01 01:15:04.000","0.7790232","0"
"2025-07-01 01:30:04.000","0.6940065","0"
"2025-07-01 01:45:04.000","0.6920722","0"
"2025-07-01 02:00:04.000","0.731","0"
"2025-07-01 02:15:04.000","0.75971717","0"
"2025-07-01 02:30:04.000","0.9622292","0"
"2025-07-01 02:45:04.000","0.8699201","0"
"2025-07-01 03:00:04.000","0.65222156","0"
"2025-07-01 03:15:04.000","0.40687224","0"
"2025-07-01 03:30:04.000","0.20505609","0"
"2025-07-01 03:45:04.000","0.29929587","0"
"2025-07-01 04:00:04.000","0.21455301","0"
"2025-07-01 04:15:04.000","0.24176018","0"
"2025-07-01 04:30:04.000","0.25521952","0"
"2025-07-01 04:45:05.000","0.17200291","0"
"2025-07-01 05:00:04.000","0.14766514","0"
"2025-07-01 05:15:04.000","0.042953473","0"
"2025-07-01 05:30:04.000","0.31916457","0"
"2025-07-01 05:45:04.000","0.45412007","0"
"2025-07-01 06:00:05.000","0.5253236","0"
"2025-07-01 06:15:04.000","0.53181386","0"
"2025-07-01 06:30:04.000","0.61659473","0"
"2025-07-01 06:45:04.000","0.60763234","0"
"2025-07-01 07:00:04.000","0.43861714","0"
"2025-07-01 07:15:05.000","0.72546","0"
"2025-07-01 07:30:04.000","0.7491789","0"
"2025-07-01 07:45:04.000","0.9356308","0"
"2025-07-01 08:00:04.000","0.96488607","0"
"2025-07-01 08:15:04.000","0.8986435","0"
"2025-07-01 08:30:05.000","1.0019951","0"
"2025-07-01 08:45:05.000","1.068948","0"
"2025-07-01 09:00:05.000","1.0773826","0"
"2025-07-01 09:15:05.000","0.9744137","0"
"2025-07-01 09:30:05.000","0.8571033","0"
"2025-07-01 09:45:05.000","0.46088827","0"
"2025-07-01 10:00:05.000","0.46178782","0"
"2025-07-01 10:15:05.000","0.32819813","0"
"2025-07-01 10:30:05.000","0.20769449","0"
"2025-07-01 10:45:05.000","0.1664602","0"
"2025-07-01 11:00:05.000","0.08695402","0"
"2025-07-01 11:15:05.000","0.07479305","0"
"2025-07-01 11:30:05.000","0.07220111","0"
"2025-07-01 11:45:05.000","0.06700747","0"
"2025-07-01 12:00:05.000","0.095509164","0"
"2025-07-01 12:15:05.000","0.16738579","0"
"2025-07-01 12:30:05.000","0.13285333","0"
"2025-07-01 12:45:05.000","0.10823125","0"
"2025-07-01 13:00:05.000","0.106174394","0"
"2025-07-01 13:15:05.000","0.07161006","0"
"2025-07-01 13:30:05.000","0.1531143","0"
"2025-07-01 13:45:05.000","0.1035857","0"
"2025-07-01 14:00:05.000","0.10756394","0"
"2025-07-01 14:15:05.000","0.10971327","0"
"2025-07-01 14:30:05.000","0.14228493","0"
"2025-07-01 14:45:05.000","0.15536411","0"
"2025-07-01 15:00:05.000","0.08807383","0"
"2025-07-01 15:15:05.000","0.06276942","0"
"2025-07-01 15:30:05.000","0.1054372","0"
"2025-07-01 15:45:05.000","0.19612499","0"
"2025-07-01 16:00:05.000","0.36376092","0"
"2025-07-01 16:15:05.000","0.56446177","0"
"2025-07-01 16:30:05.000","0.6481743","0"
"2025-07-01 16:45:05.000","0.64878726","0"
"2025-07-01 17:00:05.000","0.6141214","0"
"2025-07-01 17:15:05.000","0.58583444","0"
"2025-07-01 17:30:05.000","0.5145144","0"
"2025-07-01 17:45:05.000","0.61260194","0"
"2025-07-01 18:00:05.000","0.66913825","0"
"2025-07-01 18:15:04.000","0.7590949","0"
"2025-07-01 18:30:04.000","0.7741834","0"
"2025-07-01 18:45:04.000","0.8010306","0"
"2025-07-01 19:00:04.000","0.7899526","0"
"2025-07-01 19:15:04.000","0.83360535","0"
"2025-07-01 19:30:04.000","0.86534214","0"
"2025-07-01 19:45:04.000","0.8620024","0"
"2025-07-01 20:00:04.000","0.78401035","0"
"2025-07-01 20:15:04.000","0.7550167","0"
"2025-07-01 20:30:04.000","0.6352016","0"
"2025-07-01 20:45:04.000","0.60592484","0"
"2025-07-01 21:00:04.000","0.48532563","0"
"2025-07-01 21:15:04.000","0.33948493","0"
"2025-07-01 21:30:04.000","0.21755917","0"
"2025-07-01 21:45:04.000","0.17590056","0"
"2025-07-01 22:00:04.000","0.32092988","0"
"2025-07-01 22:15:04.000","0.4370046","0"
"2025-07-01 22:30:04.000","0.47301692","0"
"2025-07-01 22:45:04.000","0.43724707","0"
"2025-07-01 23:00:04.000","0.15532225","0"
"2025-07-01 23:15:04.000","0.28450838","0"
"2025-07-01 23:30:04.000","0.3388643","0"
"2025-07-01 23:45:04.000","0.35493386","0"
"2025-07-02 00:00:04.000","0.56662595","0"
"2025-07-02 00:15:04.000","0.576001","0"
"2025-07-02 00:30:04.000","0.5108131","0"
"2025-07-02 00:45:04.000","0.6200033","0"
"2025-07-02 01:00:04.000","0.5990008","0"
"2025-07-02 01:15:04.000","0.6942082","0"
"2025-07-02 01:30:04.000","0.769","0"
"2025-07-02 01:45:04.000","0.8255097","0"
"2025-07-02 02:00:04.000","0.8871268","0"
"2025-07-02 02:15:04.000","0.80060047","0"
"2025-07-02 02:30:04.000","0.7900228","0"
"2025-07-02 02:45:04.000","0.59964323","0"
"2025-07-02 03:00:04.000","0.7294716","0"
"2025-07-02 03:15:04.000","0.62398237","0"
"2025-07-02 03:30:04.000","0.5635113","0"
"2025-07-02 03:45:04.000","0.50032383","0"
"2025-07-02 04:00:04.000","0.40704426","0"
"2025-07-02 04:15:04.000","0.47003832","0"
"2025-07-02 04:30:04.000","0.19384788","0"
"2025-07-02 04:45:04.000","0.09980983","0"
"2025-07-02 05:00:04.000","0.26300192","0"
"2025-07-02 05:15:04.000","0.28094485","0"
"2025-07-02 05:30:04.000","0.3078344","0"
"2025-07-02 05:45:04.000","0.25612497","0"
"2025-07-02 06:00:04.000","0.21230166","0"
"2025-07-02 06:15:04.000","0.12780061","0"
"2025-07-02 06:30:04.000","0.1392049","0"
"2025-07-02 06:45:04.000","0.20796394","0"
"2025-07-02 07:00:04.000","0.37027696","0"
"2025-07-02 07:15:04.000","0.4151241","0"
"2025-07-02 07:30:04.000","0.48572105","0"
"2025-07-02 07:45:04.000","0.8231768","0"
"2025-07-02 08:00:04.000","0.9081769","0"
"2025-07-02 08:15:04.000","0.9065301","0"
"2025-07-02 08:30:04.000","1.1244235","0"
"2025-07-02 08:45:04.000","1.0581211","0"
"2025-07-02 09:00:04.000","1.0362866","0"
"2025-07-02 09:15:04.000","0.9790659","0"
"2025-07-02 09:30:04.000","0.97136664","0"
"2025-07-02 09:45:04.000","0.9529419","0"
"2025-07-02 10:00:05.000","0.8607729","0"
"2025-07-02 10:15:04.000","0.8121995","0"
"2025-07-02 10:30:04.000","0.9051243","0"
"2025-07-02 10:45:05.000","0.7745464","0"
"2025-07-02 11:00:04.000","0.68944615","0"
"2025-07-02 11:15:04.000","0.47383118","0"
"2025-07-02 11:30:05.000","0.27127293","0"
"2025-07-02 11:45:05.000","0.06797794","0"
"2025-07-02 12:00:05.000","0.11076552","0"
"2025-07-02 12:15:05.000","0.115004346","0"
"2025-07-02 12:30:05.000","0.0680147","0"
"2025-07-02 12:45:05.000","0.1209504","0"
"2025-07-02 13:00:05.000","0.07605919","0"
"2025-07-02 13:15:05.000","0.05825805","0"
"2025-07-02 13:30:05.000","0.070007145","0"
"2025-07-02 13:45:05.000","0.086833164","0"
"2025-07-02 14:00:05.000","0.19504103","0"
"2025-07-02 14:15:05.000","0.2787418","0"
"2025-07-02 14:30:05.000","0.2701851","0"
"2025-07-02 14:45:05.000","0.22740714","0"
"2025-07-02 15:00:05.000","0.32634494","0"
"2025-07-02 15:15:05.000","0.23363648","0"
"2025-07-02 15:30:05.000","0.27197427","0"
"2025-07-02 15:45:05.000","0.28078637","0"
"2025-07-02 16:00:05.000","0.27702707","0"
"2025-07-02 16:15:05.000","0.16714065","0"
"2025-07-02 16:30:05.000","0.16386582","0"
"2025-07-02 16:45:05.000","0.12024142","0"
"2025-07-02 17:00:05.000","0.22181979","0"
"2025-07-02 17:15:05.000","0.20319451","0"
"2025-07-02 17:30:05.000","0.15685026","0"
"2025-07-02 17:45:05.000","0.09929753","0"
"2025-07-02 18:00:05.000","0.10431683","0"
"2025-07-02 18:15:05.000","0.22978686","0"
"2025-07-02 18:30:05.000","0.3201406","0"
"2025-07-02 18:45:05.000","0.3362648","0"
"2025-07-02 19:00:05.000","0.39950597","0"
"2025-07-02 19:15:05.000","0.4927088","0"
"2025-07-02 19:30:05.000","0.5255721","0"
"2025-07-02 19:45:05.000","0.46360004","0"
"2025-07-02 20:00:05.000","0.33057833","0"
"2025-07-02 20:15:05.000","0.26630998","0"
"2025-07-02 20:30:04.000","0.20171764","0"
"2025-07-02 20:45:04.000","0.21137646","0"
"2025-07-02 21:00:04.000","0.309963","0"
"2025-07-02 21:15:04.000","0.36113715","0"
"2025-07-02 21:30:04.000","0.35029706","0"
"2025-07-02 21:45:04.000","0.40582395","0"
"2025-07-02 22:00:04.000","0.34821263","0"
"2025-07-02 22:15:04.000","0.1253555","0"
"2025-07-02 22:30:04.000","0.1984364","0"
"2025-07-02 22:45:04.000","0.31349966","0"
"2025-07-02 23:00:04.000","0.43846324","0"
"2025-07-02 23:15:04.000","0.5295905","0"
"2025-07-02 23:30:04.000","0.27414232","0"
"2025-07-02 23:45:04.000","0.19341409","0"
"2025-07-03 00:00:04.000","0.22943844","0"
"2025-07-03 00:15:04.000","0.2098595","0"
"2025-07-03 00:30:04.000","0.21601161","0"
"2025-07-03 00:45:04.000","0.21980445","0"
"2025-07-03 01:00:04.000","0.2705421","0"
"2025-07-03 01:15:04.000","0.30464572","0"
"2025-07-03 01:30:04.000","0.3887647","0"
"2025-07-03 01:45:04.000","0.51335174","0"
"2025-07-03 02:00:04.000","0.5383429","0"
"2025-07-03 02:15:04.000","0.5212456","0"
"2025-07-03 02:30:04.000","0.5780216","0"
"2025-07-03 02:45:04.000","0.521024","0"
"2025-07-03 03:00:04.000","0.4770335","0"
"2025-07-03 03:15:04.000","0.4834563","0"
"2025-07-03 03:30:04.000","0.50200903","0"
"2025-07-03 03:45:04.000","0.3180393","0"
"2025-07-03 04:00:04.000","0.31145144","0"
"2025-07-03 04:15:04.000","0.32173592","0"
"2025-07-03 04:30:04.000","0.17617324","0"
"2025-07-03 04:45:04.000","0.14008926","0"
"2025-07-03 05:00:04.000","0.14450607","0"
"2025-07-03 05:15:04.000","0.16428329","0"
"2025-07-03 05:30:04.000","0.081394106","0"
"2025-07-03 05:45:04.000","0.20041957","0"
"2025-07-03 06:00:04.000","0.25707003","0"
"2025-07-03 06:15:04.000","0.18938059","0"
"2025-07-03 06:30:04.000","0.23530622","0"
"2025-07-03 06:45:04.000","0.20066391","0"
"2025-07-03 07:00:04.000","0.17555909","0"
"2025-07-03 07:15:04.000","0.18160397","0"
"2025-07-03 07:30:04.000","0.22085743","0"
"2025-07-03 07:45:04.000","0.27272883","0"
"2025-07-03 08:00:04.000","0.6269291","0"
"2025-07-03 08:15:04.000","0.74445283","0"
"2025-07-03 08:30:04.000","0.73182034","0"
"2025-07-03 08:45:04.000","0.7520757","0"
"2025-07-03 09:00:04.000","0.65560424","0"
"2025-07-03 09:15:04.000","0.696061","0"
"2025-07-03 09:30:04.000","0.8661646","0"
"2025-07-03 09:45:04.000","1.0173794","0"
"2025-07-03 10:00:04.000","0.98895603","0"
"2025-07-03 10:15:04.000","0.986219","0"
"2025-07-03 10:30:04.000","1.0305436","0"
"2025-07-03 10:45:04.000","1.0383086","0"
"2025-07-03 11:00:04.000","1.0010765","0"
"2025-07-03 11:15:04.000","0.678908","0"
"2025-07-03 11:30:04.000","0.6582438","0"
"2025-07-03 11:45:05.000","0.56185406","0"
"2025-07-03 12:00:05.000","0.467611","0"
"2025-07-03 12:15:04.000","0.3587339","0"
"2025-07-03 12:30:04.000","0.23062739","0"
"2025-07-03 12:45:05.000","0.09799999","0"
"2025-07-03 13:00:04.000","0.062177166","0"
"2025-07-03 13:15:04.000","0.04716991","0"
"2025-07-03 13:30:05.000","0.066189125","0"
"2025-07-03 13:45:05.000","0.06735726","0"
"2025-07-03 14:00:05.000","0.17321953","0"
"2025-07-03 14:15:05.000","0.33814347","0"
"2025-07-03 14:30:05.000","0.31231397","0"
"2025-07-03 14:45:05.000","0.45407048","0"
"2025-07-03 15:00:05.000","0.19298187","0"
"2025-07-03 15:15:05.000","0.37613297","0"
"2025-07-03 15:30:05.000","0.3742139","0"
"2025-07-03 15:45:05.000","0.21811235","0"
"2025-07-03 16:00:05.000","0.2270793","0"
"2025-07-03 16:15:05.000","0.2604093","0"
"2025-07-03 16:30:05.000","0.3577402","0"
"2025-07-03 16:45:05.000","0.3050148","0"
"2025-07-03 17:00:05.000","0.3015974","0"
"2025-07-03 17:15:05.000","0.3420936","0"
"2025-07-03 17:30:05.000","0.19773215","0"
"2025-07-03 17:45:05.000","0.2515631","0"
"2025-07-03 18:00:05.000","0.15102981","0"
"2025-07-03 18:15:05.000","0.099729635","0"
"2025-07-03 18:30:05.000","0.11423661","0"
"2025-07-03 18:45:05.000","0.14866067","0"
"2025-07-03 19:00:05.000","0.21326274","0"
"2025-07-03 19:15:05.000","0.12567021","0"
"2025-07-03 19:30:05.000","0.07840919","0"
"2025-07-03 19:45:05.000","0.10971327","0"
"2025-07-03 20:00:05.000","0.100448996","0"
"2025-07-03 20:15:05.000","0.057035077","0"
"2025-07-03 20:30:05.000","0.1305986","0"
"2025-07-03 20:45:05.000","0.17449643","0"
"2025-07-03 21:00:05.000","0.20580572","0"
"2025-07-03 21:15:05.000","0.16682027","0"
"2025-07-03 21:30:05.000","0.07360028","0"
"2025-07-03 21:45:05.000","0.12520783","0"
"2025-07-03 22:00:05.000","0.15276127","0"
"2025-07-03 22:15:05.000","0.14541666","0"
"2025-07-03 22:30:05.000","0.08421996","0"
"2025-07-03 22:45:05.000","0.08411897","0"
"2025-07-03 23:00:05.000","0.15311435","0"
"2025-07-03 23:15:05.000","0.12876335","0"
"2025-07-03 23:30:05.000","0.03785498","0"
"2025-07-03 23:45:05.000","0.21068695","0"
"2025-07-04 00:00:05.000","0.33943632","0"
"2025-07-04 00:15:05.000","0.35751364","0"
"2025-07-04 00:30:05.000","0.33160374","0"
"2025-07-04 00:45:04.000","0.24400821","0"
"2025-07-04 01:00:04.000","0.3089887","0"
"2025-07-04 01:15:04.000","0.30891106","0"
"2025-07-04 01:30:04.000","0.25612697","0"
"2025-07-04 01:45:04.000","0.27692595","0"
"2025-07-04 02:00:04.000","0.15783533","0"
"2025-07-04 02:15:04.000","0.13535139","0"
"2025-07-04 02:30:04.000","0.16038081","0"
"2025-07-04 02:45:04.000","0.17664652","0"
"2025-07-04 03:00:04.000","0.27106646","0"
"2025-07-04 03:15:04.000","0.26161996","0"
"2025-07-04 03:30:04.000","0.44119158","0"
"2025-07-04 03:45:04.000","0.37213442","0"
"2025-07-04 04:00:04.000","0.38481292","0"
"2025-07-04 04:15:04.000","0.38941625","0"
"2025-07-04 04:30:04.000","0.4073549","0"
"2025-07-04 04:45:04.000","0.3840638","0"
"2025-07-04 05:00:04.000","0.28491756","0"
"2025-07-04 05:15:04.000","0.21005952","0"
"2025-07-04 05:30:04.000","0.07502666","0"
"2025-07-04 05:45:04.000","0.12560256","0"
"2025-07-04 06:00:04.000","0.2643218","0"
"2025-07-04 06:15:04.000","0.2616448","0"
"2025-07-04 06:30:04.000","0.21561308","0"
"2025-07-04 06:45:04.000","0.2431995","0"
"2025-07-04 07:00:04.000","0.23244141","0"
"2025-07-04 07:15:04.000","0.3139443","0"
"2025-07-04 07:30:04.000","0.2875709","0"
"2025-07-04 07:45:04.000","0.5400982","0"
"2025-07-04 08:00:04.000","0.6410281","0"
"2025-07-04 08:15:04.000","0.8527895","0"
"2025-07-04 08:30:04.000","0.9429846","0"
"2025-07-04 08:45:04.000","1.16327","0"
"2025-07-04 09:00:04.000","1.24926","0"
"2025-07-04 09:15:04.000","1.0369514","0"
"2025-07-04 09:30:04.000","1.0309206","0"
"2025-07-04 09:45:04.000","1.118431","0"
"2025-07-04 10:00:04.000","1.3371761","0"
"2025-07-04 10:15:04.000","1.3126407","0"
"2025-07-04 10:30:04.000","1.2802489","0"
"2025-07-04 10:45:04.000","1.2443826","0"
"2025-07-04 11:00:04.000","1.21205","0"
"2025-07-04 11:15:04.000","1.4133596","0"
"2025-07-04 11:30:04.000","1.4317383","0"
"2025-07-04 11:45:04.000","1.3340844","0"
"2025-07-04 12:00:04.000","0.965825","0"
"2025-07-04 12:15:04.000","0.92517024","0"
"2025-07-04 12:30:04.000","0.6392785","0"
"2025-07-04 12:45:04.000","0.55860007","0"
"2025-07-04 13:00:04.000","0.4478493","0"
"2025-07-04 13:15:04.000","0.34188303","0"
"2025-07-04 13:30:04.000","0.21804813","0"
"2025-07-04 13:45:04.000","0.14183441","0"
"2025-07-04 14:00:04.000","0.10288343","0"
"2025-07-04 14:15:04.000","0.2587683","0"
"2025-07-04 14:30:04.000","0.34037918","0"
"2025-07-04 14:45:04.000","0.34746656","0"
"2025-07-04 15:00:04.000","0.4232115","0"
"2025-07-04 15:15:05.000","0.43109396","0"
"2025-07-04 15:30:04.000","0.3270061","0"
"2025-07-04 15:45:04.000","0.24907027","0"
"2025-07-04 16:00:04.000","0.2309026","0"
"2025-07-04 16:15:04.000","0.35903484","0"
"2025-07-04 16:30:04.000","0.40129912","0"
"2025-07-04 16:45:04.000","0.39612624","0"
"2025-07-04 17:00:05.000","0.36504933","0"
"2025-07-04 17:15:05.000","0.31622776","0"
"2025-07-04 17:30:05.000","0.4370732","0"
"2025-07-04 17:45:04.000","0.4851484","0"
"2025-07-04 18:00:05.000","0.33842728","0"
"2025-07-04 18:15:05.000","0.5101922","0"
"2025-07-04 18:30:05.000","0.23600848","0"
"2025-07-04 18:45:05.000","0.234047","0"
"2025-07-04 19:00:05.000","0.30372682","0"
"2025-07-04 19:15:05.000","0.33801332","0"
"2025-07-04 19:30:05.000","0.22200002","0"
"2025-07-04 19:45:05.000","0.20146711","0"
"2025-07-04 20:00:05.000","0.1313659","0"
"2025-07-04 20:15:05.000","0.074686006","0"
"2025-07-04 20:30:05.000","0.13636716","0"
"2025-07-04 20:45:05.000","0.18003611","0"
"2025-07-04 21:00:05.000","0.15438268","0"
"2025-07-04 21:15:05.000","0.28850132","0"
"2025-07-04 21:30:05.000","0.23286046","0"
"2025-07-04 21:45:05.000","0.16360012","0"
"2025-07-04 22:00:05.000","0.09154782","0"
"2025-07-04 22:15:05.000","0.06296825","0"
"2025-07-04 22:30:05.000","0.08062258","0"
"2025-07-04 22:45:05.000","0.064474806","0"
"2025-07-04 23:00:05.000","0.047381427","0"
"2025-07-04 23:15:05.000","0.13263862","0"
"2025-07-04 23:30:05.000","0.16327278","0"
"2025-07-04 23:45:05.000","0.17346184","0"
"2025-07-05 00:00:05.000","0.15192433","0"
"2025-07-05 00:15:05.000","0.11500435","0"
"2025-07-05 00:30:05.000","0.09451455","0"
"2025-07-05 00:45:05.000","0.1259365","0"
"2025-07-05 01:00:05.000","0.06463745","0"
"2025-07-05 01:15:05.000","0.072470695","0"
"2025-07-05 01:30:05.000","0.1829645","0"
"2025-07-05 01:45:05.000","0.24954559","0"
"2025-07-05 02:00:05.000","0.27427363","0"
"2025-07-05 02:15:05.000","0.2616582","0"
"2025-07-05 02:30:05.000","0.12913947","0"
"2025-07-05 02:45:05.000","0.10212248","0"
"2025-07-05 03:00:05.000","0.13921566","0"
"2025-07-05 03:15:05.000","0.15211838","0"
"2025-07-05 03:30:05.000","0.08393451","0"
"2025-07-05 03:45:05.000","0.092358","0"
"2025-07-05 04:00:05.000","0.14368369","0"
"2025-07-05 04:15:05.000","0.33872262","0"
"2025-07-05 04:30:05.000","0.3911739","0"
"2025-07-05 04:45:05.000","0.36049965","0"
"2025-07-05 05:00:05.000","0.34379208","0"
"2025-07-05 05:15:05.000","0.29577866","0"
"2025-07-05 05:30:05.000","0.16949928","0"
"2025-07-05 05:45:05.000","0.065","0"
"2025-07-05 06:00:05.000","0.055443663","0"
"2025-07-05 06:15:04.000","0.13155226","0"
"2025-07-05 06:30:04.000","0.078549355","0"
"2025-07-05 06:45:04.000","0.13423862","0"
"2025-07-05 07:00:04.000","0.1470136","0"
"2025-07-05 07:15:04.000","0.2924825","0"
"2025-07-05 07:30:04.000","0.35661185","0"
"2025-07-05 07:45:04.000","0.38513374","0"
"2025-07-05 08:00:04.000","0.45454156","0"
"2025-07-05 08:15:04.000","0.5503282","0"
"2025-07-05 08:30:04.000","0.63928086","0"
"2025-07-05 08:45:04.000","0.74736476","0"
"2025-07-05 09:00:04.000","0.84033144","0"
"2025-07-05 09:15:04.000","1.0282048","0"
"2025-07-05 09:30:04.000","1.1242206","0"
"2025-07-05 09:45:04.000","0.9821456","0"
"2025-07-05 10:00:04.000","1.0371363","0"
"2025-07-05 10:15:04.000","1.1295668","0"
"2025-07-05 10:30:04.000","1.2109807","0"
"2025-07-05 10:45:04.000","1.3162683","0"
"2025-07-05 11:00:04.000","1.4024141","0"
"2025-07-05 11:15:04.000","1.4121009","0"
"2025-07-05 11:30:04.000","1.2217535","0"
"2025-07-05 11:45:04.000","1.0146142","0"
"2025-07-05 12:00:04.000","0.69919175","0"
"2025-07-05 12:15:04.000","0.8769476","0"
"2025-07-05 12:30:04.000","1.1658963","0"
"2025-07-05 12:45:04.000","1.1210482","0"
"2025-07-05 13:00:04.000","1.0398196","0"
"2025-07-05 13:15:04.000","0.91125023","0"
"2025-07-05 13:30:04.000","0.76432264","0"
"2025-07-05 13:45:04.000","0.6044005","0"
"2025-07-05 14:00:04.000","0.44102836","0"
"2025-07-05 14:15:04.000","0.3001283","0"
"2025-07-05 14:30:04.000","0.123490885","0"
"2025-07-05 14:45:04.000","0.19231485","0"
"2025-07-05 15:00:04.000","0.33570376","0"
"2025-07-05 15:15:04.000","0.3766617","0"
"2025-07-05 15:30:04.000","0.4483971","0"
"2025-07-05 15:45:04.000","0.3436568","0"
"2025-07-05 16:00:04.000","0.26910588","0"
"2025-07-05 16:15:04.000","0.24529372","0"
"2025-07-05 16:30:04.000","0.36658013","0"
"2025-07-05 16:45:04.000","0.36289123","0"
"2025-07-05 17:00:04.000","0.56025803","0"
"2025-07-05 17:15:04.000","0.46656725","0"
"2025-07-05 17:30:04.000","0.55861616","0"
"2025-07-05 17:45:04.000","0.58341503","0"
"2025-07-05 18:00:04.000","0.60102993","0"
"2025-07-05 18:15:04.000","0.5402083","0"
"2025-07-05 18:30:04.000","0.5893743","0"
"2025-07-05 18:45:04.000","0.6368556","0"
"2025-07-05 19:00:04.000","0.63302857","0"
"2025-07-05 19:15:04.000","0.5885728","0"
"2025-07-05 19:30:04.000","0.4963265","0"
"2025-07-05 19:45:04.000","0.43932906","0"
"2025-07-05 20:00:04.000","0.43660626","0"
"2025-07-05 20:15:04.000","0.4179438","0"
"2025-07-05 20:30:04.000","0.41283533","0"
"2025-07-05 20:45:04.000","0.41938046","0"
"2025-07-05 21:00:04.000","0.34458092","0"
"2025-07-05 21:15:04.000","0.27747795","0"
"2025-07-05 21:30:04.000","0.2353253","0"
"2025-07-05 21:45:04.000","0.22458853","0"
"2025-07-05 22:00:04.000","0.2201931","0"
"2025-07-05 22:15:04.000","0.22847538","0"
"2025-07-05 22:30:04.000","0.09451454","0"
"2025-07-05 22:45:04.000","0.07863842","0"
"2025-07-05 23:00:04.000","0.071063355","0"
"2025-07-05 23:15:04.000","0.101","0"
"2025-07-05 23:30:04.000","0.11543397","0"
"2025-07-05 23:45:04.000","0.12647925","0"
"2025-07-06 00:00:04.000","0.0659697","0"
"2025-07-06 00:15:04.000","0.07420243","0"
"2025-07-06 00:30:04.000","0.119854085","0"
"2025-07-06 00:45:04.000","0.14903021","0"
"2025-07-06 01:00:05.000","0.13753907","0"
"2025-07-06 01:15:04.000","0.0812527","0"
"2025-07-06 01:30:04.000","0.09992498","0"
"2025-07-06 01:45:04.000","0.19289896","0"
"2025-07-06 02:00:05.000","0.20854254","0"
"2025-07-06 02:15:04.000","0.2471639","0"
"2025-07-06 02:30:05.000","0.22436129","0"
"2025-07-06 02:45:05.000","0.19375244","0"
"2025-07-06 03:00:05.000","0.13077079","0"
"2025-07-06 03:15:05.000","0.08814193","0"
"2025-07-06 03:30:05.000","0.09002779","0"
"2025-07-06 03:45:05.000","0.098081596","0"
"2025-07-06 04:00:05.000","0.22414283","0"
"2025-07-06 04:15:05.000","0.1450138","0"
"2025-07-06 04:30:05.000","0.26277366","0"
"2025-07-06 04:45:05.000","0.30419895","0"
"2025-07-06 05:00:05.000","0.30991933","0"
"2025-07-06 05:15:05.000","0.26486412","0"
"2025-07-06 05:30:05.000","0.17936835","0"
"2025-07-06 05:45:05.000","0.12184006","0"
"2025-07-06 06:00:05.000","0.048836462","0"
"2025-07-06 06:15:05.000","0.07494665","0"
"2025-07-06 06:30:05.000","0.052402284","0"
"2025-07-06 06:45:05.000","0.032449957","0"
"2025-07-06 07:00:05.000","0.120415956","0"
"2025-07-06 07:15:05.000","0.32445034","0"
"2025-07-06 07:30:05.000","0.4224121","0"
"2025-07-06 07:45:05.000","0.45759594","0"
"2025-07-06 08:00:05.000","0.43879947","0"
"2025-07-06 08:15:05.000","0.4053159","0"
"2025-07-06 08:30:05.000","0.51100403","0"
"2025-07-06 08:45:05.000","0.5830824","0"
"2025-07-06 09:00:05.000","0.72835296","0"
"2025-07-06 09:15:05.000","0.8203428","0"
"2025-07-06 09:30:05.000","0.860954","0"
"2025-07-06 09:45:05.000","1.0439128","0"
"2025-07-06 10:00:05.000","1.0717598","0"
"2025-07-06 10:15:05.000","1.1131397","0"
"2025-07-06 10:30:05.000","1.1900926","0"
"2025-07-06 10:45:05.000","1.1970248","0"
"2025-07-06 11:00:05.000","1.3000219","0"
"2025-07-06 11:15:05.000","1.3678029","0"
"2025-07-06 11:30:05.000","1.4326789","0"
"2025-07-06 11:45:05.000","1.4537611","0"
"2025-07-06 12:00:05.000","1.4028785","0"
"2025-07-06 12:15:05.000","1.3900938","0"
"2025-07-06 12:30:05.000","1.3531094","0"
"2025-07-06 12:45:05.000","1.36868","0"
"2025-07-06 13:00:05.000","1.4017806","0"
"2025-07-06 13:15:04.000","1.329101","0"
"2025-07-06 13:30:04.000","1.260989","0"
"2025-07-06 13:45:04.000","1.090355","0"
"2025-07-06 14:00:04.000","0.96137923","0"
"2025-07-06 14:15:04.000","0.8257537","0"
"2025-07-06 14:30:04.000","0.7114752","0"
"2025-07-06 14:45:04.000","0.46833858","0"
"2025-07-06 15:00:04.000","0.3565067","0"
"2025-07-06 15:15:04.000","0.09873704","0"
"2025-07-06 15:30:04.000","0.22675318","0"
"2025-07-06 15:45:04.000","0.45594957","0"
"2025-07-06 16:00:04.000","0.46510756","0"
"2025-07-06 16:15:04.000","0.35461667","0"
"2025-07-06 16:30:04.000","0.28764212","0"
"2025-07-06 16:45:04.000","0.2965215","0"
"2025-07-06 17:00:04.000","0.44428822","0"
"2025-07-06 17:15:04.000","0.32186022","0"
"2025-07-06 17:30:04.000","0.40112847","0"
"2025-07-06 17:45:04.000","0.46021298","0"
"2025-07-06 18:00:04.000","0.4453819","0"
"2025-07-06 18:15:04.000","0.5513628","0"
"2025-07-06 18:30:04.000","0.62200725","0"
"2025-07-06 18:45:04.000","0.57228315","0"
"2025-07-06 19:00:04.000","0.6250288","0"
"2025-07-06 19:15:04.000","0.66203713","0"
"2025-07-06 19:30:04.000","0.5213492","0"
"2025-07-06 19:45:04.000","0.78106403","0"
"2025-07-06 20:00:04.000","0.48940885","0"
"2025-07-06 20:15:04.000","0.5004448","0"
"2025-07-06 20:30:04.000","0.5205391","0"
"2025-07-06 20:45:04.000","0.41791865","0"
"2025-07-06 21:00:04.000","0.41774872","0"
"2025-07-06 21:15:04.000","0.37262583","0"
"2025-07-06 21:30:04.000","0.2978926","0"
"2025-07-06 21:45:04.000","0.2595323","0"
"2025-07-06 22:00:04.000","0.12149898","0"
"2025-07-06 22:15:04.000","0.15532227","0"
"2025-07-06 22:30:04.000","0.09080197","0"
"2025-07-06 22:45:04.000","0.103247285","0"
"2025-07-06 23:00:04.000","0.10336829","0"
"2025-07-06 23:15:04.000","0.08883694","0"
"2025-07-06 23:30:04.000","0.11415781","0"
"2025-07-06 23:45:04.000","0.05300944","0"
"2025-07-07 00:00:04.000","0.15670675","0"
"2025-07-07 00:15:04.000","0.10312129","0"
"2025-07-07 00:30:04.000","0.07669421","0"
"2025-07-07 00:45:04.000","0.07106336","0"
"2025-07-07 01:00:04.000","0.070213966","0"
"2025-07-07 01:15:04.000","0.071028166","0"
"2025-07-07 01:30:04.000","0.070213966","0"
"2025-07-07 01:45:04.000","0.08026207","0"
"2025-07-07 02:00:04.000","0.06723094","0"
"2025-07-07 02:15:04.000","0.110136285","0"
"2025-07-07 02:30:04.000","0.10756394","0"
"2025-07-07 02:45:04.000","0.036687866","0"
"2025-07-07 03:00:04.000","0.1296534","0"
"2025-07-07 03:15:04.000","0.19197138","0"
"2025-07-07 03:30:04.000","0.21087675","0"
"2025-07-07 03:45:04.000","0.12554282","0"
"2025-07-07 04:00:04.000","0.1958699","0"
"2025-07-07 04:15:04.000","0.22896506","0"
"2025-07-07 04:30:04.000","0.25035375","0"
"2025-07-07 04:45:04.000","0.355584","0"
"2025-07-07 05:00:04.000","0.36113432","0"
"2025-07-07 05:15:04.000","0.33614877","0"
"2025-07-07 05:30:05.000","0.25203374","0"
"2025-07-07 05:45:04.000","0.1789972","0"
"2025-07-07 06:00:04.000","0.090824","0"
"2025-07-07 06:15:04.000","0.16523921","0"
"2025-07-07 06:30:04.000","0.08004999","0"
"2025-07-07 06:45:04.000","0.13023056","0"
"2025-07-07 07:00:04.000","0.13661991","0"
"2025-07-07 07:15:04.000","0.071063355","0"
"2025-07-07 07:30:04.000","0.15666845","0"
"2025-07-07 07:45:05.000","0.2811352","0"
"2025-07-07 08:00:05.000","0.656544","0"
"2025-07-07 08:15:05.000","0.41275302","0"
"2025-07-07 08:30:05.000","0.54400814","0"
"2025-07-07 08:45:05.000","0.47943512","0"
"2025-07-07 09:00:05.000","0.46445668","0"
"2025-07-07 09:15:05.000","0.52435493","0"
"2025-07-07 09:30:05.000","0.6343698","0"
"2025-07-07 09:45:05.000","0.7429373","0"
"2025-07-07 10:00:05.000","0.90630287","0"
"2025-07-07 10:15:05.000","0.959763","0"
"2025-07-07 10:30:05.000","1.0474933","0"
"2025-07-07 10:45:05.000","1.2161962","0"
"2025-07-07 11:00:05.000","1.3136034","0"
"2025-07-07 11:15:05.000","1.4194663","0"
"2025-07-07 11:30:05.000","1.4313997","0"
"2025-07-07 11:45:05.000","1.3910809","0"
"2025-07-07 12:00:05.000","1.3684595","0"
"2025-07-07 12:15:05.000","1.4425648","0"
"2025-07-07 12:30:05.000","1.57088","0"
"2025-07-07 12:45:05.000","1.6063453","0"
"2025-07-07 13:00:05.000","1.600528","0"
"2025-07-07 13:15:05.000","1.5451763","0"
"2025-07-07 13:30:05.000","1.5572803","0"
"2025-07-07 13:45:05.000","1.5114802","0"
"2025-07-07 14:00:05.000","1.4370999","0"
"2025-07-07 14:15:05.000","1.3616946","0"
"2025-07-07 14:30:05.000","1.2226832","0"
"2025-07-07 14:45:05.000","1.1002591","0"
"2025-07-07 15:00:05.000","0.9914282","0"
"2025-07-07 15:15:05.000","0.7429254","0"
"2025-07-07 15:30:05.000","0.5888718","0"
"2025-07-07 15:45:05.000","0.28966355","0"
"2025-07-07 16:00:05.000","0.33601338","0"
"2025-07-07 16:15:05.000","0.34636542","0"
"2025-07-07 16:30:05.000","0.5241374","0"
"2025-07-07 16:45:05.000","0.6051396","0"
"2025-07-07 17:00:05.000","0.3992756","0"
"2025-07-07 17:15:05.000","0.39900506","0"
"2025-07-07 17:30:05.000","0.49984208","0"
"2025-07-07 17:45:05.000","0.5228049","0"
"2025-07-07 18:00:05.000","0.5825805","0"
"2025-07-07 18:15:05.000","0.6482499","0"
"2025-07-07 18:30:05.000","0.6700366","0"
"2025-07-07 18:45:04.000","0.69656307","0"
"2025-07-07 19:00:04.000","0.7770643","0"
"2025-07-07 19:15:04.000","0.84013397","0"
"2025-07-07 19:30:04.000","0.8730144","0"
"2025-07-07 19:45:04.000","0.9180196","0"
"2025-07-07 20:00:04.000","0.901333","0"
"2025-07-07 20:15:04.000","0.9171397","0"
"2025-07-07 20:30:04.000","0.90522105","0"
"2025-07-07 20:45:04.000","0.8782277","0"
"2025-07-07 21:00:04.000","0.85807055","0"
"2025-07-07 21:15:04.000","0.748415","0"
"2025-07-07 21:30:04.000","0.64924955","0"
"2025-07-07 21:45:04.000","0.61487645","0"
"2025-07-07 22:00:04.000","0.5215986","0"
"2025-07-07 22:15:04.000","0.4394963","0"
"2025-07-07 22:30:04.000","0.38765967","0"
"2025-07-07 22:45:04.000","0.25903094","0"
"2025-07-07 23:00:04.000","0.16209877","0"
"2025-07-07 23:15:04.000","0.1596653","0"
"2025-07-07 23:30:04.000","0.16567741","0"
"2025-07-07 23:45:04.000","0.092358","0"
"2025-07-08 00:00:04.000","0.06596969","0"
"2025-07-08 00:15:04.000","0.104100905","0"
"2025-07-08 00:30:04.000","0.088566385","0"
"2025-07-08 00:45:04.000","0.08670065","0"
"2025-07-08 01:00:04.000","0.100404195","0"
"2025-07-08 01:15:04.000","0.1411524","0"
"2025-07-08 01:30:04.000","0.09304838","0"
"2025-07-08 01:45:04.000","0.06902897","0"
"2025-07-08 02:00:04.000","0.12975746","0"
"2025-07-08 02:15:04.000","0.17670599","0"
"2025-07-08 02:30:04.000","0.20646067","0"
"2025-07-08 02:45:04.000","0.26575366","0"
"2025-07-08 03:00:04.000","0.16995591","0"
"2025-07-08 03:15:04.000","0.18782973","0"
"2025-07-08 03:30:04.000","0.14054537","0"
"2025-07-08 03:45:04.000","0.07220112","0"
"2025-07-08 04:00:04.000","0.13509256","0"
"2025-07-08 04:15:04.000","0.2518492","0"
"2025-07-08 04:30:04.000","0.21595603","0"
"2025-07-08 04:45:04.000","0.27106458","0"
"2025-07-08 05:00:04.000","0.30438134","0"
"2025-07-08 05:15:04.000","0.22900875","0"
"2025-07-08 05:30:04.000","0.17149343","0"
"2025-07-08 05:45:04.000","0.15875769","0"
"2025-07-08 06:00:04.000","0.12813273","0"
"2025-07-08 06:15:04.000","0.15953057","0"
"2025-07-08 06:30:04.000","0.12739311","0"
"2025-07-08 06:45:04.000","0.15328729","0"
"2025-07-08 07:00:04.000","0.15152888","0"
"2025-07-08 07:15:04.000","0.12258874","0"
"2025-07-08 07:30:04.000","0.10960384","0"
"2025-07-08 07:45:04.000","0.08477028","0"
"2025-07-08 08:00:04.000","0.18247192","0"
"2025-07-08 08:15:04.000","0.47856557","0"
"2025-07-08 08:30:04.000","0.6167082","0"
"2025-07-08 08:45:04.000","0.5119737","0"
"2025-07-08 09:00:04.000","0.5469699","0"
"2025-07-08 09:15:04.000","0.5181244","0"
"2025-07-08 09:30:04.000","0.49098274","0"
"2025-07-08 09:45:04.000","0.54136586","0"
"2025-07-08 10:00:05.000","0.66408205","0"
"2025-07-08 10:15:04.000","0.9833138","0"
"2025-07-08 10:30:04.000","1.2103822","0"
"2025-07-08 10:45:04.000","1.2787421","0"
"2025-07-08 11:00:04.000","1.3042303","0"
"2025-07-08 11:15:04.000","1.2198892","0"
"2025-07-08 11:30:04.000","1.3352492","0"
"2025-07-08 11:45:04.000","1.3624278","0"
"2025-07-08 12:00:05.000","1.6028279","0"
"2025-07-08 12:15:05.000","1.6913737","0"
"2025-07-08 12:30:05.000","1.8087873","0"
"2025-07-08 12:45:05.000","1.6864425","0"
"2025-07-08 13:00:04.000","1.6703739","0"
"2025-07-08 13:15:05.000","1.7304363","0"
"2025-07-08 13:30:05.000","1.7757043","0"
"2025-07-08 13:45:05.000","1.7530757","0"
"2025-07-08 14:00:05.000","1.6862751","0"
"2025-07-08 14:15:05.000","1.6891267","0"
"2025-07-08 14:30:05.000","1.5738139","0"
"2025-07-08 14:45:05.000","1.4288269","0"
"2025-07-08 15:00:05.000","1.3486209","0"
"2025-07-08 15:15:05.000","1.2200431","0"
"2025-07-08 15:30:05.000","1.1170325","0"
"2025-07-08 15:45:05.000","0.94897854","0"
"2025-07-08 16:00:05.000","0.7298363","0"
"2025-07-08 16:15:05.000","0.48366317","0"
"2025-07-08 16:30:05.000","0.28476307","0"
"2025-07-08 16:45:05.000","0.30841532","0"
"2025-07-08 17:00:05.000","0.34530568","0"
"2025-07-08 17:15:05.000","0.53352135","0"
"2025-07-08 17:30:05.000","0.33847895","0"
"2025-07-08 17:45:05.000","0.49741942","0"
"2025-07-08 18:00:05.000","0.49780023","0"
"2025-07-08 18:15:05.000","0.55065423","0"
"2025-07-08 18:30:05.000","0.57137114","0"
"2025-07-08 18:45:05.000","0.634937","0"
"2025-07-08 19:00:05.000","0.73072916","0"
"2025-07-08 19:15:05.000","0.71846783","0"
"2025-07-08 19:30:05.000","0.73955935","0"
"2025-07-08 19:45:05.000","0.8625092","0"
"2025-07-08 20:00:05.000","0.8030898","0"
"2025-07-08 20:15:05.000","0.76715726","0"
"2025-07-08 20:30:05.000","0.9343618","0"
"2025-07-08 20:45:05.000","0.88929754","0"
"2025-07-08 21:00:05.000","0.96648484","0"
"2025-07-08 21:15:05.000","0.88115895","0"
"2025-07-08 21:30:05.000","0.7810641","0"
"2025-07-08 21:45:05.000","0.7754258","0"
"2025-07-08 22:00:05.000","0.77831614","0"
"2025-07-08 22:15:05.000","0.64300007","0"
"2025-07-08 22:30:05.000","0.63752025","0"
"2025-07-08 22:45:05.000","0.5122939","0"
"2025-07-08 23:00:05.000","0.33025596","0"
"2025-07-08 23:15:05.000","0.24905021","0"
"2025-07-08 23:30:05.000","0.20431837","0"
"2025-07-08 23:45:05.000","0.1520822","0"
"2025-07-09 00:00:05.000","0.16399087","0"
"2025-07-09 00:15:04.000","0.11280514","0"
"2025-07-09 00:30:04.000","0.103077635","0"
"2025-07-09 00:45:04.000","0.1520822","0"
"2025-07-09 01:00:04.000","0.13641848","0"
"2025-07-09 01:15:04.000","0.16901185","0"
"2025-07-09 01:30:04.000","0.123567805","0"
"2025-07-09 01:45:04.000","0.10688779","0"
"2025-07-09 02:00:04.000","0.09457803","0"
"2025-07-09 02:15:04.000","0.11610772","0"
"2025-07-09 02:30:04.000","0.1099318","0"
"2025-07-09 02:45:04.000","0.062177166","0"
"2025-07-09 03:00:04.000","0.21038063","0"
"2025-07-09 03:15:04.000","0.37542108","0"
"2025-07-09 03:30:04.000","0.39537323","0"
"2025-07-09 03:45:04.000","0.2364255","0"
"2025-07-09 04:00:04.000","0.13274033","0"
"2025-07-09 04:15:04.000","0.11494783","0"
"2025-07-09 04:30:04.000","0.31120735","0"
"2025-07-09 04:45:05.000","0.1976689","0"
"2025-07-09 05:00:04.000","0.10965856","0"
"2025-07-09 05:15:04.000","0.06926038","0"
"2025-07-09 05:30:04.000","0.042544097","0"
"2025-07-09 05:45:04.000","0.051623642","0"
"2025-07-09 06:00:04.000","0.14190488","0"
"2025-07-09 06:15:04.000","0.22718494","0"
"2025-07-09 06:30:04.000","0.4185929","0"
"2025-07-09 06:45:04.000","0.3857214","0"
"2025-07-09 07:00:04.000","0.2933752","0"
"2025-07-09 07:15:04.000","0.20500976","0"
"2025-07-09 07:30:04.000","0.16428332","0"
"2025-07-09 07:45:04.000","0.24407583","0"
"2025-07-09 08:00:04.000","0.41964033","0"
"2025-07-09 08:15:04.000","0.16601808","0"
"2025-07-09 08:30:04.000","0.2968165","0"
"2025-07-09 08:45:04.000","0.33364052","0"
"2025-07-09 09:00:04.000","0.30459973","0"
"2025-07-09 09:15:04.000","0.2939932","0"
"2025-07-09 09:30:04.000","0.21416119","0"
"2025-07-09 09:45:04.000","0.26480183","0"
"2025-07-09 10:00:04.000","0.39761546","0"
"2025-07-09 10:15:04.000","0.56889457","0"
"2025-07-09 10:30:04.000","0.7292763","0"
"2025-07-09 10:45:04.000","1.1954587","0"
"2025-07-09 11:00:04.000","1.3300139","0"
"2025-07-09 11:15:04.000","1.3890575","0"
"2025-07-09 11:30:04.000","1.3406932","0"
"2025-07-09 11:45:04.000","1.2431074","0"
"2025-07-09 12:00:04.000","1.3991786","0"
"2025-07-09 12:15:04.000","1.5521425","0"
"2025-07-09 12:30:04.000","1.5694311","0"
"2025-07-09 12:45:04.000","1.7426893","0"
"2025-07-09 13:00:04.000","1.5201328","0"
"2025-07-09 13:15:04.000","1.5964414","0"
"2025-07-09 13:30:04.000","1.6708527","0"
"2025-07-09 13:45:04.000","1.7215856","0"
"2025-07-09 14:00:04.000","1.7445551","0"
"2025-07-09 14:15:04.000","1.7914871","0"
"2025-07-09 14:30:04.000","1.7546425","0"
"2025-07-09 14:45:04.000","1.7492253","0"
"2025-07-09 15:00:04.000","1.6951615","0"
"2025-07-09 15:15:04.000","1.6315151","0"
"2025-07-09 15:30:04.000","1.5863777","0"
"2025-07-09 15:45:04.000","1.444909","0"
"2025-07-09 16:00:05.000","1.3773488","0"
"2025-07-09 16:15:04.000","1.2100222","0"
"2025-07-09 16:30:04.000","0.95689607","0"
"2025-07-09 16:45:04.000","0.7133253","0"
"2025-07-09 17:00:04.000","0.4584234","0"
"2025-07-09 17:15:04.000","0.13764085","0"
"2025-07-09 17:30:05.000","0.29529646","0"
"2025-07-09 17:45:05.000","0.5192168","0"
"2025-07-09 18:00:05.000","0.8354047","0"
"2025-07-09 18:15:05.000","0.317805","0"
"2025-07-09 18:30:06.000","0.30348805","0"
"2025-07-09 18:45:05.000","0.34448367","0"
"2025-07-09 19:00:05.000","0.39504942","0"
"2025-07-09 19:15:05.000","0.44605494","0"
"2025-07-09 19:30:05.000","0.5944552","0"
"2025-07-09 19:45:05.000","0.7380278","0"
"2025-07-09 20:00:05.000","0.7366112","0"
"2025-07-09 20:15:05.000","0.76039267","0"
"2025-07-09 20:30:05.000","0.86760414","0"
"2025-07-09 20:45:05.000","0.9115274","0"
"2025-07-09 21:00:05.000","0.8634223","0"
"2025-07-09 21:15:05.000","0.86916584","0"
"2025-07-09 21:30:05.000","0.9540635","0"
"2025-07-09 21:45:05.000","0.86605775","0"
"2025-07-09 22:00:05.000","0.8688717","0"
"2025-07-09 22:15:05.000","0.8000512","0"
"2025-07-09 22:30:04.000","0.80712885","0"
"2025-07-09 22:45:04.000","0.7182291","0"
"2025-07-09 23:00:04.000","0.61723346","0"
"2025-07-09 23:15:04.000","0.50458395","0"
"2025-07-09 23:30:04.000","0.49025095","0"
"2025-07-09 23:45:04.000","0.2521448","0"
"2025-07-10 00:00:04.000","0.21811238","0"
"2025-07-10 00:15:04.000","0.13520357","0"
"2025-07-10 00:30:04.000","0.118067786","0"
"2025-07-10 00:45:04.000","0.16037768","0"
"2025-07-10 01:00:04.000","0.082134046","0"
"2025-07-10 01:15:04.000","0.14154859","0"
"2025-07-10 01:30:04.000","0.089888826","0"
"2025-07-10 01:45:04.000","0.19184628","0"
"2025-07-10 02:00:04.000","0.13086253","0"
"2025-07-10 02:15:04.000","0.060166433","0"
"2025-07-10 02:30:04.000","0.07574299","0"
"2025-07-10 02:45:04.000","0.14054535","0"
"2025-07-10 03:00:04.000","0.17133011","0"
"2025-07-10 03:15:04.000","0.14276205","0"
"2025-07-10 03:30:04.000","0.14684004","0"
"2025-07-10 03:45:04.000","0.21439451","0"
"2025-07-10 04:00:04.000","0.2117286","0"
"2025-07-10 04:15:04.000","0.25241435","0"
"2025-07-10 04:30:04.000","0.25484902","0"
"2025-07-10 04:45:04.000","0.19870834","0"
"2025-07-10 05:00:04.000","0.13421252","0"
"2025-07-10 05:15:04.000","0.10421612","0"
"2025-07-10 05:30:04.000","0.21700235","0"
"2025-07-10 05:45:04.000","0.21456002","0"
"2025-07-10 06:00:04.000","0.2231412","0"
"2025-07-10 06:15:04.000","0.12592459","0"
"2025-07-10 06:30:04.000","0.15700318","0"
"2025-07-10 06:45:04.000","0.1364881","0"
"2025-07-10 07:00:04.000","0.20086068","0"
"2025-07-10 07:15:04.000","0.17827228","0"
"2025-07-10 07:30:04.000","0.1601031","0"
"2025-07-10 07:45:04.000","0.12955694","0"
"2025-07-10 08:00:04.000","0.18399188","0"
"2025-07-10 08:15:04.000","0.12342206","0"
"2025-07-10 08:30:04.000","0.085088186","0"
"2025-07-10 08:45:04.000","0.07800001","0"
"2025-07-10 09:00:04.000","0.1635176","0"
"2025-07-10 09:15:04.000","0.20271409","0"
"2025-07-10 09:30:04.000","0.3045915","0"
"2025-07-10 09:45:04.000","0.45860007","0"
"2025-07-10 10:00:04.000","0.49735308","0"
"2025-07-10 10:15:04.000","0.42756286","0"
"2025-07-10 10:30:04.000","0.38332886","0"
"2025-07-10 10:45:04.000","0.51008725","0"
"2025-07-10 11:00:04.000","0.67454654","0"
"2025-07-10 11:15:04.000","0.9468738","0"
"2025-07-10 11:30:04.000","1.1112179","0"
"2025-07-10 11:45:04.000","1.1066278","0"
"2025-07-10 12:00:04.000","1.1473035","0"
"2025-07-10 12:15:04.000","1.1889513","0"
"2025-07-10 12:30:04.000","1.2411644","0"
"2025-07-10 12:45:04.000","1.3589264","0"
"2025-07-10 13:00:04.000","1.3456554","0"
"2025-07-10 13:15:04.000","1.4844719","0"
"2025-07-10 13:30:04.000","1.6021826","0"
"2025-07-10 13:45:04.000","1.695444","0"
"2025-07-10 14:00:04.000","1.7509599","0"
"2025-07-10 14:15:04.000","1.8101985","0"
"2025-07-10 14:30:04.000","1.856747","0"
"2025-07-10 14:45:04.000","1.9159485","0"
"2025-07-10 15:00:05.000","1.9088607","0"
"2025-07-10 15:15:04.000","1.9025627","0"
"2025-07-10 15:30:04.000","1.8323499","0"
"2025-07-10 15:45:05.000","1.8188847","0"
"2025-07-10 16:00:04.000","1.7366363","0"
"2025-07-10 16:15:04.000","1.6760838","0"
"2025-07-10 16:30:04.000","1.5434005","0"
"2025-07-10 16:45:05.000","1.3825604","0"
"2025-07-10 17:00:05.000","1.2190309","0"
"2025-07-10 17:15:05.000","1.0009767","0"
"2025-07-10 17:30:05.000","0.7002892","0"
"2025-07-10 17:45:05.000","0.25103387","0"
"2025-07-10 18:00:04.000","0.259669","0"
"2025-07-10 18:15:05.000","0.5270313","0"
"2025-07-10 18:30:05.000","0.73747283","0"
"2025-07-10 18:45:05.000","0.37473863","0"
"2025-07-10 19:00:05.000","0.39149463","0"
"2025-07-10 19:15:05.000","0.41889617","0"
"2025-07-10 19:30:05.000","0.5291994","0"
"2025-07-10 19:45:05.000","0.6415271","0"
"2025-07-10 20:00:05.000","0.7015762","0"
"2025-07-10 20:15:05.000","0.7010051","0"
"2025-07-10 20:30:05.000","0.7890102","0"
"2025-07-10 20:45:05.000","1.0073357","0"
"2025-07-10 21:00:05.000","0.9570752","0"
"2025-07-10 21:15:05.000","1.0940042","0"
"2025-07-10 21:30:05.000","1.078091","0"
"2025-07-10 21:45:05.000","1.118505","0"
"2025-07-10 22:00:05.000","1.1520109","0"
"2025-07-10 22:15:05.000","1.1221596","0"
"2025-07-10 22:30:05.000","1.1273426","0"
"2025-07-10 22:45:05.000","0.98462224","0"
"2025-07-10 23:00:05.000","0.95747","0"
"2025-07-10 23:15:05.000","1.0372334","0"
"2025-07-10 23:30:05.000","0.85609865","0"
"2025-07-10 23:45:05.000","0.78968984","0"
"2025-07-11 00:00:05.000","0.5560405","0"
"2025-07-11 00:15:05.000","0.39147168","0"
"2025-07-11 00:30:05.000","0.33828095","0"
"2025-07-11 00:45:05.000","0.31761613","0"
"2025-07-11 01:00:05.000","0.24101867","0"
"2025-07-11 01:15:05.000","0.18238695","0"
"2025-07-11 01:30:05.000","0.13705839","0"
"2025-07-11 01:45:05.000","0.08700574","0"
"2025-07-11 02:00:05.000","0.09340773","0"
"2025-07-11 02:15:05.000","0.061611686","0"
"2025-07-11 02:30:05.000","0.04455334","0"
"2025-07-11 02:45:05.000","0.08193291","0"
"2025-07-11 03:00:05.000","0.09902019","0"
"2025-07-11 03:15:05.000","0.14402781","0"
"2025-07-11 03:30:05.000","0.2022004","0"
"2025-07-11 03:45:05.000","0.25497454","0"
"2025-07-11 04:00:05.000","0.30365935","0"
"2025-07-11 04:15:05.000","0.35465053","0"
"2025-07-11 04:30:05.000","0.41838378","0"
"2025-07-11 04:45:05.000","0.37277338","0"
"2025-07-11 05:00:05.000","0.31738466","0"
"2025-07-11 05:15:05.000","0.22049493","0"
"2025-07-11 05:30:04.000","0.1322762","0"
"2025-07-11 05:45:04.000","0.18337125","0"
"2025-07-11 06:00:04.000","0.17042597","0"
"2025-07-11 06:15:04.000","0.12206555","0"
"2025-07-11 06:30:04.000","0.11260996","0"
"2025-07-11 06:45:04.000","0.081608824","0"
"2025-07-11 07:00:04.000","0.124257796","0"
"2025-07-11 07:15:04.000","0.15559563","0"
"2025-07-11 07:30:04.000","0.2085857","0"
"2025-07-11 07:45:04.000","0.19547893","0"
"2025-07-11 08:00:04.000","0.38751772","0"
"2025-07-11 08:15:04.000","0.29390648","0"
"2025-07-11 08:30:04.000","0.21996589","0"
"2025-07-11 08:45:04.000","0.1938479","0"
"2025-07-11 09:00:04.000","0.3467333","0"
"2025-07-11 09:15:04.000","0.27070278","0"
"2025-07-11 09:30:04.000","0.08062258","0"
"2025-07-11 09:45:04.000","0.120420106","0"
"2025-07-11 10:00:04.000","0.05894065","0"
"2025-07-11 10:15:04.000","0.22458853","0"
"2025-07-11 10:30:04.000","0.4527538","0"
"2025-07-11 10:45:04.000","0.643063","0"
"2025-07-11 11:00:04.000","0.63597566","0"
"2025-07-11 11:15:04.000","0.66780305","0"
"2025-07-11 11:30:04.000","0.7925819","0"
"2025-07-11 11:45:04.000","0.87033844","0"
"2025-07-11 12:00:04.000","0.9964281","0"
"2025-07-11 12:15:04.000","1.0456042","0"
"2025-07-11 12:30:04.000","1.2187247","0"
"2025-07-11 12:45:04.000","1.2718569","0"
"2025-07-11 13:00:04.000","1.3506032","0"
"2025-07-11 13:15:04.000","1.2912557","0"
"2025-07-11 13:30:04.000","1.3033774","0"
"2025-07-11 13:45:04.000","1.3723925","0"
"2025-07-11 14:00:04.000","1.4207466","0"
"2025-07-11 14:15:04.000","1.5147443","0"
"2025-07-11 14:30:04.000","1.5694036","0"
"2025-07-11 14:45:04.000","1.7310349","0"
"2025-07-11 15:00:04.000","1.8379949","0"
"2025-07-11 15:15:04.000","1.8670474","0"
"2025-07-11 15:30:04.000","1.9160242","0"
"2025-07-11 15:45:04.000","1.9521406","0"
"2025-07-11 16:00:04.000","1.9716846","0"
"2025-07-11 16:15:04.000","1.8716336","0"
"2025-07-11 16:30:04.000","1.8808086","0"
"2025-07-11 16:45:04.000","1.7300572","0"
"2025-07-11 17:00:04.000","1.6306471","0"
"2025-07-11 17:15:04.000","1.5034802","0"
"2025-07-11 17:30:04.000","1.3626168","0"
"2025-07-11 17:45:04.000","1.1981758","0"
"2025-07-11 18:00:04.000","0.91121566","0"
"2025-07-11 18:15:04.000","0.5513412","0"
"2025-07-11 18:30:04.000","0.1589025","0"
"2025-07-11 18:45:04.000","0.33032408","0"
"2025-07-11 19:00:04.000","0.6543035","0"
"2025-07-11 19:15:04.000","0.5597857","0"
"2025-07-11 19:30:05.000","0.5180241","0"
"2025-07-11 19:45:04.000","0.5433986","0"
"2025-07-11 20:00:04.000","0.5801182","0"
"2025-07-11 20:15:04.000","0.59234625","0"
"2025-07-11 20:30:04.000","0.73642457","0"
"2025-07-11 20:45:05.000","0.8068093","0"
"2025-07-11 21:00:04.000","0.80715925","0"
"2025-07-11 21:15:04.000","0.9552769","0"
"2025-07-11 21:30:04.000","1.0160178","0"
"2025-07-11 21:45:04.000","1.0313032","0"
"2025-07-11 22:00:05.000","1.029031","0"
"2025-07-11 22:15:05.000","1.0451077","0"
"2025-07-11 22:30:05.000","1.1613377","0"
"2025-07-11 22:45:05.000","0.99631375","0"
"2025-07-11 23:00:05.000","1.0304666","0"
"2025-07-11 23:15:05.000","1.0691198","0"
"2025-07-11 23:30:05.000","0.894236","0"
"2025-07-11 23:45:05.000","0.83649564","0"
"2025-07-12 00:00:05.000","0.7856118","0"
"2025-07-12 00:15:05.000","0.60047984","0"
"2025-07-12 00:30:05.000","0.535945","0"
"2025-07-12 00:45:05.000","0.46196324","0"
"2025-07-12 01:00:05.000","0.27943513","0"
"2025-07-12 01:15:05.000","0.4101756","0"
"2025-07-12 01:30:05.000","0.336244","0"
"2025-07-12 01:45:05.000","0.27240598","0"
"2025-07-12 02:00:05.000","0.18369812","0"
"2025-07-12 02:15:05.000","0.111233994","0"
"2025-07-12 02:30:05.000","0.09563472","0"
"2025-07-12 02:45:05.000","0.127122","0"
"2025-07-12 03:00:05.000","0.08324062","0"
"2025-07-12 03:15:05.000","0.080721736","0"
"2025-07-12 03:30:05.000","0.16471186","0"
"2025-07-12 03:45:05.000","0.3310242","0"
"2025-07-12 04:00:05.000","0.31764758","0"
"2025-07-12 04:15:05.000","0.2616582","0"
"2025-07-12 04:30:05.000","0.19516659","0"
"2025-07-12 04:45:05.000","0.182784","0"
"2025-07-12 05:00:05.000","0.18895768","0"
"2025-07-12 05:15:05.000","0.22541739","0"
"2025-07-12 05:30:05.000","0.2202385","0"
"2025-07-12 05:45:05.000","0.20573041","0"
"2025-07-12 06:00:05.000","0.1609534","0"
"2025-07-12 06:15:05.000","0.14283559","0"
"2025-07-12 06:30:05.000","0.15","0"
"2025-07-12 06:45:05.000","0.130545","0"
"2025-07-12 07:00:05.000","0.10454665","0"
"2025-07-12 07:15:05.000","0.059615433","0"
"2025-07-12 07:30:04.000","0.042801872","0"
"2025-07-12 07:45:04.000","0.09135098","0"
"2025-07-12 08:00:04.000","0.16668834","0"
"2025-07-12 08:15:04.000","0.27908778","0"
"2025-07-12 08:30:04.000","0.3078782","0"
"2025-07-12 08:45:04.000","0.1946407","0"
"2025-07-12 09:00:04.000","0.113","0"
"2025-07-12 09:15:04.000","0.06477655","0"
"2025-07-12 09:30:04.000","0.14749238","0"
"2025-07-12 09:45:04.000","0.16440196","0"
"2025-07-12 10:00:04.000","0.13003461","0"
"2025-07-12 10:15:04.000","0.08969392","0"
"2025-07-12 10:30:04.000","0.30631518","0"
"2025-07-12 10:45:04.000","0.3679253","0"
"2025-07-12 11:00:04.000","0.31590506","0"
"2025-07-12 11:15:04.000","0.23913386","0"
"2025-07-12 11:30:04.000","0.23401926","0"
"2025-07-12 11:45:04.000","0.25340283","0"
"2025-07-12 12:00:04.000","0.505302","0"
"2025-07-12 12:15:04.000","0.53935605","0"
"2025-07-12 12:30:04.000","0.83880043","0"
"2025-07-12 12:45:04.000","1.0908941","0"
"2025-07-12 13:00:04.000","0.9821009","0"
"2025-07-12 13:15:04.000","1.0323759","0"
"2025-07-12 13:30:04.000","1.147774","0"
"2025-07-12 13:45:04.000","1.0808628","0"
"2025-07-12 14:00:04.000","1.2792811","0"
"2025-07-12 14:15:04.000","1.6287677","0"
"2025-07-12 14:30:04.000","1.6840934","0"
"2025-07-12 14:45:04.000","1.6851854","0"
"2025-07-12 15:00:04.000","1.6539409","0"
"2025-07-12 15:15:04.000","1.6734833","0"
"2025-07-12 15:30:04.000","1.7422384","0"
"2025-07-12 15:45:04.000","1.820493","0"
"2025-07-12 16:00:04.000","1.9094174","0"
"2025-07-12 16:15:04.000","1.9036024","0"
"2025-07-12 16:30:04.000","1.9244248","0"
"2025-07-12 16:45:04.000","1.8840817","0"
"2025-07-12 17:00:04.000","1.8164991","0"
"2025-07-12 17:15:04.000","1.7730612","0"
"2025-07-12 17:30:04.000","1.6616529","0"
"2025-07-12 17:45:04.000","1.557448","0"
"2025-07-12 18:00:04.000","1.381502","0"
"2025-07-12 18:15:04.000","1.0375689","0"
"2025-07-12 18:30:04.000","0.7951477","0"
"2025-07-12 18:45:04.000","0.6033921","0"
"2025-07-12 19:00:04.000","0.20711835","0"
"2025-07-12 19:15:04.000","0.21431053","0"
"2025-07-12 19:30:04.000","0.49924943","0"
"2025-07-12 19:45:04.000","0.6167089","0"
"2025-07-12 20:00:04.000","0.47765473","0"
"2025-07-12 20:15:04.000","0.39327604","0"
"2025-07-12 20:30:04.000","0.4228298","0"
"2025-07-12 20:45:04.000","0.55599016","0"
"2025-07-12 21:00:04.000","0.587368","0"
"2025-07-12 21:15:04.000","0.5688454","0"
"2025-07-12 21:30:04.000","0.7124746","0"
"2025-07-12 21:45:04.000","0.8104777","0"
"2025-07-12 22:00:04.000","0.92514443","0"
"2025-07-12 22:15:04.000","0.95021045","0"
"2025-07-12 22:30:04.000","1.0510931","0"
"2025-07-12 22:45:05.000","0.9871465","0"
"2025-07-12 23:00:05.000","1.0071445","0"
"2025-07-12 23:15:05.000","1.1239227","0"
"2025-07-12 23:30:05.000","1.0848527","0"
"2025-07-12 23:45:05.000","0.98054373","0"
"2025-07-13 00:00:05.000","0.9320022","0"
"2025-07-13 00:15:05.000","0.936329","0"
"2025-07-13 00:30:05.000","0.7934261","0"
"2025-07-13 00:45:05.000","0.74464554","0"
"2025-07-13 01:00:05.000","0.45930934","0"
"2025-07-13 01:15:05.000","0.38980255","0"
"2025-07-13 01:30:05.000","0.28717247","0"
"2025-07-13 01:45:05.000","0.21148287","0"
"2025-07-13 02:00:05.000","0.15147607","0"
"2025-07-13 02:15:05.000","0.10231812","0"
"2025-07-13 02:30:05.000","0.15344381","0"
"2025-07-13 02:45:05.000","0.081786305","0"
"2025-07-13 03:00:05.000","0.05688585","0"
"2025-07-13 03:15:05.000","0.1723514","0"
"2025-07-13 03:30:05.000","0.31658804","0"
"2025-07-13 03:45:05.000","0.36900544","0"
"2025-07-13 04:00:05.000","0.38897818","0"
"2025-07-13 04:15:05.000","0.297392","0"
"2025-07-13 04:30:05.000","0.1844397","0"
"2025-07-13 04:45:05.000","0.15961517","0"
"2025-07-13 05:00:05.000","0.23410471","0"
"2025-07-13 05:15:05.000","0.34590462","0"
"2025-07-13 05:30:05.000","0.59219337","0"
"2025-07-13 05:45:05.000","0.54971725","0"
"2025-07-13 06:00:05.000","0.4392357","0"
"2025-07-13 06:15:05.000","0.43853962","0"
"2025-07-13 06:30:05.000","0.26102108","0"
"2025-07-13 06:45:05.000","0.1866762","0"
"2025-07-13 07:00:05.000","0.10495712","0"
"2025-07-13 07:15:05.000","0.14026403","0"
"2025-07-13 07:30:05.000","0.12160592","0"
"2025-07-13 07:45:05.000","0.15060213","0"
"2025-07-13 08:00:05.000","0.1528398","0"
"2025-07-13 08:15:05.000","0.19024459","0"
"2025-07-13 08:30:05.000","0.17452219","0"
"2025-07-13 08:45:05.000","0.069892764","0"
"2025-07-13 09:00:05.000","0.08160883","0"
"2025-07-13 09:15:05.000","0.15121177","0"
"2025-07-13 09:30:05.000","0.08499999","0"
"2025-07-13 09:45:05.000","0.11800425","0"
"2025-07-13 10:00:05.000","0.114039466","0"
"2025-07-13 10:15:05.000","0.15662695","0"
"2025-07-13 10:30:05.000","0.08784645","0"
"2025-07-13 10:45:05.000","0.106174394","0"
"2025-07-13 11:00:05.000","0.054424256","0"
"2025-07-13 11:15:04.000","0.14718695","0"
"2025-07-13 11:30:04.000","0.061294377","0"
"2025-07-13 11:45:04.000","0.108166546","0"
"2025-07-13 12:00:04.000","0.27377546","0"
"2025-07-13 12:15:04.000","0.38298434","0"
"2025-07-13 12:30:04.000","0.4335032","0"
"2025-07-13 12:45:04.000","0.53788567","0"
"2025-07-13 13:00:04.000","0.66081774","0"
"2025-07-13 13:15:04.000","0.8130862","0"
"2025-07-13 13:30:04.000","0.8420606","0"
"2025-07-13 13:45:04.000","0.88703156","0"
"2025-07-13 14:00:04.000","1.0126544","0"
"2025-07-13 14:15:04.000","1.0930371","0"
"2025-07-13 14:30:04.000","1.175299","0"
"2025-07-13 14:45:04.000","1.2961347","0"
"2025-07-13 15:00:04.000","1.4013622","0"
"2025-07-13 15:15:04.000","1.3769869","0"
"2025-07-13 15:30:04.000","1.5308943","0"
"2025-07-13 15:45:04.000","1.6500001","0"
"2025-07-13 16:00:04.000","1.7460026","0"
"2025-07-13 16:15:04.000","1.8331223","0"
"2025-07-13 16:30:04.000","1.8545172","0"
"2025-07-13 16:45:04.000","1.8722247","0"
"2025-07-13 17:00:04.000","1.8548257","0"
"2025-07-13 17:15:04.000","1.8714014","0"
"2025-07-13 17:30:04.000","1.8323691","0"
"2025-07-13 17:45:04.000","1.7039347","0"
"2025-07-13 18:00:04.000","1.6567879","0"
"2025-07-13 18:15:04.000","1.4693935","0"
"2025-07-13 18:30:04.000","1.3996047","0"
"2025-07-13 18:45:04.000","1.1482358","0"
"2025-07-13 19:00:04.000","0.9190006","0"
"2025-07-13 19:15:04.000","0.5938258","0"
"2025-07-13 19:30:04.000","0.22727081","0"
"2025-07-13 19:45:04.000","0.1757868","0"
"2025-07-13 20:00:04.000","0.51119953","0"
"2025-07-13 20:15:04.000","0.64340115","0"
"2025-07-13 20:30:04.000","0.4220296","0"
"2025-07-13 20:45:04.000","0.3129281","0"
"2025-07-13 21:00:04.000","0.42418507","0"
"2025-07-13 21:15:04.000","0.55356485","0"
"2025-07-13 21:30:04.000","0.7213432","0"
"2025-07-13 21:45:04.000","0.7181093","0"
"2025-07-13 22:00:04.000","0.8270671","0"
"2025-07-13 22:15:04.000","0.76000273","0"
"2025-07-13 22:30:04.000","0.8519395","0"
"2025-07-13 22:45:04.000","0.9061992","0"
"2025-07-13 23:00:04.000","1.0188253","0"
"2025-07-13 23:15:04.000","1.0910006","0"
"2025-07-13 23:30:04.000","1.0590019","0"
"2025-07-13 23:45:04.000","1.0320586","0"
"2025-07-14 00:00:04.000","1.0647515","0"
"2025-07-14 00:15:04.000","1.0264584","0"
"2025-07-14 00:30:04.000","1.0480307","0"
"2025-07-14 00:45:04.000","0.96169907","0"
"2025-07-14 01:00:04.000","0.79342604","0"
"2025-07-14 01:15:04.000","0.6792592","0"
"2025-07-14 01:30:04.000","0.5284411","0"
"2025-07-14 01:45:04.000","0.33986026","0"
"2025-07-14 02:00:04.000","0.3115205","0"
"2025-07-14 02:15:04.000","0.28837648","0"
"2025-07-14 02:30:04.000","0.18469436","0"
"2025-07-14 02:45:04.000","0.20033972","0"
"2025-07-14 03:00:04.000","0.41268516","0"
"2025-07-14 03:15:04.000","0.35533226","0"
"2025-07-14 03:30:04.000","0.3040411","0"
"2025-07-14 03:45:05.000","0.24901806","0"
"2025-07-14 04:00:04.000","0.23549098","0"
"2025-07-14 04:15:04.000","0.2268237","0"
"2025-07-14 04:30:05.000","0.22968677","0"
"2025-07-14 04:45:05.000","0.27453232","0"
"2025-07-14 05:00:05.000","0.42404014","0"
"2025-07-14 05:15:05.000","0.6696723","0"
"2025-07-14 05:30:05.000","0.5458801","0"
"2025-07-14 05:45:05.000","0.5522264","0"
"2025-07-14 06:00:05.000","0.5499864","0"
"2025-07-14 06:15:05.000","0.52715456","0"
"2025-07-14 06:30:05.000","0.5610963","0"
"2025-07-14 06:45:05.000","0.47008297","0"
"2025-07-14 07:00:05.000","0.43838114","0"
"2025-07-14 07:15:05.000","0.3814132","0"
"2025-07-14 07:30:05.000","0.31781283","0"
"2025-07-14 07:45:05.000","0.13805073","0"
"2025-07-14 08:00:05.000","0.076896034","0"
"2025-07-14 08:15:05.000","0.1010198","0"
"2025-07-14 08:30:05.000","0.106404886","0"
"2025-07-14 08:45:05.000","0.13594852","0"
"2025-07-14 09:00:05.000","0.20941825","0"
"2025-07-14 09:15:05.000","0.17426991","0"
"2025-07-14 09:30:05.000","0.145561","0"
"2025-07-14 09:45:05.000","0.2142382","0"
"2025-07-14 10:00:05.000","0.1647574","0"
"2025-07-14 10:15:05.000","0.12544718","0"
"2025-07-14 10:30:05.000","0.14508621","0"
"2025-07-14 10:45:05.000","0.2425469","0"
"2025-07-14 11:00:05.000","0.25154325","0"
"2025-07-14 11:15:05.000","0.16595182","0"
"2025-07-14 11:30:05.000","0.17269628","0"
"2025-07-14 11:45:05.000","0.10907337","0"
"2025-07-14 12:00:05.000","0.14239384","0"
"2025-07-14 12:15:05.000","0.2818102","0"
"2025-07-14 12:30:05.000","0.2113575","0"
"2025-07-14 12:45:05.000","0.21560381","0"
"2025-07-14 13:00:05.000","0.23688817","0"
"2025-07-14 13:15:05.000","0.25770724","0"
"2025-07-14 13:30:05.000","0.24747726","0"
"2025-07-14 13:45:05.000","0.37985918","0"
"2025-07-14 14:00:05.000","0.6740186","0"
"2025-07-14 14:15:05.000","0.7102478","0"
"2025-07-14 14:30:05.000","1.0580004","0"
"2025-07-14 14:45:05.000","0.9696722","0"
"2025-07-14 15:00:05.000","1.1625706","0"
"2025-07-14 15:15:05.000","1.2321823","0"
"2025-07-14 15:30:04.000","1.2962054","0"
"2025-07-14 15:45:04.000","1.3078111","0"
"2025-07-14 16:00:04.000","1.3145908","0"
"2025-07-14 16:15:04.000","1.2881402","0"
"2025-07-14 16:30:04.000","1.3256941","0"
"2025-07-14 16:45:04.000","1.4448506","0"
"2025-07-14 17:00:04.000","1.4367425","0"
"2025-07-14 17:15:04.000","1.5201188","0"
"2025-07-14 17:30:04.000","1.4821633","0"
"2025-07-14 17:45:04.000","1.5113081","0"
"2025-07-14 18:00:04.000","1.5171477","0"
"2025-07-14 18:15:04.000","1.6045948","0"
"2025-07-14 18:30:04.000","1.441301","0"
"2025-07-14 18:45:04.000","1.3994472","0"
"2025-07-14 19:00:04.000","1.2690823","0"
"2025-07-14 19:15:04.000","1.1355528","0"
"2025-07-14 19:30:04.000","0.8704539","0"
"2025-07-14 19:45:04.000","0.67354655","0"
"2025-07-14 20:00:04.000","0.34683138","0"
"2025-07-14 20:15:04.000","0.2056818","0"
"2025-07-14 20:30:04.000","0.5941178","0"
"2025-07-14 20:45:04.000","0.55645037","0"
"2025-07-14 21:00:04.000","0.24191944","0"
"2025-07-14 21:15:04.000","0.3520227","0"
"2025-07-14 21:30:04.000","0.39493045","0"
"2025-07-14 21:45:04.000","0.41090396","0"
"2025-07-14 22:00:04.000","0.4347608","0"
"2025-07-14 22:15:04.000","0.55085844","0"
"2025-07-14 22:30:04.000","0.7090177","0"
"2025-07-14 22:45:04.000","0.7773622","0"
"2025-07-14 23:00:04.000","0.86900926","0"
"2025-07-14 23:15:04.000","1.065152","0"
"2025-07-14 23:30:04.000","1.0130242","0"
"2025-07-14 23:45:04.000","1.1291952","0"
"2025-07-15 00:00:04.000","1.094242","0"
"2025-07-15 00:15:04.000","1.0057181","0"
"2025-07-15 00:30:04.000","1.0550574","0"
"2025-07-15 00:45:04.000","1.1140364","0"
"2025-07-15 01:00:04.000","0.9170006","0"
"2025-07-15 01:15:04.000","1.0980041","0"
"2025-07-15 01:30:04.000","0.97903484","0"
"2025-07-15 01:45:04.000","0.8312413","0"
"2025-07-15 02:00:04.000","0.58860004","0"
"2025-07-15 02:15:04.000","0.713881","0"
"2025-07-15 02:30:04.000","0.5654423","0"
"2025-07-15 02:45:04.000","0.26963124","0"
"2025-07-15 03:00:04.000","0.23976032","0"
"2025-07-15 03:15:04.000","0.32889664","0"
"2025-07-15 03:30:04.000","0.27760586","0"
"2025-07-15 03:45:04.000","0.4023854","0"
"2025-07-15 04:00:04.000","0.50185657","0"
"2025-07-15 04:15:04.000","0.3826879","0"
"2025-07-15 04:30:04.000","0.24661711","0"
"2025-07-15 04:45:04.000","0.19309326","0"
"2025-07-15 05:00:04.000","0.26803353","0"
"2025-07-15 05:15:04.000","0.40360373","0"
"2025-07-15 05:30:04.000","0.52775466","0"
"2025-07-15 05:45:05.000","0.67223585","0"
"2025-07-15 06:00:04.000","0.84082407","0"
"2025-07-15 06:15:04.000","0.8945212","0"
"2025-07-15 06:30:04.000","0.8031253","0"
"2025-07-15 06:45:05.000","0.76406085","0"
"2025-07-15 07:00:04.000","0.75353175","0"
"2025-07-15 07:15:04.000","0.7930309","0"
"2025-07-15 07:30:04.000","0.5249152","0"
"2025-07-15 07:45:05.000","0.54071254","0"
"2025-07-15 08:00:04.000","0.48708323","0"
"2025-07-15 08:15:04.000","0.40147856","0"
"2025-07-15 08:30:04.000","0.3531402","0"
"2025-07-15 08:45:04.000","0.1804134","0"
"2025-07-15 09:00:05.000","0.2317089","0"
"2025-07-15 09:15:05.000","0.07340981","0"
"2025-07-15 09:30:05.000","0.25326863","0"
"2025-07-15 09:45:04.000","0.19797474","0"
"2025-07-15 10:00:05.000","0.30990317","0"
"2025-07-15 10:15:04.000","0.26110533","0"
"2025-07-15 10:30:05.000","0.17366636","0"
"2025-07-15 10:45:05.000","0.20905979","0"
"2025-07-15 11:00:05.000","0.16771999","0"
"2025-07-15 11:15:05.000","0.11287162","0"
"2025-07-15 11:30:05.000","0.14698641","0"
"2025-07-15 11:45:05.000","0.27118447","0"
"2025-07-15 12:00:05.000","0.13647345","0"
"2025-07-15 12:15:05.000","0.089308456","0"
"2025-07-15 12:30:05.000","0.06341136","0"
"2025-07-15 12:45:05.000","0.120602645","0"
"2025-07-15 13:00:05.000","0.15564704","0"
"2025-07-15 13:15:05.000","0.06935416","0"
"2025-07-15 13:30:05.000","0.03716181","0"
"2025-07-15 13:45:05.000","0.05787055","0"
"2025-07-15 14:00:05.000","0.1454132","0"
"2025-07-15 14:15:05.000","0.32340223","0"
"2025-07-15 14:30:05.000","0.4015981","0"
"2025-07-15 14:45:05.000","0.58216834","0"
"2025-07-15 15:00:05.000","0.68294805","0"
"2025-07-15 15:15:05.000","0.7609114","0"
"2025-07-15 15:30:05.000","0.8708647","0"
"2025-07-15 15:45:05.000","0.9226511","0"
"2025-07-15 16:00:05.000","0.898226","0"
"2025-07-15 16:15:05.000","0.94725406","0"
"2025-07-15 16:30:05.000","1.1191788","0"
"2025-07-15 16:45:05.000","1.1433653","0"
"2025-07-15 17:00:05.000","1.1968442","0"
"2025-07-15 17:15:05.000","1.1994842","0"
"2025-07-15 17:30:05.000","1.2166839","0"
"2025-07-15 17:45:05.000","1.1728153","0"
"2025-07-15 18:00:05.000","1.1798007","0"
"2025-07-15 18:15:05.000","1.237217","0"
"2025-07-15 18:30:05.000","1.187805","0"
"2025-07-15 18:45:05.000","1.1799395","0"
"2025-07-15 19:00:05.000","1.2262789","0"
"2025-07-15 19:15:05.000","1.1956123","0"
"2025-07-15 19:30:04.000","1.1168716","0"
"2025-07-15 19:45:04.000","0.89337337","0"
"2025-07-15 20:00:04.000","0.6735465","0"
"2025-07-15 20:15:04.000","0.5258479","0"
"2025-07-15 20:30:04.000","0.11241442","0"
"2025-07-15 20:45:04.000","0.24783264","0"
"2025-07-15 21:00:04.000","0.5998842","0"
"2025-07-15 21:15:04.000","0.55007726","0"
"2025-07-15 21:30:04.000","0.47940376","0"
"2025-07-15 21:45:04.000","0.33677292","0"
"2025-07-15 22:00:04.000","0.37549037","0"
"2025-07-15 22:15:04.000","0.42751846","0"
"2025-07-15 22:30:04.000","0.5279707","0"
"2025-07-15 22:45:04.000","0.54386497","0"
"2025-07-15 23:00:04.000","0.6682702","0"
"2025-07-15 23:15:04.000","0.76471245","0"
"2025-07-15 23:30:04.000","0.91452557","0"
"2025-07-15 23:45:04.000","0.64105004","0"
"2025-07-16 00:00:04.000","0.639","0"
"2025-07-16 00:15:04.000","0.6960582","0"
"2025-07-16 00:30:04.000","0.7411909","0"
"2025-07-16 00:45:04.000","0.7631475","0"
"2025-07-16 01:00:04.000","0.9290263","0"
"2025-07-16 01:15:04.000","0.8771117","0"
"2025-07-16 01:30:04.000","0.97118586","0"
"2025-07-16 01:45:04.000","0.75124025","0"
"2025-07-16 02:00:04.000","0.8222196","0"
"2025-07-16 02:15:04.000","0.7245723","0"
"2025-07-16 02:30:04.000","0.51782334","0"
"2025-07-16 02:45:04.000","0.32724604","0"
"2025-07-16 03:00:04.000","0.17281778","0"
"2025-07-16 03:15:04.000","0.24916258","0"
"2025-07-16 03:30:04.000","0.33986026","0"
"2025-07-16 03:45:04.000","0.35151818","0"
"2025-07-16 04:00:04.000","0.2679179","0"
"2025-07-16 04:15:04.000","0.23613557","0"
"2025-07-16 04:30:04.000","0.221822","0"
"2025-07-16 04:45:04.000","0.3034881","0"
"2025-07-16 05:00:04.000","0.48551825","0"
"2025-07-16 05:15:04.000","0.49840248","0"
"2025-07-16 05:30:04.000","0.5874564","0"
"2025-07-16 05:45:04.000","0.7217597","0"
"2025-07-16 06:00:04.000","0.7137338","0"
"2025-07-16 06:15:04.000","0.73067707","0"
"2025-07-16 06:30:04.000","0.91746444","0"
"2025-07-16 06:45:04.000","0.8430053","0"
"2025-07-16 07:00:04.000","0.90040976","0"
"2025-07-16 07:15:04.000","1.0603834","0"
"2025-07-16 07:30:04.000","1.1287161","0"
"2025-07-16 07:45:04.000","1.1239725","0"
"2025-07-16 08:00:04.000","1.0445297","0"
"2025-07-16 08:15:04.000","0.8802103","0"
"2025-07-16 08:30:04.000","0.88428515","0"
"2025-07-16 08:45:04.000","0.7060319","0"
"2025-07-16 09:00:04.000","0.5625158","0"
"2025-07-16 09:15:04.000","0.47004792","0"
"2025-07-16 09:30:04.000","0.35556298","0"
"2025-07-16 09:45:04.000","0.18470787","0"
"2025-07-16 10:00:04.000","0.111664675","0"
"2025-07-16 10:15:04.000","0.15966527","0"
"2025-07-16 10:30:04.000","0.20771134","0"
"2025-07-16 10:45:04.000","0.24871875","0"
"2025-07-16 11:00:04.000","0.26685205","0"
"2025-07-16 11:15:04.000","0.3300015","0"
"2025-07-16 11:30:04.000","0.27803957","0"
"2025-07-16 11:45:04.000","0.41353357","0"
"2025-07-16 12:00:04.000","0.19500256","0"
"2025-07-16 12:15:04.000","0.18847017","0"
"2025-07-16 12:30:04.000","0.18257052","0"
"2025-07-16 12:45:04.000","0.19866808","0"
"2025-07-16 13:00:04.000","0.21277687","0"
"2025-07-16 13:15:04.000","0.30004835","0"
"2025-07-16 13:30:04.000","0.34027785","0"
"2025-07-16 13:45:04.000","0.31324908","0"
"2025-07-16 14:00:04.000","0.2974307","0"
"2025-07-16 14:15:04.000","0.2635944","0"
"2025-07-16 14:30:04.000","0.20408332","0"
"2025-07-16 14:45:05.000","0.16002814","0"
"2025-07-16 15:00:05.000","0.29427877","0"
"2025-07-16 15:15:04.000","0.42042357","0"
"2025-07-16 15:30:04.000","0.5522617","0"
"2025-07-16 15:45:05.000","0.45461193","0"
"2025-07-16 16:00:05.000","0.47178492","0"
"2025-07-16 16:15:05.000","0.52577","0"
"2025-07-16 16:30:05.000","0.5845768","0"
"2025-07-16 16:45:05.000","0.63008726","0"
"2025-07-16 17:00:05.000","0.5817328","0"
"2025-07-16 17:15:05.000","0.6588004","0"
"2025-07-16 17:30:05.000","0.78746194","0"
"2025-07-16 17:45:05.000","0.94407195","0"
"2025-07-16 18:00:05.000","0.9817542","0"
"2025-07-16 18:15:05.000","0.9869777","0"
"2025-07-16 18:30:05.000","0.9565198","0"
"2025-07-16 18:45:05.000","0.79434633","0"
"2025-07-16 19:00:05.000","0.6746451","0"
"2025-07-16 19:15:05.000","0.588233","0"
"2025-07-16 19:30:05.000","0.56054705","0"
"2025-07-16 19:45:05.000","0.58587545","0"
"2025-07-16 20:00:05.000","0.6420919","0"
"2025-07-16 20:15:05.000","0.5230421","0"
"2025-07-16 20:30:05.000","0.41863236","0"
"2025-07-16 20:45:05.000","0.43197343","0"
"2025-07-16 21:00:05.000","0.19600001","0"
"2025-07-16 21:15:05.000","0.19567321","0"
"2025-07-16 21:30:05.000","0.40367323","0"
"2025-07-16 21:45:05.000","0.50965184","0"
"2025-07-16 22:00:05.000","0.7172517","0"
"2025-07-16 22:15:05.000","0.67012614","0"
"2025-07-16 22:30:05.000","0.27280033","0"
"2025-07-16 22:45:05.000","0.24738635","0"
"2025-07-16 23:00:05.000","0.44054967","0"
"2025-07-16 23:15:05.000","0.6415684","0"
"2025-07-16 23:30:05.000","0.65219635","0"
"2025-07-16 23:45:05.000","0.64044523","0"
"2025-07-17 00:00:05.000","0.7610421","0"
"2025-07-17 00:15:05.000","0.6930008","0"
"2025-07-17 00:30:05.000","0.73514426","0"
"2025-07-17 00:45:05.000","0.77534115","0"
"2025-07-17 01:00:05.000","0.73400265","0"
"2025-07-17 01:15:05.000","0.7436053","0"
"2025-07-17 01:30:05.000","0.8570584","0"
"2025-07-17 01:45:05.000","0.8133252","0"
"2025-07-17 02:00:05.000","0.70800287","0"
"2025-07-17 02:15:05.000","0.6070997","0"
"2025-07-17 02:30:05.000","0.539409","0"
"2025-07-17 02:45:05.000","0.31633207","0"
"2025-07-17 03:00:05.000","0.38380334","0"
"2025-07-17 03:15:04.000","0.32225615","0"
"2025-07-17 03:30:04.000","0.2786575","0"
"2025-07-17 03:45:04.000","0.21411212","0"
"2025-07-17 04:00:04.000","0.2754088","0"
"2025-07-17 04:15:04.000","0.45612833","0"
"2025-07-17 04:30:04.000","0.44857556","0"
"2025-07-17 04:45:04.000","0.40549353","0"
"2025-07-17 05:00:04.000","0.38560733","0"
"2025-07-17 05:15:04.000","0.42780024","0"
"2025-07-17 05:30:04.000","0.4314001","0"
"2025-07-17 05:45:04.000","0.55113065","0"
"2025-07-17 06:00:04.000","0.5610606","0"
"2025-07-17 06:15:04.000","0.61162406","0"
"2025-07-17 06:30:04.000","0.7629476","0"
"2025-07-17 06:45:04.000","1.1388135","0"
"2025-07-17 07:00:04.000","1.250354","0"
"2025-07-17 07:15:04.000","1.2012635","0"
"2025-07-17 07:30:04.000","1.0505103","0"
"2025-07-17 07:45:04.000","1.3234175","0"
"2025-07-17 08:00:04.000","1.1860914","0"
"2025-07-17 08:15:04.000","1.2245506","0"
"2025-07-17 08:30:04.000","1.1342597","0"
"2025-07-17 08:45:04.000","1.137183","0"
"2025-07-17 09:00:04.000","1.3996047","0"
"2025-07-17 09:15:04.000","1.2831533","0"
"2025-07-17 09:30:04.000","1.092034","0"
"2025-07-17 09:45:04.000","0.8900529","0"
"2025-07-17 10:00:04.000","0.7074072","0"
"2025-07-17 10:15:04.000","0.5040337","0"
"2025-07-17 10:30:04.000","0.36450654","0"
"2025-07-17 10:45:04.000","0.17889105","0"
"2025-07-17 11:00:04.000","0.07072482","0"
"2025-07-17 11:15:04.000","0.11819053","0"
"2025-07-17 11:30:04.000","0.1961632","0"
"2025-07-17 11:45:04.000","0.3086033","0"
"2025-07-17 12:00:04.000","0.27523082","0"
"2025-07-17 12:15:04.000","0.41717267","0"
"2025-07-17 12:30:04.000","0.2976928","0"
"2025-07-17 12:45:04.000","0.39656532","0"
"2025-07-17 13:00:04.000","0.32418665","0"
"2025-07-17 13:15:04.000","0.1669641","0"
"2025-07-17 13:30:04.000","0.15936437","0"
"2025-07-17 13:45:04.000","0.14673106","0"
"2025-07-17 14:00:04.000","0.13103437","0"
"2025-07-17 14:15:04.000","0.14951253","0"
"2025-07-17 14:30:04.000","0.17691806","0"
"2025-07-17 14:45:04.000","0.32829863","0"
"2025-07-17 15:00:04.000","0.24416798","0"
"2025-07-17 15:15:04.000","0.3357529","0"
"2025-07-17 15:30:04.000","0.36006942","0"
"2025-07-17 15:45:04.000","0.25894013","0"
"2025-07-17 16:00:04.000","0.11375851","0"
"2025-07-17 16:15:04.000","0.24550559","0"
"2025-07-17 16:30:04.000","0.24739647","0"
"2025-07-17 16:45:04.000","0.17418669","0"
"2025-07-17 17:00:04.000","0.029832872","0"
"2025-07-17 17:15:04.000","0.055758405","0"
"2025-07-17 17:30:04.000","0.2540177","0"
"2025-07-17 17:45:04.000","0.35562477","0"
"2025-07-17 18:00:04.000","0.32207456","0"
"2025-07-17 18:15:04.000","0.35886067","0"
"2025-07-17 18:30:04.000","0.46170336","0"
"2025-07-17 18:45:04.000","0.4994437","0"
"2025-07-17 19:00:04.000","0.47015956","0"
"2025-07-17 19:15:04.000","0.41320702","0"
"2025-07-17 19:30:04.000","0.43248352","0"
"2025-07-17 19:45:04.000","0.45102775","0"
"2025-07-17 20:00:04.000","0.52177584","0"
"2025-07-17 20:15:04.000","0.49064958","0"
"2025-07-17 20:30:04.000","0.5072002","0"
"2025-07-17 20:45:04.000","0.44294474","0"
"2025-07-17 21:00:04.000","0.41367266","0"
"2025-07-17 21:15:04.000","0.3499057","0"
"2025-07-17 21:30:04.000","0.1683152","0"
"2025-07-17 21:45:04.000","0.17557335","0"
"2025-07-17 22:00:05.000","0.35714424","0"
"2025-07-17 22:15:05.000","0.39100516","0"
"2025-07-17 22:30:05.000","0.4893312","0"
"2025-07-17 22:45:05.000","0.2663907","0"
"2025-07-17 23:00:05.000","0.25742185","0"
"2025-07-17 23:15:05.000","0.253002","0"
"2025-07-17 23:30:05.000","0.27930275","0"
"2025-07-17 23:45:05.000","0.28264645","0"
"2025-07-18 00:00:05.000","0.43757975","0"
"2025-07-18 00:15:05.000","0.38026968","0"
"2025-07-18 00:30:05.000","0.35643935","0"
"2025-07-18 00:45:05.000","0.39108187","0"
"2025-07-18 01:00:05.000","0.5620908","0"
"2025-07-18 01:15:05.000","0.5543041","0"
"2025-07-18 01:30:05.000","0.46052575","0"
"2025-07-18 01:45:05.000","0.6270511","0"
"2025-07-18 02:00:05.000","0.59975404","0"
"2025-07-18 02:15:05.000","0.6608246","0"
"2025-07-18 02:30:05.000","0.7081193","0"
"2025-07-18 02:45:05.000","0.6390148","0"
"2025-07-18 03:00:05.000","0.54257625","0"
"2025-07-18 03:15:05.000","0.44213685","0"
"2025-07-18 03:30:05.000","0.46542996","0"
"2025-07-18 03:45:05.000","0.3249923","0"
"2025-07-18 04:00:05.000","0.3322951","0"
"2025-07-18 04:15:05.000","0.26093104","0"
"2025-07-18 04:30:05.000","0.08697701","0"
"2025-07-18 04:45:05.000","0.33810353","0"
"2025-07-18 05:00:05.000","0.36095983","0"
"2025-07-18 05:15:05.000","0.5334904","0"
"2025-07-18 05:30:05.000","0.57684755","0"
"2025-07-18 05:45:05.000","0.5716161","0"
"2025-07-18 06:00:05.000","0.5816124","0"
"2025-07-18 06:15:05.000","0.6642966","0"
"2025-07-18 06:30:05.000","0.85736","0"
"2025-07-18 06:45:05.000","1.0392908","0"
"2025-07-18 07:00:05.000","1.1580231","0"
"2025-07-18 07:15:05.000","1.1791735","0"
"2025-07-18 07:30:05.000","1.3803942","0"
"2025-07-18 07:45:05.000","1.4497768","0"
"2025-07-18 08:00:05.000","1.5511217","0"
"2025-07-18 08:15:05.000","1.3948712","0"
"2025-07-18 08:30:05.000","1.6519684","0"
"2025-07-18 08:45:05.000","1.7124197","0"
"2025-07-18 09:00:05.000","1.8813307","0"
"2025-07-18 09:15:05.000","1.6937798","0"
"2025-07-18 09:30:05.000","1.6442302","0"
"2025-07-18 09:45:04.000","1.4729358","0"
"2025-07-18 10:00:04.000","1.4398836","0"
"2025-07-18 10:15:04.000","1.2998002","0"
"2025-07-18 10:30:04.000","1.1374592","0"
"2025-07-18 10:45:04.000","1.0909524","0"
"2025-07-18 11:00:04.000","0.9245217","0"
"2025-07-18 11:15:04.000","0.61347044","0"
"2025-07-18 11:30:04.000","0.33643124","0"
"2025-07-18 11:45:04.000","0.15809174","0"
"2025-07-18 12:00:04.000","0.104004815","0"
"2025-07-18 12:15:04.000","0.14337716","0"
"2025-07-18 12:30:04.000","0.21444115","0"
"2025-07-18 12:45:04.000","0.3737713","0"
"2025-07-18 13:00:04.000","0.33877426","0"
"2025-07-18 13:15:04.000","0.39700502","0"
"2025-07-18 13:30:04.000","0.3409296","0"
"2025-07-18 13:45:04.000","0.1805464","0"
"2025-07-18 14:00:04.000","0.1796942","0"
"2025-07-18 14:15:04.000","0.20865521","0"
"2025-07-18 14:30:04.000","0.24070938","0"
"2025-07-18 14:45:04.000","0.26891083","0"
"2025-07-18 15:00:04.000","0.57254606","0"
"2025-07-18 15:15:04.000","0.27181247","0"
"2025-07-18 15:30:04.000","0.29756683","0"
"2025-07-18 15:45:04.000","0.5860418","0"
"2025-07-18 16:00:04.000","0.5085666","0"
"2025-07-18 16:15:04.000","0.48700404","0"
"2025-07-18 16:30:04.000","0.19927117","0"
"2025-07-18 16:45:04.000","0.2894564","0"
"2025-07-18 17:00:04.000","0.1358308","0"
"2025-07-18 17:15:04.000","0.1425798","0"
"2025-07-18 17:30:04.000","0.09082402","0"
"2025-07-18 17:45:04.000","0.095","0"
"2025-07-18 18:00:04.000","0.082969874","0"
"2025-07-18 18:15:04.000","0.11962023","0"
"2025-07-18 18:30:04.000","0.19610453","0"
"2025-07-18 18:45:04.000","0.2914138","0"
"2025-07-18 19:00:04.000","0.26969615","0"
"2025-07-18 19:15:04.000","0.14676856","0"
"2025-07-18 19:30:04.000","0.11595259","0"
"2025-07-18 19:45:04.000","0.11910081","0"
"2025-07-18 20:00:04.000","0.0764853","0"
"2025-07-18 20:15:04.000","0.09219545","0"
"2025-07-18 20:30:04.000","0.09441399","0"
"2025-07-18 20:45:04.000","0.21414952","0"
"2025-07-18 21:00:04.000","0.25254905","0"
"2025-07-18 21:15:04.000","0.19725366","0"
"2025-07-18 21:30:04.000","0.1099318","0"
"2025-07-18 21:45:04.000","0.05412024","0"
"2025-07-18 22:00:04.000","0.0617171","0"
"2025-07-18 22:15:04.000","0.0760592","0"
"2025-07-18 22:30:04.000","0.06706714","0"
"2025-07-18 22:45:04.000","0.12306503","0"
"2025-07-18 23:00:04.000","0.13377595","0"
"2025-07-18 23:15:04.000","0.25047958","0"
"2025-07-18 23:30:04.000","0.45412","0"
"2025-07-18 23:45:04.000","0.47231877","0"
"2025-07-19 00:00:04.000","0.2902585","0"
"2025-07-19 00:15:05.000","0.24927491","0"
"2025-07-19 00:30:04.000","0.21375923","0"
"2025-07-19 00:45:04.000","0.23873836","0"
"2025-07-19 01:00:04.000","0.27405477","0"
"2025-07-19 01:15:04.000","0.27922928","0"
"2025-07-19 01:30:04.000","0.33248764","0"
"2025-07-19 01:45:04.000","0.42604226","0"
"2025-07-19 02:00:04.000","0.4512494","0"
"2025-07-19 02:15:04.000","0.5064781","0"
"2025-07-19 02:30:04.000","0.44875383","0"
"2025-07-19 02:45:04.000","0.5032187","0"
"2025-07-19 03:00:04.000","0.43687072","0"
"2025-07-19 03:15:04.000","0.41477942","0"
"2025-07-19 03:30:04.000","0.39147153","0"
"2025-07-19 03:45:05.000","0.3775725","0"
"2025-07-19 04:00:05.000","0.31334487","0"
"2025-07-19 04:15:05.000","0.28234908","0"
"2025-07-19 04:30:05.000","0.18445867","0"
"2025-07-19 04:45:05.000","0.16821711","0"
"2025-07-19 05:00:05.000","0.06989277","0"
"2025-07-19 05:15:05.000","0.25104782","0"
"2025-07-19 05:30:05.000","0.26836547","0"
"2025-07-19 05:45:05.000","0.32919297","0"
"2025-07-19 06:00:05.000","0.34242228","0"
"2025-07-19 06:15:05.000","0.34001318","0"
"2025-07-19 06:30:05.000","0.4545327","0"
"2025-07-19 06:45:05.000","0.43557087","0"
"2025-07-19 07:00:05.000","0.63369787","0"
"2025-07-19 07:15:05.000","0.9750514","0"
"2025-07-19 07:30:05.000","1.0850828","0"
"2025-07-19 07:45:05.000","1.2472795","0"
"2025-07-19 08:00:05.000","1.2852708","0"
"2025-07-19 08:15:05.000","1.2656641","0"
"2025-07-19 08:30:05.000","1.3438264","0"
"2025-07-19 08:45:05.000","1.4414161","0"
"2025-07-19 09:00:05.000","1.4629422","0"
"2025-07-19 09:15:05.000","1.7061214","0"
"2025-07-19 09:30:05.000","1.4418327","0"
"2025-07-19 09:45:05.000","1.5673068","0"
"2025-07-19 10:00:05.000","1.7016041","0"
"2025-07-19 10:15:05.000","1.6924921","0"
"2025-07-19 10:30:05.000","1.6775999","0"
"2025-07-19 10:45:05.000","1.6453724","0"
"2025-07-19 11:00:05.000","1.5515558","0"
"2025-07-19 11:15:05.000","1.4415582","0"
"2025-07-19 11:30:05.000","1.3863393","0"
"2025-07-19 11:45:05.000","1.2660698","0"
"2025-07-19 12:00:05.000","1.0865035","0"
"2025-07-19 12:15:05.000","0.7334099","0"
"2025-07-19 12:30:05.000","0.7632837","0"
"2025-07-19 12:45:05.000","0.5959095","0"
"2025-07-19 13:00:05.000","0.26448438","0"
"2025-07-19 13:15:05.000","0.15111916","0"
"2025-07-19 13:30:05.000","0.19159596","0"
"2025-07-19 13:45:05.000","0.34576586","0"
"2025-07-19 14:00:05.000","0.44315684","0"
"2025-07-19 14:15:05.000","0.28463486","0"
"2025-07-19 14:30:05.000","0.23058622","0"
"2025-07-19 14:45:05.000","0.28201598","0"
"2025-07-19 15:00:05.000","0.37619144","0"
"2025-07-19 15:15:05.000","0.42311817","0"
"2025-07-19 15:30:05.000","0.5740008","0"
"2025-07-19 15:45:05.000","0.36200142","0"
"2025-07-19 16:00:05.000","0.55252147","0"
"2025-07-19 16:15:05.000","0.5262138","0"
"2025-07-19 16:30:05.000","0.5633205","0"
"2025-07-19 16:45:05.000","0.5760139","0"
"2025-07-19 17:00:04.000","0.7670788","0"
"2025-07-19 17:15:04.000","0.52402383","0"
"2025-07-19 17:30:04.000","0.53641963","0"
"2025-07-19 17:45:04.000","0.59303033","0"
"2025-07-19 18:00:04.000","0.41323718","0"
"2025-07-19 18:15:04.000","0.42330247","0"
"2025-07-19 18:30:04.000","0.3520909","0"
"2025-07-19 18:45:04.000","0.35986945","0"
"2025-07-19 19:00:04.000","0.37065348","0"
"2025-07-19 19:15:04.000","0.25112748","0"
"2025-07-19 19:30:04.000","0.16866833","0"
"2025-07-19 19:45:04.000","0.15794303","0"
"2025-07-19 20:00:04.000","0.17600001","0"
"2025-07-19 20:15:04.000","0.30632335","0"
"2025-07-19 20:30:04.000","0.2750164","0"
"2025-07-19 20:45:04.000","0.20934422","0"
"2025-07-19 21:00:04.000","0.22986953","0"
"2025-07-19 21:15:04.000","0.24025194","0"
"2025-07-19 21:30:04.000","0.1510927","0"
"2025-07-19 21:45:04.000","0.117643535","0"
"2025-07-19 22:00:04.000","0.20052928","0"
"2025-07-19 22:15:04.000","0.2078942","0"
"2025-07-19 22:30:04.000","0.12165935","0"
"2025-07-19 22:45:04.000","0.17328878","0"
"2025-07-19 23:00:04.000","0.2701481","0"
"2025-07-19 23:15:04.000","0.210402","0"
"2025-07-19 23:30:04.000","0.2114923","0"
"2025-07-19 23:45:04.000","0.10378825","0"
"2025-07-20 00:00:04.000","0.08796592","0"
"2025-07-20 00:15:04.000","0.11754574","0"
"2025-07-20 00:30:04.000","0.17434736","0"
"2025-07-20 00:45:04.000","0.19079049","0"
"2025-07-20 01:00:04.000","0.30860975","0"
"2025-07-20 01:15:04.000","0.25874507","0"
"2025-07-20 01:30:04.000","0.19924863","0"
"2025-07-20 01:45:04.000","0.14797972","0"
"2025-07-20 02:00:04.000","0.10296117","0"
"2025-07-20 02:15:04.000","0.14893287","0"
"2025-07-20 02:30:04.000","0.38702062","0"
"2025-07-20 02:45:04.000","0.4200298","0"
"2025-07-20 03:00:04.000","0.42751846","0"
"2025-07-20 03:15:04.000","0.34349382","0"
"2025-07-20 03:30:04.000","0.35415393","0"
"2025-07-20 03:45:04.000","0.22940141","0"
"2025-07-20 04:00:04.000","0.28398943","0"
"2025-07-20 04:15:04.000","0.21612264","0"
"2025-07-20 04:30:04.000","0.22686121","0"
"2025-07-20 04:45:04.000","0.23368356","0"
"2025-07-20 05:00:04.000","0.23591526","0"
"2025-07-20 05:15:04.000","0.161623","0"
"2025-07-20 05:30:04.000","0.10965856","0"
"2025-07-20 05:45:04.000","0.060959004","0"
"2025-07-20 06:00:04.000","0.22303587","0"
"2025-07-20 06:15:04.000","0.26826295","0"
"2025-07-20 06:30:04.000","0.2563299","0"
"2025-07-20 06:45:04.000","0.36959705","0"
"2025-07-20 07:00:04.000","0.52405536","0"
"2025-07-20 07:15:04.000","0.62897456","0"
"2025-07-20 07:30:04.000","0.7013166","0"
"2025-07-20 07:45:04.000","0.93500006","0"
"2025-07-20 08:00:04.000","1.0653169","0"
"2025-07-20 08:15:04.000","1.1547277","0"
"2025-07-20 08:30:04.000","1.1850815","0"
"2025-07-20 08:45:04.000","1.3604885","0"
"2025-07-20 09:00:04.000","1.3761704","0"
"2025-07-20 09:15:05.000","1.4138176","0"
"2025-07-20 09:30:04.000","1.5856982","0"
"2025-07-20 09:45:04.000","1.7184769","0"
"2025-07-20 10:00:04.000","1.6703668","0"
"2025-07-20 10:15:04.000","1.6864948","0"
"2025-07-20 10:30:05.000","1.7850274","0"
"2025-07-20 10:45:05.000","1.8605196","0"
"2025-07-20 11:00:05.000","1.82832","0"
"2025-07-20 11:15:05.000","1.7437341","0"
"2025-07-20 11:30:05.000","1.5162458","0"
"2025-07-20 11:45:05.000","1.3387699","0"
"2025-07-20 12:00:05.000","1.4448472","0"
"2025-07-20 12:15:05.000","1.1866187","0"
"2025-07-20 12:30:05.000","1.2586501","0"
"2025-07-20 12:45:05.000","1.1739275","0"
"2025-07-20 13:00:05.000","1.164667","0"
"2025-07-20 13:15:05.000","0.95346326","0"
"2025-07-20 13:30:05.000","0.54433995","0"
"2025-07-20 13:45:05.000","0.45718378","0"
"2025-07-20 14:00:05.000","0.23380548","0"
"2025-07-20 14:15:05.000","0.07940403","0"
"2025-07-20 14:30:05.000","0.21772002","0"
"2025-07-20 14:45:05.000","0.49500713","0"
"2025-07-20 15:00:05.000","0.23873207","0"
"2025-07-20 15:15:05.000","0.54136956","0"
"2025-07-20 15:30:05.000","0.43014064","0"
"2025-07-20 15:45:05.000","0.330256","0"
"2025-07-20 16:00:05.000","0.3435259","0"
"2025-07-20 16:15:05.000","0.26491508","0"
"2025-07-20 16:30:05.000","0.34653857","0"
"2025-07-20 16:45:05.000","0.4278142","0"
"2025-07-20 17:00:05.000","0.45510986","0"
"2025-07-20 17:15:05.000","0.5830137","0"
"2025-07-20 17:30:05.000","0.684","0"
"2025-07-20 17:45:05.000","0.6320641","0"
"2025-07-20 18:00:05.000","0.49346527","0"
"2025-07-20 18:15:05.000","0.49330413","0"
"2025-07-20 18:30:05.000","0.5506042","0"
"2025-07-20 18:45:05.000","0.5218065","0"
"2025-07-20 19:00:05.000","0.46762913","0"
"2025-07-20 19:15:05.000","0.44254714","0"
"2025-07-20 19:30:05.000","0.4193805","0"
"2025-07-20 19:45:05.000","0.3690217","0"
"2025-07-20 20:00:05.000","0.37769037","0"
"2025-07-20 20:15:05.000","0.22747748","0"
"2025-07-20 20:30:05.000","0.32966197","0"
"2025-07-20 20:45:05.000","0.2343075","0"
"2025-07-20 21:00:05.000","0.18792021","0"
"2025-07-20 21:15:05.000","0.18612362","0"
"2025-07-20 21:30:05.000","0.21292491","0"
"2025-07-20 21:45:05.000","0.22041097","0"
"2025-07-20 22:00:05.000","0.23879907","0"
"2025-07-20 22:15:05.000","0.23447813","0"
"2025-07-20 22:30:05.000","0.23166353","0"
"2025-07-20 22:45:05.000","0.27236927","0"
"2025-07-20 23:00:05.000","0.2426211","0"
"2025-07-20 23:15:05.000","0.19185932","0"
"2025-07-20 23:30:04.000","0.14401388","0"
"2025-07-20 23:45:04.000","0.09291394","0"
